This file contains any messages produced by compilers while
running configure, to aid debugging if configure makes a mistake.

It was created by configure, which was
generated by GNU Autoconf 2.59.  Invocation command line was

  $ ../../gettext-0.14.4-src/gettext-tools/configure --prefix=c:/progra~1/Gettext --prefix=c:/progra~1/Gettext --srcdir=../gettext-0.14.4-src --disable-static --enable-shared --enable-relocatable --disable-libasprintf --cache-file=/dev/null --srcdir=../../gettext-0.14.4-src/gettext-tools

## --------- ##
## Platform. ##
## --------- ##

hostname = gamma
uname -m = i686
uname -r = 1.5.16(0.128/4/2)
uname -s = CYGWIN_NT-5.1
uname -v = 2005-04-25 20:26

/usr/bin/uname -p = unknown
/bin/uname -X     = unknown

/bin/arch              = unknown
/usr/bin/arch -k       = unknown
/usr/convex/getsysinfo = unknown
hostinfo               = unknown
/bin/machine           = unknown
/usr/bin/oslevel       = unknown
/bin/universe          = unknown

PATH: /cygdrive/h/mingw/3.3.1/bin
PATH: /usr/bin
PATH: /usr/local/bin
PATH: /cygdrive/e/util
PATH: /cygdrive/e/program files/gnuwin32/bin
PATH: /cygdrive/h/mingw/3.3.1/bin
PATH: /cygdrive/h/tex/bin/win32
PATH: /usr/bin
PATH: /cygdrive/c/WINDOWS/system32
PATH: /cygdrive/c/WINDOWS
PATH: /cygdrive/c/WINDOWS/System32/Wbem
PATH: /cygdrive/h/SFU/common/
PATH: /cygdrive/e/PROGRA~1/CvsNT
PATH: /cygdrive/e/Program Files/Sleepycat Software/Berkeley DB 4.3.28/bin
PATH: /cygdrive/e/Program Files/Sleepycat Software/Berkeley DB 4.3.28/bin/debug


## ----------- ##
## Core tests. ##
## ----------- ##

configure:1435: loading site script k:/config.site
| # These two variables are required, otherwise looking for
| # programs along the PATH will not work.
| PATH_SEPARATOR=:
| PATH_EXPAND=y
| PWD=`pwd.sh`
| 
| # This is required in for "test -f foo" to find foo.exe
| export TEST_FINDS_EXE=y
| 
| # Install programs
| INSTALL=${INSTALL:='/bin/install.exe -cp'}
| INSTALL_DATA=${INSTALL_DATA:='/bin/install.exe -cp'}
| INSTALL_PROGRAM=${INSTALL_PROGRAM:='/bin/install.exe -cp'}
| 
| # Do not detect fork even if a stub is provided
| ac_cv_func_fork=no
| ac_cv_func_vfork=no
| 
| ac_cv_func_fchdir=no
| 
| # Detect socket functions 
| ac_cv_func_gethostbyname=${ac_cv_func_gethostbyname:=yes}
| ac_cv_func_inet_ntoa=${ac_cv_func_inet_ntoa:=yes}
| ac_cv_func_gethostbyaddr=${ac_cv_func_gethostbyaddr:=yes}
| ac_cv_func_gethostname=${ac_cv_func_gethostname:=yes}
| ac_cv_func_connect=${ac_cv_func_connect:=yes}
| 
| ac_cv_func_ftruncate=${ac_cv_func_ftruncate:=yes}
| ac_cv_func_mkstemp=${ac_cv_func_mkstemp:=yes}
| ac_cv_var_tzname=${ac_cv_var_tzname:=yes}
| ac_cv_func_working_mktime=${ac_cv_func_working_mktime:=yes}
| 
| ac_cv_sys_file_offset_bits=${ac_cv_sys_file_offset_bits:=64}
| ac_cv_sys_large_files=${ac_cv_sys_large_files:=1}
| ac_cv_sys_largefile_source=${ac_cv_sys_largefile_source:=1}
| enable_largefile=${enable_largefile:=yes}
| 
| gl_cv_func_getcwd_null=${gl_cv_func_getcwd_null:=yes}
| 
| # These are set here so the generated libtool will be good
| # for every installation, not only the one where the
| # package was configured.
| NM=${NM='nm'}
| LD=${LD='ld'}
| 
| # Force the test for 'ln -s' to report 'cp -fp'.
| ac_cv_prog_LN_S=${ac_cv_prog_LN_S:='cp -fp'}
| cl_cv_prog_LN=${cl_cv_prog_LN:='cp -fp'}
| cl_cv_prog_LN_S=${cl_cv_prog_LN_S:='cp -fp'}
| LN_S=${LN_S:='cp -fp'}
| LN=${LN:='cp -fp'}
| 
| ac_executable_extensions=${ac_executable_extensions:='.exe'}
| EXEEXT=${EXEEXT:='.exe'}
| EXE=${EXE:='.exe'}
| exeext=${exeext:='.exe'}
| 
| CC=${CC:=gcc}
| CXX=${CXX:=g++}
| #HOST_CC=gcc
| 
| GLIBCINCDIR=${GLIBCINCDIR=h:/glibc/include}
| if [ "$GLIBCINCDIR" != "" ]; then
| 	GLIBCINCL="-idirafter $GLIBCINCDIR"
| fi
| GNUWIN32DIR=${GNUWIN32DIR=e:/progra~1/gnuwin32}
| if [ "$GNUWIN32DIR" != "" ]; then
| 	GNUWIN32INCL="-idirafter $GNUWIN32DIR/include"
| 	GNUWIN32LIBS="-L$GNUWIN32DIR/lib -lgw32c"
| else
| 	enable_nls=no
| fi
| 
| STDEFS=${STDEFS=-D__GW32__ -D_LARGEFILE_SOURCE=1 -D_LARGEFILE64_SOURCE=1 -D_FILE_OFFSET_BITS=64}
| # -D__GTHREAD_HIDE_WIN32API
| DEFS=${DEFS= $STDEFS $DEFSPLUS }
| DEFINES=${DEFINES= $DEFS $DEFINESPLUS }
| INCLUDES=${INCLUDES= $INCLUDESPLUS $GNUWIN32INCL $GLIBCINCL }
| STCFLAGS=${STCFLAGS=-Wall -O3 -fms-extensions -mms-bitfields  -fno-exceptions -fomit-frame-pointer -march=i386 -mcpu=i686}
| CFLAGS=${CFLAGS= $STCFLAGS $CFLAGSPLUS }
| # -fnative-struct 
| 
| CXXFLAGS=${CXXFLAGS= $CFLAGS  -fconserve-space -fno-rtti $CXXFLAGSPLUS }
| CPPFLAGS=${CPPFLAGS= $DEFS $INCLUDES $CPPFLAGSPLUS }
| 
| STLDFLAGS=${STLDFLAGS=-Wl,-s -Wl,--force-exe-suffix -Wl,--enable-auto-import -Wl,--enable-runtime-pseudo-reloc -Wl,--allow-multiple-definition}
| LDFLAGS=${LDFLAGS= $STLDFLAGS $LDFLAGSPLUS }
| STLIBS=${STLIBS=$GNUWIN32LIBS  -liberty -lintl -liconv -lwsock32 -lole32 -luuid -lmsvcp60 }
| LIBS=${LIBS= -Wl,-s $LIBSPLUS $STLIBS }
| # 
| 
| host=${host:='i386-pc-mingw32'}
| build=${build:=$host}
| target=${target:=$host}
| host_alias=${host_alias:=$host}
| build_alias=${build_alias:=$build}
| target_alias=${target_alias:=$target}
| # The default values for transforming the program names cannot be the same
| # as the autoconf variables since these are set by configure before
| # config.site is read
| program_transform_name=${prog_transform_name:='s/i386-pc-mingw32//'}
| program_prefix=${prog_prefix:=''}
| program_suffix=${prog_suffix:=''}
| 
| # the following lines should ensure that NLS is used
| # by means of separate libintl instead of
| # the libintl provided with the package
| with_included_gettext=${with_included_gettext:=no}
| enable_nls=${enable_nls:=yes}
| nls_cv_use_gnu_gettext=${nls_cv_use_gnu_gettext:=yes}
| USE_NLS=${USE_NLS:=yes}
| LIBINTL=${LIBINTL:=' -lintl '}
| LTLIBINTL=${LTLIBINTL:=' -lintl '}
| BUILD_INCLUDED_LIBINTL=${BUILD_INCLUDED_LIBINTL:=no}
| USE_INCLUDED_LIBINTL=${USE_INCLUDED_LIBINTL:=no}
| 
| test "$prefix" = NONE && prefix=$PACKAGE_TARNAME
| prefix=${prefix:=c:/progra~1/GnuWin32}
configure:1575: checking for a BSD-compatible install
configure:1630: result: /bin/install.exe -cp
configure:1641: checking whether build environment is sane
configure:1684: result: yes
configure:1749: checking for gawk
configure:1765: found /usr/bin/gawk
configure:1775: result: gawk
configure:1785: checking whether make sets $(MAKE)
configure:1805: result: yes
configure:2028: checking for gcc
configure:2054: result: gcc
configure:2298: checking for C compiler version
configure:2301: gcc --version </dev/null >&5
gcc.exe (GCC) 3.3.1 (mingw special 20030804-1)
Copyright (C) 2003 Free Software Foundation, Inc.
This is free software; see the source for copying conditions.  There is NO
warranty; not even for MERCHANTABILITY or FITNESS FOR A PARTICULAR PURPOSE.

configure:2304: $? = 0
configure:2306: gcc -v </dev/null >&5
Reading specs from h:/mingw/3.3.1/bin/../lib/gcc-lib/mingw32/3.3.1/specs
Configured with: ../gcc/configure --with-gcc --with-gnu-ld --with-gnu-as --host=mingw32 --target=mingw32 --prefix=/mingw --enable-threads --disable-nls --enable-languages=c,c++,f77,objc,ada,java --disable-win32-registry --disable-shared --enable-sjlj-exceptions --enable-libgcj --disable-java-awt --without-x --enable-java-gc=boehm --disable-libgcj-debug --enable-interpreter --enable-hash-synchronization
Thread model: win32
gcc version 3.3.1 (mingw special 20030804-1)
configure:2309: $? = 0
configure:2311: gcc -V </dev/null >&5
gcc.exe: `-V' option must have argument
configure:2314: $? = 1
configure:2337: checking for C compiler default output file name
configure:2340: gcc  -Wall -O3 -fms-extensions -mms-bitfields  -fno-exceptions -fomit-frame-pointer -march=i386 -mcpu=i686     -D__GW32__ -D_LARGEFILE_SOURCE=1 -D_LARGEFILE64_SOURCE=1 -D_FILE_OFFSET_BITS=64 -D_MSC_VER    -idirafter e:/progra~1/gnuwin32/include -idirafter h:/glibc/include     -Wl,-s -Wl,--force-exe-suffix -Wl,--enable-auto-import -Wl,--enable-runtime-pseudo-reloc -Wl,--allow-multiple-definition   conftest.c  -Wl,-s  -Le:/progra~1/gnuwin32/lib -lgw32c  -liberty -lintl -liconv -lwsock32 -lole32 -luuid -lmsvcp60   >&5
configure:2343: $? = 0
configure:2389: result: a.exe
configure:2394: checking whether the C compiler works
configure:2400: ./a.exe
configure:2403: $? = 0
configure:2420: result: yes
configure:2427: checking whether we are cross compiling
configure:2429: result: no
configure:2432: checking for suffix of executables
configure:2434: gcc -o conftest.exe  -Wall -O3 -fms-extensions -mms-bitfields  -fno-exceptions -fomit-frame-pointer -march=i386 -mcpu=i686     -D__GW32__ -D_LARGEFILE_SOURCE=1 -D_LARGEFILE64_SOURCE=1 -D_FILE_OFFSET_BITS=64 -D_MSC_VER    -idirafter e:/progra~1/gnuwin32/include -idirafter h:/glibc/include     -Wl,-s -Wl,--force-exe-suffix -Wl,--enable-auto-import -Wl,--enable-runtime-pseudo-reloc -Wl,--allow-multiple-definition   conftest.c  -Wl,-s  -Le:/progra~1/gnuwin32/lib -lgw32c  -liberty -lintl -liconv -lwsock32 -lole32 -luuid -lmsvcp60   >&5
configure:2437: $? = 0
configure:2462: result: .exe
configure:2468: checking for suffix of object files
configure:2489: gcc -c  -Wall -O3 -fms-extensions -mms-bitfields  -fno-exceptions -fomit-frame-pointer -march=i386 -mcpu=i686     -D__GW32__ -D_LARGEFILE_SOURCE=1 -D_LARGEFILE64_SOURCE=1 -D_FILE_OFFSET_BITS=64 -D_MSC_VER    -idirafter e:/progra~1/gnuwin32/include -idirafter h:/glibc/include    conftest.c >&5
configure:2492: $? = 0
configure:2514: result: o
configure:2518: checking whether we are using the GNU C compiler
configure:2542: gcc -c  -Wall -O3 -fms-extensions -mms-bitfields  -fno-exceptions -fomit-frame-pointer -march=i386 -mcpu=i686     -D__GW32__ -D_LARGEFILE_SOURCE=1 -D_LARGEFILE64_SOURCE=1 -D_FILE_OFFSET_BITS=64 -D_MSC_VER    -idirafter e:/progra~1/gnuwin32/include -idirafter h:/glibc/include    conftest.c >&5
configure:2548: $? = 0
configure:2552: test -z 
			 || test ! -s conftest.err
configure:2555: $? = 0
configure:2558: test -s conftest.o
configure:2561: $? = 0
configure:2574: result: yes
configure:2580: checking whether gcc accepts -g
configure:2601: gcc -c -g   -D__GW32__ -D_LARGEFILE_SOURCE=1 -D_LARGEFILE64_SOURCE=1 -D_FILE_OFFSET_BITS=64 -D_MSC_VER    -idirafter e:/progra~1/gnuwin32/include -idirafter h:/glibc/include    conftest.c >&5
configure:2607: $? = 0
configure:2611: test -z 
			 || test ! -s conftest.err
configure:2614: $? = 0
configure:2617: test -s conftest.o
configure:2620: $? = 0
configure:2631: result: yes
configure:2648: checking for gcc option to accept ANSI C
configure:2718: gcc  -c  -Wall -O3 -fms-extensions -mms-bitfields  -fno-exceptions -fomit-frame-pointer -march=i386 -mcpu=i686     -D__GW32__ -D_LARGEFILE_SOURCE=1 -D_LARGEFILE64_SOURCE=1 -D_FILE_OFFSET_BITS=64 -D_MSC_VER    -idirafter e:/progra~1/gnuwin32/include -idirafter h:/glibc/include    conftest.c >&5
configure:2724: $? = 0
configure:2728: test -z 
			 || test ! -s conftest.err
configure:2731: $? = 0
configure:2734: test -s conftest.o
configure:2737: $? = 0
configure:2755: result: none needed
configure:2773: gcc -c  -Wall -O3 -fms-extensions -mms-bitfields  -fno-exceptions -fomit-frame-pointer -march=i386 -mcpu=i686     -D__GW32__ -D_LARGEFILE_SOURCE=1 -D_LARGEFILE64_SOURCE=1 -D_FILE_OFFSET_BITS=64 -D_MSC_VER    -idirafter e:/progra~1/gnuwin32/include -idirafter h:/glibc/include    conftest.c >&5
conftest.c:2: error: parse error before "me"
configure:2779: $? = 1
configure: failed program was:
| #ifndef __cplusplus
|   choke me
| #endif
configure:2923: checking for style of include used by make
configure:2951: result: GNU
configure:2979: checking dependency style of gcc
configure:3069: result: none
configure:3099: checking for a BSD-compatible install
configure:3154: result: /bin/install.exe -cp
configure:3169: checking for bison
configure:3185: found /usr/bin/bison
configure:3195: result: bison -y
configure:3211: checking for Java to native code compiler
configure:3294: result: none
configure:3318: checking how to run the C preprocessor
configure:3353: gcc -E   -D__GW32__ -D_LARGEFILE_SOURCE=1 -D_LARGEFILE64_SOURCE=1 -D_FILE_OFFSET_BITS=64 -D_MSC_VER    -idirafter e:/progra~1/gnuwin32/include -idirafter h:/glibc/include    conftest.c
configure:3359: $? = 0
configure:3391: gcc -E   -D__GW32__ -D_LARGEFILE_SOURCE=1 -D_LARGEFILE64_SOURCE=1 -D_FILE_OFFSET_BITS=64 -D_MSC_VER    -idirafter e:/progra~1/gnuwin32/include -idirafter h:/glibc/include    conftest.c
conftest.c:11:28: ac_nonexistent.h: No such file or directory
configure:3397: $? = 1
configure: failed program was:
| /* confdefs.h.  */
| 
| #define PACKAGE_NAME ""
| #define PACKAGE_TARNAME ""
| #define PACKAGE_VERSION ""
| #define PACKAGE_STRING ""
| #define PACKAGE_BUGREPORT ""
| #define PACKAGE "gettext-tools"
| #define VERSION "0.14.4"
| /* end confdefs.h.  */
| #include <ac_nonexistent.h>
configure:3436: result: gcc -E
configure:3460: gcc -E   -D__GW32__ -D_LARGEFILE_SOURCE=1 -D_LARGEFILE64_SOURCE=1 -D_FILE_OFFSET_BITS=64 -D_MSC_VER    -idirafter e:/progra~1/gnuwin32/include -idirafter h:/glibc/include    conftest.c
configure:3466: $? = 0
configure:3498: gcc -E   -D__GW32__ -D_LARGEFILE_SOURCE=1 -D_LARGEFILE64_SOURCE=1 -D_FILE_OFFSET_BITS=64 -D_MSC_VER    -idirafter e:/progra~1/gnuwin32/include -idirafter h:/glibc/include    conftest.c
conftest.c:11:28: ac_nonexistent.h: No such file or directory
configure:3504: $? = 1
configure: failed program was:
| /* confdefs.h.  */
| 
| #define PACKAGE_NAME ""
| #define PACKAGE_TARNAME ""
| #define PACKAGE_VERSION ""
| #define PACKAGE_STRING ""
| #define PACKAGE_BUGREPORT ""
| #define PACKAGE "gettext-tools"
| #define VERSION "0.14.4"
| /* end confdefs.h.  */
| #include <ac_nonexistent.h>
configure:3548: checking for egrep
configure:3558: result: grep -E
configure:3564: checking for Java compiler
configure:3744: result: no
configure:3755: checking for jar
configure:3784: result: no
configure:3796: checking for Java virtual machine
configure:3871: found /cygdrive/c/WINDOWS/system32/java
configure:3935: found /cygdrive/c/WINDOWS/system32/jview
configure:3984: result: java
configure:4002: checking for preferred C# implementation
configure:4012: result: any
configure:4033: checking for C# compiler
configure:4166: result: no
configure:4181: checking for C# program execution engine
configure:4293: result: no
configure:4313: checking build system type
configure:4331: result: i386-pc-mingw32
configure:4339: checking host system type
configure:4353: result: i386-pc-mingw32
configure:4362: checking for library containing strerror
configure:4392: gcc -o conftest.exe  -Wall -O3 -fms-extensions -mms-bitfields  -fno-exceptions -fomit-frame-pointer -march=i386 -mcpu=i686     -D__GW32__ -D_LARGEFILE_SOURCE=1 -D_LARGEFILE64_SOURCE=1 -D_FILE_OFFSET_BITS=64 -D_MSC_VER    -idirafter e:/progra~1/gnuwin32/include -idirafter h:/glibc/include     -Wl,-s -Wl,--force-exe-suffix -Wl,--enable-auto-import -Wl,--enable-runtime-pseudo-reloc -Wl,--allow-multiple-definition   conftest.c  -Wl,-s  -Le:/progra~1/gnuwin32/lib -lgw32c  -liberty -lintl -liconv -lwsock32 -lole32 -luuid -lmsvcp60   >&5
configure:4398: $? = 0
configure:4402: test -z 
			 || test ! -s conftest.err
configure:4405: $? = 0
configure:4408: test -s conftest.exe
configure:4411: $? = 0
configure:4481: result: none required
configure:4499: checking for AIX
configure:4521: result: no
configure:4527: checking for ANSI C header files
configure:4552: gcc -c  -Wall -O3 -fms-extensions -mms-bitfields  -fno-exceptions -fomit-frame-pointer -march=i386 -mcpu=i686     -D__GW32__ -D_LARGEFILE_SOURCE=1 -D_LARGEFILE64_SOURCE=1 -D_FILE_OFFSET_BITS=64 -D_MSC_VER    -idirafter e:/progra~1/gnuwin32/include -idirafter h:/glibc/include    conftest.c >&5
configure:4558: $? = 0
configure:4562: test -z 
			 || test ! -s conftest.err
configure:4565: $? = 0
configure:4568: test -s conftest.o
configure:4571: $? = 0
configure:4657: gcc -o conftest.exe  -Wall -O3 -fms-extensions -mms-bitfields  -fno-exceptions -fomit-frame-pointer -march=i386 -mcpu=i686     -D__GW32__ -D_LARGEFILE_SOURCE=1 -D_LARGEFILE64_SOURCE=1 -D_FILE_OFFSET_BITS=64 -D_MSC_VER    -idirafter e:/progra~1/gnuwin32/include -idirafter h:/glibc/include     -Wl,-s -Wl,--force-exe-suffix -Wl,--enable-auto-import -Wl,--enable-runtime-pseudo-reloc -Wl,--allow-multiple-definition   conftest.c  -Wl,-s  -Le:/progra~1/gnuwin32/lib -lgw32c  -liberty -lintl -liconv -lwsock32 -lole32 -luuid -lmsvcp60   >&5
conftest.c: In function `main':
conftest.c:29: warning: implicit declaration of function `exit'
configure:4660: $? = 0
configure:4662: ./conftest.exe
configure:4665: $? = 0
configure:4680: result: yes
configure:4704: checking for sys/types.h
configure:4720: gcc -c  -Wall -O3 -fms-extensions -mms-bitfields  -fno-exceptions -fomit-frame-pointer -march=i386 -mcpu=i686     -D__GW32__ -D_LARGEFILE_SOURCE=1 -D_LARGEFILE64_SOURCE=1 -D_FILE_OFFSET_BITS=64 -D_MSC_VER    -idirafter e:/progra~1/gnuwin32/include -idirafter h:/glibc/include    conftest.c >&5
configure:4726: $? = 0
configure:4730: test -z 
			 || test ! -s conftest.err
configure:4733: $? = 0
configure:4736: test -s conftest.o
configure:4739: $? = 0
configure:4750: result: yes
configure:4704: checking for sys/stat.h
configure:4720: gcc -c  -Wall -O3 -fms-extensions -mms-bitfields  -fno-exceptions -fomit-frame-pointer -march=i386 -mcpu=i686     -D__GW32__ -D_LARGEFILE_SOURCE=1 -D_LARGEFILE64_SOURCE=1 -D_FILE_OFFSET_BITS=64 -D_MSC_VER    -idirafter e:/progra~1/gnuwin32/include -idirafter h:/glibc/include    conftest.c >&5
configure:4726: $? = 0
configure:4730: test -z 
			 || test ! -s conftest.err
configure:4733: $? = 0
configure:4736: test -s conftest.o
configure:4739: $? = 0
configure:4750: result: yes
configure:4704: checking for stdlib.h
configure:4720: gcc -c  -Wall -O3 -fms-extensions -mms-bitfields  -fno-exceptions -fomit-frame-pointer -march=i386 -mcpu=i686     -D__GW32__ -D_LARGEFILE_SOURCE=1 -D_LARGEFILE64_SOURCE=1 -D_FILE_OFFSET_BITS=64 -D_MSC_VER    -idirafter e:/progra~1/gnuwin32/include -idirafter h:/glibc/include    conftest.c >&5
configure:4726: $? = 0
configure:4730: test -z 
			 || test ! -s conftest.err
configure:4733: $? = 0
configure:4736: test -s conftest.o
configure:4739: $? = 0
configure:4750: result: yes
configure:4704: checking for string.h
configure:4720: gcc -c  -Wall -O3 -fms-extensions -mms-bitfields  -fno-exceptions -fomit-frame-pointer -march=i386 -mcpu=i686     -D__GW32__ -D_LARGEFILE_SOURCE=1 -D_LARGEFILE64_SOURCE=1 -D_FILE_OFFSET_BITS=64 -D_MSC_VER    -idirafter e:/progra~1/gnuwin32/include -idirafter h:/glibc/include    conftest.c >&5
configure:4726: $? = 0
configure:4730: test -z 
			 || test ! -s conftest.err
configure:4733: $? = 0
configure:4736: test -s conftest.o
configure:4739: $? = 0
configure:4750: result: yes
configure:4704: checking for memory.h
configure:4720: gcc -c  -Wall -O3 -fms-extensions -mms-bitfields  -fno-exceptions -fomit-frame-pointer -march=i386 -mcpu=i686     -D__GW32__ -D_LARGEFILE_SOURCE=1 -D_LARGEFILE64_SOURCE=1 -D_FILE_OFFSET_BITS=64 -D_MSC_VER    -idirafter e:/progra~1/gnuwin32/include -idirafter h:/glibc/include    conftest.c >&5
configure:4726: $? = 0
configure:4730: test -z 
			 || test ! -s conftest.err
configure:4733: $? = 0
configure:4736: test -s conftest.o
configure:4739: $? = 0
configure:4750: result: yes
configure:4704: checking for strings.h
configure:4720: gcc -c  -Wall -O3 -fms-extensions -mms-bitfields  -fno-exceptions -fomit-frame-pointer -march=i386 -mcpu=i686     -D__GW32__ -D_LARGEFILE_SOURCE=1 -D_LARGEFILE64_SOURCE=1 -D_FILE_OFFSET_BITS=64 -D_MSC_VER    -idirafter e:/progra~1/gnuwin32/include -idirafter h:/glibc/include    conftest.c >&5
configure:4726: $? = 0
configure:4730: test -z 
			 || test ! -s conftest.err
configure:4733: $? = 0
configure:4736: test -s conftest.o
configure:4739: $? = 0
configure:4750: result: yes
configure:4704: checking for inttypes.h
configure:4720: gcc -c  -Wall -O3 -fms-extensions -mms-bitfields  -fno-exceptions -fomit-frame-pointer -march=i386 -mcpu=i686     -D__GW32__ -D_LARGEFILE_SOURCE=1 -D_LARGEFILE64_SOURCE=1 -D_FILE_OFFSET_BITS=64 -D_MSC_VER    -idirafter e:/progra~1/gnuwin32/include -idirafter h:/glibc/include    conftest.c >&5
configure:4726: $? = 0
configure:4730: test -z 
			 || test ! -s conftest.err
configure:4733: $? = 0
configure:4736: test -s conftest.o
configure:4739: $? = 0
configure:4750: result: yes
configure:4704: checking for stdint.h
configure:4720: gcc -c  -Wall -O3 -fms-extensions -mms-bitfields  -fno-exceptions -fomit-frame-pointer -march=i386 -mcpu=i686     -D__GW32__ -D_LARGEFILE_SOURCE=1 -D_LARGEFILE64_SOURCE=1 -D_FILE_OFFSET_BITS=64 -D_MSC_VER    -idirafter e:/progra~1/gnuwin32/include -idirafter h:/glibc/include    conftest.c >&5
configure:4726: $? = 0
configure:4730: test -z 
			 || test ! -s conftest.err
configure:4733: $? = 0
configure:4736: test -s conftest.o
configure:4739: $? = 0
configure:4750: result: yes
configure:4704: checking for unistd.h
configure:4720: gcc -c  -Wall -O3 -fms-extensions -mms-bitfields  -fno-exceptions -fomit-frame-pointer -march=i386 -mcpu=i686     -D__GW32__ -D_LARGEFILE_SOURCE=1 -D_LARGEFILE64_SOURCE=1 -D_FILE_OFFSET_BITS=64 -D_MSC_VER    -idirafter e:/progra~1/gnuwin32/include -idirafter h:/glibc/include    conftest.c >&5
configure:4726: $? = 0
configure:4730: test -z 
			 || test ! -s conftest.err
configure:4733: $? = 0
configure:4736: test -s conftest.o
configure:4739: $? = 0
configure:4750: result: yes
configure:4772: checking minix/config.h usability
configure:4784: gcc -c  -Wall -O3 -fms-extensions -mms-bitfields  -fno-exceptions -fomit-frame-pointer -march=i386 -mcpu=i686     -D__GW32__ -D_LARGEFILE_SOURCE=1 -D_LARGEFILE64_SOURCE=1 -D_FILE_OFFSET_BITS=64 -D_MSC_VER    -idirafter e:/progra~1/gnuwin32/include -idirafter h:/glibc/include    conftest.c >&5
conftest.c:56:26: minix/config.h: No such file or directory
configure:4790: $? = 1
configure: failed program was:
| /* confdefs.h.  */
| 
| #define PACKAGE_NAME ""
| #define PACKAGE_TARNAME ""
| #define PACKAGE_VERSION ""
| #define PACKAGE_STRING ""
| #define PACKAGE_BUGREPORT ""
| #define PACKAGE "gettext-tools"
| #define VERSION "0.14.4"
| #define _GNU_SOURCE 1
| #define STDC_HEADERS 1
| #define HAVE_SYS_TYPES_H 1
| #define HAVE_SYS_STAT_H 1
| #define HAVE_STDLIB_H 1
| #define HAVE_STRING_H 1
| #define HAVE_MEMORY_H 1
| #define HAVE_STRINGS_H 1
| #define HAVE_INTTYPES_H 1
| #define HAVE_STDINT_H 1
| #define HAVE_UNISTD_H 1
| /* end confdefs.h.  */
| #include <stdio.h>
| #if HAVE_SYS_TYPES_H
| # include <sys/types.h>
| #endif
| #if HAVE_SYS_STAT_H
| # include <sys/stat.h>
| #endif
| #if STDC_HEADERS
| # include <stdlib.h>
| # include <stddef.h>
| #else
| # if HAVE_STDLIB_H
| #  include <stdlib.h>
| # endif
| #endif
| #if HAVE_STRING_H
| # if !STDC_HEADERS && HAVE_MEMORY_H
| #  include <memory.h>
| # endif
| # include <string.h>
| #endif
| #if HAVE_STRINGS_H
| # include <strings.h>
| #endif
| #if HAVE_INTTYPES_H
| # include <inttypes.h>
| #else
| # if HAVE_STDINT_H
| #  include <stdint.h>
| # endif
| #endif
| #if HAVE_UNISTD_H
| # include <unistd.h>
| #endif
| #include <minix/config.h>
configure:4813: result: no
configure:4817: checking minix/config.h presence
configure:4827: gcc -E   -D__GW32__ -D_LARGEFILE_SOURCE=1 -D_LARGEFILE64_SOURCE=1 -D_FILE_OFFSET_BITS=64 -D_MSC_VER    -idirafter e:/progra~1/gnuwin32/include -idirafter h:/glibc/include    conftest.c
conftest.c:22:26: minix/config.h: No such file or directory
configure:4833: $? = 1
configure: failed program was:
| /* confdefs.h.  */
| 
| #define PACKAGE_NAME ""
| #define PACKAGE_TARNAME ""
| #define PACKAGE_VERSION ""
| #define PACKAGE_STRING ""
| #define PACKAGE_BUGREPORT ""
| #define PACKAGE "gettext-tools"
| #define VERSION "0.14.4"
| #define _GNU_SOURCE 1
| #define STDC_HEADERS 1
| #define HAVE_SYS_TYPES_H 1
| #define HAVE_SYS_STAT_H 1
| #define HAVE_STDLIB_H 1
| #define HAVE_STRING_H 1
| #define HAVE_MEMORY_H 1
| #define HAVE_STRINGS_H 1
| #define HAVE_INTTYPES_H 1
| #define HAVE_STDINT_H 1
| #define HAVE_UNISTD_H 1
| /* end confdefs.h.  */
| #include <minix/config.h>
configure:4853: result: no
configure:4888: checking for minix/config.h
configure:4895: result: no
configure:5014: checking for a sed that does not truncate output
configure:5068: result: /usr/bin/sed
configure:5082: checking for ld used by gcc
configure:5149: result: ld
configure:5158: checking if the linker (ld) is GNU ld
configure:5173: result: yes
configure:5178: checking for ld option to reload object files
configure:5185: result: -r
configure:5203: checking for BSD-compatible nm
configure:5245: result: nm
configure:5249: checking whether ln -s works
configure:5253: result: yes
configure:5260: checking how to recognise dependent libraries
configure:5432: result: file_magic file format pei*-i386(.*architecture: i386)?
configure:5674: checking for dlltool
configure:5690: found /cygdrive/h/mingw/3.3.1/bin/dlltool
configure:5701: result: dlltool
configure:5754: checking for as
configure:5770: found /cygdrive/h/mingw/3.3.1/bin/as
configure:5781: result: as
configure:5834: checking for objdump
configure:5850: found /cygdrive/h/mingw/3.3.1/bin/objdump
configure:5861: result: objdump
configure:5894: checking dlfcn.h usability
configure:5906: gcc -c  -Wall -O3 -fms-extensions -mms-bitfields  -fno-exceptions -fomit-frame-pointer -march=i386 -mcpu=i686     -D__GW32__ -D_LARGEFILE_SOURCE=1 -D_LARGEFILE64_SOURCE=1 -D_FILE_OFFSET_BITS=64 -D_MSC_VER    -idirafter e:/progra~1/gnuwin32/include -idirafter h:/glibc/include    conftest.c >&5
configure:5912: $? = 0
configure:5916: test -z 
			 || test ! -s conftest.err
configure:5919: $? = 0
configure:5922: test -s conftest.o
configure:5925: $? = 0
configure:5935: result: yes
configure:5939: checking dlfcn.h presence
configure:5949: gcc -E   -D__GW32__ -D_LARGEFILE_SOURCE=1 -D_LARGEFILE64_SOURCE=1 -D_FILE_OFFSET_BITS=64 -D_MSC_VER    -idirafter e:/progra~1/gnuwin32/include -idirafter h:/glibc/include    conftest.c
configure:5955: $? = 0
configure:5975: result: yes
configure:6010: checking for dlfcn.h
configure:6017: result: yes
configure:6124: checking for C++ compiler version
configure:6127: g++ --version </dev/null >&5
g++.exe (GCC) 3.3.1 (mingw special 20030804-1)
Copyright (C) 2003 Free Software Foundation, Inc.
This is free software; see the source for copying conditions.  There is NO
warranty; not even for MERCHANTABILITY or FITNESS FOR A PARTICULAR PURPOSE.

configure:6130: $? = 0
configure:6132: g++ -v </dev/null >&5
Reading specs from h:/mingw/3.3.1/bin/../lib/gcc-lib/mingw32/3.3.1/specs
Configured with: ../gcc/configure --with-gcc --with-gnu-ld --with-gnu-as --host=mingw32 --target=mingw32 --prefix=/mingw --enable-threads --disable-nls --enable-languages=c,c++,f77,objc,ada,java --disable-win32-registry --disable-shared --enable-sjlj-exceptions --enable-libgcj --disable-java-awt --without-x --enable-java-gc=boehm --disable-libgcj-debug --enable-interpreter --enable-hash-synchronization
Thread model: win32
gcc version 3.3.1 (mingw special 20030804-1)
configure:6135: $? = 0
configure:6137: g++ -V </dev/null >&5
g++.exe: `-V' option must have argument
configure:6140: $? = 1
configure:6143: checking whether we are using the GNU C++ compiler
configure:6167: g++ -c   -Wall -O3 -fms-extensions -mms-bitfields  -fno-exceptions -fomit-frame-pointer -march=i386 -mcpu=i686    -fconserve-space -fno-rtti     -D__GW32__ -D_LARGEFILE_SOURCE=1 -D_LARGEFILE64_SOURCE=1 -D_FILE_OFFSET_BITS=64 -D_MSC_VER    -idirafter e:/progra~1/gnuwin32/include -idirafter h:/glibc/include    conftest.cc >&5
configure:6173: $? = 0
configure:6177: test -z 
			 || test ! -s conftest.err
configure:6180: $? = 0
configure:6183: test -s conftest.o
configure:6186: $? = 0
configure:6199: result: yes
configure:6205: checking whether g++ accepts -g
configure:6226: g++ -c -g   -D__GW32__ -D_LARGEFILE_SOURCE=1 -D_LARGEFILE64_SOURCE=1 -D_FILE_OFFSET_BITS=64 -D_MSC_VER    -idirafter e:/progra~1/gnuwin32/include -idirafter h:/glibc/include    conftest.cc >&5
configure:6232: $? = 0
configure:6236: test -z 
			 || test ! -s conftest.err
configure:6239: $? = 0
configure:6242: test -s conftest.o
configure:6245: $? = 0
configure:6256: result: yes
configure:6298: g++ -c   -Wall -O3 -fms-extensions -mms-bitfields  -fno-exceptions -fomit-frame-pointer -march=i386 -mcpu=i686    -fconserve-space -fno-rtti     -D__GW32__ -D_LARGEFILE_SOURCE=1 -D_LARGEFILE64_SOURCE=1 -D_FILE_OFFSET_BITS=64 -D_MSC_VER    -idirafter e:/progra~1/gnuwin32/include -idirafter h:/glibc/include    conftest.cc >&5
configure:6304: $? = 0
configure:6308: test -z 
			 || test ! -s conftest.err
configure:6311: $? = 0
configure:6314: test -s conftest.o
configure:6317: $? = 0
configure:6343: g++ -c   -Wall -O3 -fms-extensions -mms-bitfields  -fno-exceptions -fomit-frame-pointer -march=i386 -mcpu=i686    -fconserve-space -fno-rtti     -D__GW32__ -D_LARGEFILE_SOURCE=1 -D_LARGEFILE64_SOURCE=1 -D_FILE_OFFSET_BITS=64 -D_MSC_VER    -idirafter e:/progra~1/gnuwin32/include -idirafter h:/glibc/include    conftest.cc >&5
conftest.cc: In function `int main()':
conftest.cc:28: error: `exit' undeclared (first use this function)
conftest.cc:28: error: (Each undeclared identifier is reported only once for 
   each function it appears in.)
configure:6349: $? = 1
configure: failed program was:
| /* confdefs.h.  */
| 
| #define PACKAGE_NAME ""
| #define PACKAGE_TARNAME ""
| #define PACKAGE_VERSION ""
| #define PACKAGE_STRING ""
| #define PACKAGE_BUGREPORT ""
| #define PACKAGE "gettext-tools"
| #define VERSION "0.14.4"
| #define _GNU_SOURCE 1
| #define STDC_HEADERS 1
| #define HAVE_SYS_TYPES_H 1
| #define HAVE_SYS_STAT_H 1
| #define HAVE_STDLIB_H 1
| #define HAVE_STRING_H 1
| #define HAVE_MEMORY_H 1
| #define HAVE_STRINGS_H 1
| #define HAVE_INTTYPES_H 1
| #define HAVE_STDINT_H 1
| #define HAVE_UNISTD_H 1
| #define __EXTENSIONS__ 1
| #define HAVE_DLFCN_H 1
| /* end confdefs.h.  */
| 
| int
| main ()
| {
| exit (42);
|   ;
|   return 0;
| }
configure:6298: g++ -c   -Wall -O3 -fms-extensions -mms-bitfields  -fno-exceptions -fomit-frame-pointer -march=i386 -mcpu=i686    -fconserve-space -fno-rtti     -D__GW32__ -D_LARGEFILE_SOURCE=1 -D_LARGEFILE64_SOURCE=1 -D_FILE_OFFSET_BITS=64 -D_MSC_VER    -idirafter e:/progra~1/gnuwin32/include -idirafter h:/glibc/include    conftest.cc >&5
configure:6304: $? = 0
configure:6308: test -z 
			 || test ! -s conftest.err
configure:6311: $? = 0
configure:6314: test -s conftest.o
configure:6317: $? = 0
configure:6343: g++ -c   -Wall -O3 -fms-extensions -mms-bitfields  -fno-exceptions -fomit-frame-pointer -march=i386 -mcpu=i686    -fconserve-space -fno-rtti     -D__GW32__ -D_LARGEFILE_SOURCE=1 -D_LARGEFILE64_SOURCE=1 -D_FILE_OFFSET_BITS=64 -D_MSC_VER    -idirafter e:/progra~1/gnuwin32/include -idirafter h:/glibc/include    conftest.cc >&5
configure:6349: $? = 0
configure:6353: test -z 
			 || test ! -s conftest.err
configure:6356: $? = 0
configure:6359: test -s conftest.o
configure:6362: $? = 0
configure:6387: checking dependency style of g++
configure:6477: result: none
configure:6504: checking how to run the C++ preprocessor
configure:6535: g++ -E   -D__GW32__ -D_LARGEFILE_SOURCE=1 -D_LARGEFILE64_SOURCE=1 -D_FILE_OFFSET_BITS=64 -D_MSC_VER    -idirafter e:/progra~1/gnuwin32/include -idirafter h:/glibc/include    conftest.cc
configure:6541: $? = 0
configure:6573: g++ -E   -D__GW32__ -D_LARGEFILE_SOURCE=1 -D_LARGEFILE64_SOURCE=1 -D_FILE_OFFSET_BITS=64 -D_MSC_VER    -idirafter e:/progra~1/gnuwin32/include -idirafter h:/glibc/include    conftest.cc
conftest.cc:27:28: ac_nonexistent.h: No such file or directory
configure:6579: $? = 1
configure: failed program was:
| /* confdefs.h.  */
| 
| #define PACKAGE_NAME ""
| #define PACKAGE_TARNAME ""
| #define PACKAGE_VERSION ""
| #define PACKAGE_STRING ""
| #define PACKAGE_BUGREPORT ""
| #define PACKAGE "gettext-tools"
| #define VERSION "0.14.4"
| #define _GNU_SOURCE 1
| #define STDC_HEADERS 1
| #define HAVE_SYS_TYPES_H 1
| #define HAVE_SYS_STAT_H 1
| #define HAVE_STDLIB_H 1
| #define HAVE_STRING_H 1
| #define HAVE_MEMORY_H 1
| #define HAVE_STRINGS_H 1
| #define HAVE_INTTYPES_H 1
| #define HAVE_STDINT_H 1
| #define HAVE_UNISTD_H 1
| #define __EXTENSIONS__ 1
| #define HAVE_DLFCN_H 1
| #ifdef __cplusplus
| extern "C" void std::exit (int) throw (); using std::exit;
| #endif
| /* end confdefs.h.  */
| #include <ac_nonexistent.h>
configure:6618: result: g++ -E
configure:6642: g++ -E   -D__GW32__ -D_LARGEFILE_SOURCE=1 -D_LARGEFILE64_SOURCE=1 -D_FILE_OFFSET_BITS=64 -D_MSC_VER    -idirafter e:/progra~1/gnuwin32/include -idirafter h:/glibc/include    conftest.cc
configure:6648: $? = 0
configure:6680: g++ -E   -D__GW32__ -D_LARGEFILE_SOURCE=1 -D_LARGEFILE64_SOURCE=1 -D_FILE_OFFSET_BITS=64 -D_MSC_VER    -idirafter e:/progra~1/gnuwin32/include -idirafter h:/glibc/include    conftest.cc
conftest.cc:27:28: ac_nonexistent.h: No such file or directory
configure:6686: $? = 1
configure: failed program was:
| /* confdefs.h.  */
| 
| #define PACKAGE_NAME ""
| #define PACKAGE_TARNAME ""
| #define PACKAGE_VERSION ""
| #define PACKAGE_STRING ""
| #define PACKAGE_BUGREPORT ""
| #define PACKAGE "gettext-tools"
| #define VERSION "0.14.4"
| #define _GNU_SOURCE 1
| #define STDC_HEADERS 1
| #define HAVE_SYS_TYPES_H 1
| #define HAVE_SYS_STAT_H 1
| #define HAVE_STDLIB_H 1
| #define HAVE_STRING_H 1
| #define HAVE_MEMORY_H 1
| #define HAVE_STRINGS_H 1
| #define HAVE_INTTYPES_H 1
| #define HAVE_STDINT_H 1
| #define HAVE_UNISTD_H 1
| #define __EXTENSIONS__ 1
| #define HAVE_DLFCN_H 1
| #ifdef __cplusplus
| extern "C" void std::exit (int) throw (); using std::exit;
| #endif
| /* end confdefs.h.  */
| #include <ac_nonexistent.h>
configure:6783: checking for g77
configure:6799: found /cygdrive/h/mingw/3.3.1/bin/g77
configure:6809: result: g77
configure:6827: checking for Fortran 77 compiler version
configure:6827: g77 --version </dev/null >&5
GNU Fortran (GCC) 3.3.1 (mingw special 20030804-1)
Copyright (C) 2002 Free Software Foundation, Inc.

GNU Fortran comes with NO WARRANTY, to the extent permitted by law.
You may redistribute copies of GNU Fortran
under the terms of the GNU General Public License.
For more information about these matters, see the file named COPYING
or type the command `info -f g77 Copying'.
configure:6830: $? = 0
configure:6832: g77 -v </dev/null >&5
Reading specs from h:/mingw/3.3.1/bin/../lib/gcc-lib/mingw32/3.3.1/specs
Configured with: ../gcc/configure --with-gcc --with-gnu-ld --with-gnu-as --host=mingw32 --target=mingw32 --prefix=/mingw --enable-threads --disable-nls --enable-languages=c,c++,f77,objc,ada,java --disable-win32-registry --disable-shared --enable-sjlj-exceptions --enable-libgcj --disable-java-awt --without-x --enable-java-gc=boehm --disable-libgcj-debug --enable-interpreter --enable-hash-synchronization
Thread model: win32
gcc version 3.3.1 (mingw special 20030804-1)
configure:6835: $? = 0
configure:6837: g77 -V </dev/null >&5
g77.exe: `-V' option must have argument
configure:6840: $? = 1
configure:6848: checking whether we are using the GNU Fortran 77 compiler
configure:6862: g77 -c  conftest.F >&5
configure:6868: $? = 0
configure:6872: test -z 
			 || test ! -s conftest.err
configure:6875: $? = 0
configure:6878: test -s conftest.o
configure:6881: $? = 0
configure:6894: result: yes
configure:6900: checking whether g77 accepts -g
configure:6912: g77 -c -g conftest.f >&5
configure:6918: $? = 0
configure:6922: test -z 
			 || test ! -s conftest.err
configure:6925: $? = 0
configure:6928: test -s conftest.o
configure:6931: $? = 0
configure:6943: result: yes
configure:6973: checking the maximum length of command line arguments
configure:7064: result: 8192
configure:7075: checking command to parse nm output from gcc object
configure:7171: gcc -c  -Wall -O3 -fms-extensions -mms-bitfields  -fno-exceptions -fomit-frame-pointer -march=i386 -mcpu=i686     -D__GW32__ -D_LARGEFILE_SOURCE=1 -D_LARGEFILE64_SOURCE=1 -D_FILE_OFFSET_BITS=64 -D_MSC_VER    -idirafter e:/progra~1/gnuwin32/include -idirafter h:/glibc/include    conftest.c >&5
configure:7174: $? = 0
configure:7178: nm conftest.o \| sed -n -e 's/^.*[ 	]\([ABCDGIRSTW][ABCDGIRSTW]*\)[ 	][ 	]*\([_A-Za-z][_A-Za-z0-9]*\)\{0,1\}$/\1 \2 \2/p' \> conftest.nm
configure:7181: $? = 0
cannot find nm_test_var in conftest.nm
configure:7171: gcc -c  -Wall -O3 -fms-extensions -mms-bitfields  -fno-exceptions -fomit-frame-pointer -march=i386 -mcpu=i686     -D__GW32__ -D_LARGEFILE_SOURCE=1 -D_LARGEFILE64_SOURCE=1 -D_FILE_OFFSET_BITS=64 -D_MSC_VER    -idirafter e:/progra~1/gnuwin32/include -idirafter h:/glibc/include    conftest.c >&5
configure:7174: $? = 0
configure:7178: nm conftest.o \| sed -n -e 's/^.*[ 	]\([ABCDGIRSTW][ABCDGIRSTW]*\)[ 	][ 	]*_\([_A-Za-z][_A-Za-z0-9]*\)\{0,1\}$/\1 _\2 \2/p' \> conftest.nm
configure:7181: $? = 0
configure:7233: gcc -o conftest.exe  -Wall -O3 -fms-extensions -mms-bitfields  -fno-exceptions -fomit-frame-pointer -march=i386 -mcpu=i686     -D__GW32__ -D_LARGEFILE_SOURCE=1 -D_LARGEFILE64_SOURCE=1 -D_FILE_OFFSET_BITS=64 -D_MSC_VER    -idirafter e:/progra~1/gnuwin32/include -idirafter h:/glibc/include     -Wl,-s -Wl,--force-exe-suffix -Wl,--enable-auto-import -Wl,--enable-runtime-pseudo-reloc -Wl,--allow-multiple-definition   conftest.c conftstm.o >&5
configure:7236: $? = 0
configure:7274: result: ok
configure:7278: checking for objdir
configure:7293: result: .libs
configure:7383: checking for ar
configure:7399: found /usr/bin/ar
configure:7410: result: ar
configure:7463: checking for ranlib
configure:7479: found /usr/bin/ranlib
configure:7490: result: ranlib
configure:7543: checking for strip
configure:7559: found /cygdrive/h/mingw/3.3.1/bin/strip
configure:7570: result: strip
configure:7834: checking if gcc static flag  works
configure:7857: result: yes
configure:7879: checking if gcc supports -fno-rtti -fno-exceptions
configure:7900: gcc -c  -Wall -O3 -fms-extensions -mms-bitfields  -fno-exceptions -fomit-frame-pointer -march=i386 -mcpu=i686     -D__GW32__ -D_LARGEFILE_SOURCE=1 -D_LARGEFILE64_SOURCE=1 -D_FILE_OFFSET_BITS=64 -D_MSC_VER    -idirafter e:/progra~1/gnuwin32/include -idirafter h:/glibc/include    -fno-rtti -fno-exceptions conftest.c >&5
cc1.exe: warning: "-fno-rtti" is valid for C++ but not for C/ObjC
configure:7904: $? = 0
configure:7912: result: no
configure:7927: checking for gcc option to produce PIC
configure:8129: result: -DDLL_EXPORT
configure:8137: checking if gcc PIC flag -DDLL_EXPORT works
configure:8158: gcc -c  -Wall -O3 -fms-extensions -mms-bitfields  -fno-exceptions -fomit-frame-pointer -march=i386 -mcpu=i686     -D__GW32__ -D_LARGEFILE_SOURCE=1 -D_LARGEFILE64_SOURCE=1 -D_FILE_OFFSET_BITS=64 -D_MSC_VER    -idirafter e:/progra~1/gnuwin32/include -idirafter h:/glibc/include    -DDLL_EXPORT -DPIC conftest.c >&5
configure:8162: $? = 0
configure:8170: result: yes
configure:8194: checking if gcc supports -c -o file.o
configure:8218: gcc -c  -Wall -O3 -fms-extensions -mms-bitfields  -fno-exceptions -fomit-frame-pointer -march=i386 -mcpu=i686     -D__GW32__ -D_LARGEFILE_SOURCE=1 -D_LARGEFILE64_SOURCE=1 -D_FILE_OFFSET_BITS=64 -D_MSC_VER    -idirafter e:/progra~1/gnuwin32/include -idirafter h:/glibc/include    -o out/conftest2.o conftest.c >&5
configure:8222: $? = 0
configure:8239: result: yes
configure:8265: checking whether the gcc linker (ld) supports shared libraries
configure:9127: result: yes
configure:9153: checking whether -lc should be explicitly linked in
configure:9158: gcc -c  -Wall -O3 -fms-extensions -mms-bitfields  -fno-exceptions -fomit-frame-pointer -march=i386 -mcpu=i686     -D__GW32__ -D_LARGEFILE_SOURCE=1 -D_LARGEFILE64_SOURCE=1 -D_FILE_OFFSET_BITS=64 -D_MSC_VER    -idirafter e:/progra~1/gnuwin32/include -idirafter h:/glibc/include    conftest.c >&5
configure:9161: $? = 0
configure:9175: gcc -shared conftest.o  -v -o ./conftest -Wl,--image-base=0x10000000 -Wl,--out-implib,conftest 2\>\&1 \| grep  -lc  \>/dev/null 2\>\&1
configure:9178: $? = 1
configure:9190: result: yes
configure:9198: checking dynamic linker characteristics
configure:9740: result: Win32 ld.exe
configure:9744: checking how to hardcode library paths into programs
configure:9769: result: immediate
configure:9783: checking whether stripping libraries is possible
configure:9788: result: yes
configure:10618: checking if libtool supports shared libraries
configure:10620: result: yes
configure:10623: checking whether to build shared libraries
configure:10644: result: yes
configure:10647: checking whether to build static libraries
configure:10651: result: no
configure:10743: creating libtool
configure:11298: checking for ld used by g++
configure:11365: result: ld
configure:11374: checking if the linker (ld) is GNU ld
configure:11389: result: yes
configure:11440: checking whether the g++ linker (ld) supports shared libraries
configure:12322: result: yes
configure:12344: g++ -c   -Wall -O3 -fms-extensions -mms-bitfields  -fno-exceptions -fomit-frame-pointer -march=i386 -mcpu=i686    -fconserve-space -fno-rtti     -D__GW32__ -D_LARGEFILE_SOURCE=1 -D_LARGEFILE64_SOURCE=1 -D_FILE_OFFSET_BITS=64 -D_MSC_VER    -idirafter e:/progra~1/gnuwin32/include -idirafter h:/glibc/include    conftest.cc >&5
configure:12347: $? = 0
configure:12443: checking for g++ option to produce PIC
configure:12711: result: -DDLL_EXPORT
configure:12719: checking if g++ PIC flag -DDLL_EXPORT works
configure:12740: g++ -c   -Wall -O3 -fms-extensions -mms-bitfields  -fno-exceptions -fomit-frame-pointer -march=i386 -mcpu=i686    -fconserve-space -fno-rtti     -D__GW32__ -D_LARGEFILE_SOURCE=1 -D_LARGEFILE64_SOURCE=1 -D_FILE_OFFSET_BITS=64 -D_MSC_VER    -idirafter e:/progra~1/gnuwin32/include -idirafter h:/glibc/include    -DDLL_EXPORT -DPIC conftest.cc >&5
configure:12744: $? = 0
configure:12752: result: yes
configure:12776: checking if g++ supports -c -o file.o
configure:12800: g++ -c   -Wall -O3 -fms-extensions -mms-bitfields  -fno-exceptions -fomit-frame-pointer -march=i386 -mcpu=i686    -fconserve-space -fno-rtti     -D__GW32__ -D_LARGEFILE_SOURCE=1 -D_LARGEFILE64_SOURCE=1 -D_FILE_OFFSET_BITS=64 -D_MSC_VER    -idirafter e:/progra~1/gnuwin32/include -idirafter h:/glibc/include    -o out/conftest2.o conftest.cc >&5
configure:12804: $? = 0
configure:12821: result: yes
configure:12847: checking whether the g++ linker (ld) supports shared libraries
configure:12872: result: yes
configure:12943: checking dynamic linker characteristics
configure:13485: result: Win32 ld.exe
configure:13489: checking how to hardcode library paths into programs
configure:13514: result: immediate
configure:13528: checking whether stripping libraries is possible
configure:13533: result: yes
configure:14846: checking if libtool supports shared libraries
configure:14848: result: yes
configure:14851: checking whether to build shared libraries
configure:14869: result: yes
configure:14872: checking whether to build static libraries
configure:14876: result: no
configure:14888: checking for g77 option to produce PIC
configure:15090: result: -DDLL_EXPORT
configure:15098: checking if g77 PIC flag -DDLL_EXPORT works
configure:15119: g77 -c -g -O2 -DDLL_EXPORT conftest.f >&5
configure:15123: $? = 0
configure:15131: result: yes
configure:15155: checking if g77 supports -c -o file.o
configure:15179: g77 -c -g -O2 -o out/conftest2.o conftest.f >&5
configure:15183: $? = 0
configure:15200: result: yes
configure:15226: checking whether the g77 linker (ld) supports shared libraries
configure:16068: result: yes
configure:16139: checking dynamic linker characteristics
configure:16681: result: Win32 ld.exe
configure:16685: checking how to hardcode library paths into programs
configure:16710: result: immediate
configure:16724: checking whether stripping libraries is possible
configure:16729: result: yes
configure:20903: checking for ld used by GCC
configure:20967: result: ld
configure:20976: checking if the linker (ld) is GNU ld
configure:20989: result: yes
configure:20995: checking for shared library path variable
configure:21008: result: PATH
configure:21013: checking whether to activate relocatable installation
configure:21028: result: yes
configure:21099: checking for ANSI C header files
configure:21252: result: yes
configure:21282: checking limits.h usability
configure:21294: gcc -c  -Wall -O3 -fms-extensions -mms-bitfields  -fno-exceptions -fomit-frame-pointer -march=i386 -mcpu=i686     -D__GW32__ -D_LARGEFILE_SOURCE=1 -D_LARGEFILE64_SOURCE=1 -D_FILE_OFFSET_BITS=64 -D_MSC_VER    -idirafter e:/progra~1/gnuwin32/include -idirafter h:/glibc/include    conftest.c >&5
configure:21300: $? = 0
configure:21304: test -z 
			 || test ! -s conftest.err
configure:21307: $? = 0
configure:21310: test -s conftest.o
configure:21313: $? = 0
configure:21323: result: yes
configure:21327: checking limits.h presence
configure:21337: gcc -E   -D__GW32__ -D_LARGEFILE_SOURCE=1 -D_LARGEFILE64_SOURCE=1 -D_FILE_OFFSET_BITS=64 -D_MSC_VER    -idirafter e:/progra~1/gnuwin32/include -idirafter h:/glibc/include    conftest.c
configure:21343: $? = 0
configure:21363: result: yes
configure:21398: checking for limits.h
configure:21405: result: yes
configure:21282: checking malloc.h usability
configure:21294: gcc -c  -Wall -O3 -fms-extensions -mms-bitfields  -fno-exceptions -fomit-frame-pointer -march=i386 -mcpu=i686     -D__GW32__ -D_LARGEFILE_SOURCE=1 -D_LARGEFILE64_SOURCE=1 -D_FILE_OFFSET_BITS=64 -D_MSC_VER    -idirafter e:/progra~1/gnuwin32/include -idirafter h:/glibc/include    conftest.c >&5
configure:21300: $? = 0
configure:21304: test -z 
			 || test ! -s conftest.err
configure:21307: $? = 0
configure:21310: test -s conftest.o
configure:21313: $? = 0
configure:21323: result: yes
configure:21327: checking malloc.h presence
configure:21337: gcc -E   -D__GW32__ -D_LARGEFILE_SOURCE=1 -D_LARGEFILE64_SOURCE=1 -D_FILE_OFFSET_BITS=64 -D_MSC_VER    -idirafter e:/progra~1/gnuwin32/include -idirafter h:/glibc/include    conftest.c
configure:21343: $? = 0
configure:21363: result: yes
configure:21398: checking for malloc.h
configure:21405: result: yes
configure:21282: checking pwd.h usability
configure:21294: gcc -c  -Wall -O3 -fms-extensions -mms-bitfields  -fno-exceptions -fomit-frame-pointer -march=i386 -mcpu=i686     -D__GW32__ -D_LARGEFILE_SOURCE=1 -D_LARGEFILE64_SOURCE=1 -D_FILE_OFFSET_BITS=64 -D_MSC_VER    -idirafter e:/progra~1/gnuwin32/include -idirafter h:/glibc/include    conftest.c >&5
configure:21300: $? = 0
configure:21304: test -z 
			 || test ! -s conftest.err
configure:21307: $? = 0
configure:21310: test -s conftest.o
configure:21313: $? = 0
configure:21323: result: yes
configure:21327: checking pwd.h presence
configure:21337: gcc -E   -D__GW32__ -D_LARGEFILE_SOURCE=1 -D_LARGEFILE64_SOURCE=1 -D_FILE_OFFSET_BITS=64 -D_MSC_VER    -idirafter e:/progra~1/gnuwin32/include -idirafter h:/glibc/include    conftest.c
configure:21343: $? = 0
configure:21363: result: yes
configure:21398: checking for pwd.h
configure:21405: result: yes
configure:21273: checking for string.h
configure:21278: result: yes
configure:21273: checking for unistd.h
configure:21278: result: yes
configure:21282: checking utime.h usability
configure:21294: gcc -c  -Wall -O3 -fms-extensions -mms-bitfields  -fno-exceptions -fomit-frame-pointer -march=i386 -mcpu=i686     -D__GW32__ -D_LARGEFILE_SOURCE=1 -D_LARGEFILE64_SOURCE=1 -D_FILE_OFFSET_BITS=64 -D_MSC_VER    -idirafter e:/progra~1/gnuwin32/include -idirafter h:/glibc/include    conftest.c >&5
configure:21300: $? = 0
configure:21304: test -z 
			 || test ! -s conftest.err
configure:21307: $? = 0
configure:21310: test -s conftest.o
configure:21313: $? = 0
configure:21323: result: yes
configure:21327: checking utime.h presence
configure:21337: gcc -E   -D__GW32__ -D_LARGEFILE_SOURCE=1 -D_LARGEFILE64_SOURCE=1 -D_FILE_OFFSET_BITS=64 -D_MSC_VER    -idirafter e:/progra~1/gnuwin32/include -idirafter h:/glibc/include    conftest.c
configure:21343: $? = 0
configure:21363: result: yes
configure:21398: checking for utime.h
configure:21405: result: yes
configure:21282: checking values.h usability
configure:21294: gcc -c  -Wall -O3 -fms-extensions -mms-bitfields  -fno-exceptions -fomit-frame-pointer -march=i386 -mcpu=i686     -D__GW32__ -D_LARGEFILE_SOURCE=1 -D_LARGEFILE64_SOURCE=1 -D_FILE_OFFSET_BITS=64 -D_MSC_VER    -idirafter e:/progra~1/gnuwin32/include -idirafter h:/glibc/include    conftest.c >&5
configure:21300: $? = 0
configure:21304: test -z 
			 || test ! -s conftest.err
configure:21307: $? = 0
configure:21310: test -s conftest.o
configure:21313: $? = 0
configure:21323: result: yes
configure:21327: checking values.h presence
configure:21337: gcc -E   -D__GW32__ -D_LARGEFILE_SOURCE=1 -D_LARGEFILE64_SOURCE=1 -D_FILE_OFFSET_BITS=64 -D_MSC_VER    -idirafter e:/progra~1/gnuwin32/include -idirafter h:/glibc/include    conftest.c
configure:21343: $? = 0
configure:21363: result: yes
configure:21398: checking for values.h
configure:21405: result: yes
configure:21418: checking for stdbool.h that conforms to C99
configure:21477: gcc -c  -Wall -O3 -fms-extensions -mms-bitfields  -fno-exceptions -fomit-frame-pointer -march=i386 -mcpu=i686     -D__GW32__ -D_LARGEFILE_SOURCE=1 -D_LARGEFILE64_SOURCE=1 -D_FILE_OFFSET_BITS=64 -D_MSC_VER    -idirafter e:/progra~1/gnuwin32/include -idirafter h:/glibc/include    conftest.c >&5
configure:21483: $? = 0
configure:21487: test -z 
			 || test ! -s conftest.err
configure:21490: $? = 0
configure:21493: test -s conftest.o
configure:21496: $? = 0
configure:21507: result: yes
configure:21509: checking for _Bool
configure:21533: gcc -c  -Wall -O3 -fms-extensions -mms-bitfields  -fno-exceptions -fomit-frame-pointer -march=i386 -mcpu=i686     -D__GW32__ -D_LARGEFILE_SOURCE=1 -D_LARGEFILE64_SOURCE=1 -D_FILE_OFFSET_BITS=64 -D_MSC_VER    -idirafter e:/progra~1/gnuwin32/include -idirafter h:/glibc/include    conftest.c >&5
configure:21539: $? = 0
configure:21543: test -z 
			 || test ! -s conftest.err
configure:21546: $? = 0
configure:21549: test -s conftest.o
configure:21552: $? = 0
configure:21563: result: yes
configure:21601: checking for inline
configure:21622: gcc -c  -Wall -O3 -fms-extensions -mms-bitfields  -fno-exceptions -fomit-frame-pointer -march=i386 -mcpu=i686     -D__GW32__ -D_LARGEFILE_SOURCE=1 -D_LARGEFILE64_SOURCE=1 -D_FILE_OFFSET_BITS=64 -D_MSC_VER    -idirafter e:/progra~1/gnuwin32/include -idirafter h:/glibc/include    conftest.c >&5
configure:21628: $? = 0
configure:21632: test -z 
			 || test ! -s conftest.err
configure:21635: $? = 0
configure:21638: test -s conftest.o
configure:21641: $? = 0
configure:21653: result: inline
configure:21673: checking for signed
configure:21694: gcc -c  -Wall -O3 -fms-extensions -mms-bitfields  -fno-exceptions -fomit-frame-pointer -march=i386 -mcpu=i686     -D__GW32__ -D_LARGEFILE_SOURCE=1 -D_LARGEFILE64_SOURCE=1 -D_FILE_OFFSET_BITS=64 -D_MSC_VER    -idirafter e:/progra~1/gnuwin32/include -idirafter h:/glibc/include    conftest.c >&5
conftest.c: In function `main':
conftest.c:43: warning: unused variable `x'
configure:21700: $? = 0
configure:21704: test -z 
			 || test ! -s conftest.err
configure:21707: $? = 0
configure:21710: test -s conftest.o
configure:21713: $? = 0
configure:21724: result: yes
configure:21735: checking for unsigned long long
configure:21757: gcc -o conftest.exe  -Wall -O3 -fms-extensions -mms-bitfields  -fno-exceptions -fomit-frame-pointer -march=i386 -mcpu=i686     -D__GW32__ -D_LARGEFILE_SOURCE=1 -D_LARGEFILE64_SOURCE=1 -D_FILE_OFFSET_BITS=64 -D_MSC_VER    -idirafter e:/progra~1/gnuwin32/include -idirafter h:/glibc/include     -Wl,-s -Wl,--force-exe-suffix -Wl,--enable-auto-import -Wl,--enable-runtime-pseudo-reloc -Wl,--allow-multiple-definition   conftest.c  -Wl,-s  -Le:/progra~1/gnuwin32/lib -lgw32c  -liberty -lintl -liconv -lwsock32 -lole32 -luuid -lmsvcp60   >&5
configure:21763: $? = 0
configure:21767: test -z 
			 || test ! -s conftest.err
configure:21770: $? = 0
configure:21773: test -s conftest.exe
configure:21776: $? = 0
configure:21788: result: yes
configure:21798: checking for size_t
configure:21822: gcc -c  -Wall -O3 -fms-extensions -mms-bitfields  -fno-exceptions -fomit-frame-pointer -march=i386 -mcpu=i686     -D__GW32__ -D_LARGEFILE_SOURCE=1 -D_LARGEFILE64_SOURCE=1 -D_FILE_OFFSET_BITS=64 -D_MSC_VER    -idirafter e:/progra~1/gnuwin32/include -idirafter h:/glibc/include    conftest.c >&5
configure:21828: $? = 0
configure:21832: test -z 
			 || test ! -s conftest.err
configure:21835: $? = 0
configure:21838: test -s conftest.o
configure:21841: $? = 0
configure:21852: result: yes
configure:21864: checking for ptrdiff_t
configure:21888: gcc -c  -Wall -O3 -fms-extensions -mms-bitfields  -fno-exceptions -fomit-frame-pointer -march=i386 -mcpu=i686     -D__GW32__ -D_LARGEFILE_SOURCE=1 -D_LARGEFILE64_SOURCE=1 -D_FILE_OFFSET_BITS=64 -D_MSC_VER    -idirafter e:/progra~1/gnuwin32/include -idirafter h:/glibc/include    conftest.c >&5
configure:21894: $? = 0
configure:21898: test -z 
			 || test ! -s conftest.err
configure:21901: $? = 0
configure:21904: test -s conftest.o
configure:21907: $? = 0
configure:21918: result: yes
configure:21930: checking for inttypes.h
configure:21952: gcc -c  -Wall -O3 -fms-extensions -mms-bitfields  -fno-exceptions -fomit-frame-pointer -march=i386 -mcpu=i686     -D__GW32__ -D_LARGEFILE_SOURCE=1 -D_LARGEFILE64_SOURCE=1 -D_FILE_OFFSET_BITS=64 -D_MSC_VER    -idirafter e:/progra~1/gnuwin32/include -idirafter h:/glibc/include    conftest.c >&5
conftest.c: In function `main':
conftest.c:46: warning: unused variable `i'
configure:21958: $? = 0
configure:21962: test -z 
			 || test ! -s conftest.err
configure:21965: $? = 0
configure:21968: test -s conftest.o
configure:21971: $? = 0
configure:21982: result: yes
configure:21993: checking for stdint.h
configure:22015: gcc -c  -Wall -O3 -fms-extensions -mms-bitfields  -fno-exceptions -fomit-frame-pointer -march=i386 -mcpu=i686     -D__GW32__ -D_LARGEFILE_SOURCE=1 -D_LARGEFILE64_SOURCE=1 -D_FILE_OFFSET_BITS=64 -D_MSC_VER    -idirafter e:/progra~1/gnuwin32/include -idirafter h:/glibc/include    conftest.c >&5
conftest.c: In function `main':
conftest.c:47: warning: unused variable `i'
configure:22021: $? = 0
configure:22025: test -z 
			 || test ! -s conftest.err
configure:22028: $? = 0
configure:22031: test -s conftest.o
configure:22034: $? = 0
configure:22045: result: yes
configure:22077: checking for ssize_t
configure:22098: gcc -c  -Wall -O3 -fms-extensions -mms-bitfields  -fno-exceptions -fomit-frame-pointer -march=i386 -mcpu=i686     -D__GW32__ -D_LARGEFILE_SOURCE=1 -D_LARGEFILE64_SOURCE=1 -D_FILE_OFFSET_BITS=64 -D_MSC_VER    -idirafter e:/progra~1/gnuwin32/include -idirafter h:/glibc/include    conftest.c >&5
conftest.c: In function `main':
conftest.c:48: warning: unused variable `x'
configure:22104: $? = 0
configure:22108: test -z 
			 || test ! -s conftest.err
configure:22111: $? = 0
configure:22114: test -s conftest.o
configure:22117: $? = 0
configure:22128: result: yes
configure:22138: checking for pid_t
configure:22162: gcc -c  -Wall -O3 -fms-extensions -mms-bitfields  -fno-exceptions -fomit-frame-pointer -march=i386 -mcpu=i686     -D__GW32__ -D_LARGEFILE_SOURCE=1 -D_LARGEFILE64_SOURCE=1 -D_FILE_OFFSET_BITS=64 -D_MSC_VER    -idirafter e:/progra~1/gnuwin32/include -idirafter h:/glibc/include    conftest.c >&5
configure:22168: $? = 0
configure:22172: test -z 
			 || test ! -s conftest.err
configure:22175: $? = 0
configure:22178: test -s conftest.o
configure:22181: $? = 0
configure:22192: result: yes
configure:22204: checking for mode_t
configure:22228: gcc -c  -Wall -O3 -fms-extensions -mms-bitfields  -fno-exceptions -fomit-frame-pointer -march=i386 -mcpu=i686     -D__GW32__ -D_LARGEFILE_SOURCE=1 -D_LARGEFILE64_SOURCE=1 -D_FILE_OFFSET_BITS=64 -D_MSC_VER    -idirafter e:/progra~1/gnuwin32/include -idirafter h:/glibc/include    conftest.c >&5
configure:22234: $? = 0
configure:22238: test -z 
			 || test ! -s conftest.err
configure:22241: $? = 0
configure:22244: test -s conftest.o
configure:22247: $? = 0
configure:22258: result: yes
configure:22271: checking for sig_atomic_t
configure:22296: gcc -c  -Wall -O3 -fms-extensions -mms-bitfields  -fno-exceptions -fomit-frame-pointer -march=i386 -mcpu=i686     -D__GW32__ -D_LARGEFILE_SOURCE=1 -D_LARGEFILE64_SOURCE=1 -D_FILE_OFFSET_BITS=64 -D_MSC_VER    -idirafter e:/progra~1/gnuwin32/include -idirafter h:/glibc/include    conftest.c >&5
configure:22302: $? = 0
configure:22306: test -z 
			 || test ! -s conftest.err
configure:22309: $? = 0
configure:22312: test -s conftest.o
configure:22315: $? = 0
configure:22326: result: yes
configure:22347: checking for working alloca.h
configure:22368: gcc -o conftest.exe  -Wall -O3 -fms-extensions -mms-bitfields  -fno-exceptions -fomit-frame-pointer -march=i386 -mcpu=i686     -D__GW32__ -D_LARGEFILE_SOURCE=1 -D_LARGEFILE64_SOURCE=1 -D_FILE_OFFSET_BITS=64 -D_MSC_VER    -idirafter e:/progra~1/gnuwin32/include -idirafter h:/glibc/include     -Wl,-s -Wl,--force-exe-suffix -Wl,--enable-auto-import -Wl,--enable-runtime-pseudo-reloc -Wl,--allow-multiple-definition   conftest.c  -Wl,-s  -Le:/progra~1/gnuwin32/lib -lgw32c  -liberty -lintl -liconv -lwsock32 -lole32 -luuid -lmsvcp60   >&5
conftest.c: In function `main':
conftest.c:49: warning: unused variable `p'
configure:22374: $? = 0
configure:22378: test -z 
			 || test ! -s conftest.err
configure:22381: $? = 0
configure:22384: test -s conftest.exe
configure:22387: $? = 0
configure:22399: result: yes
configure:22409: checking for alloca
configure:22450: gcc -o conftest.exe  -Wall -O3 -fms-extensions -mms-bitfields  -fno-exceptions -fomit-frame-pointer -march=i386 -mcpu=i686     -D__GW32__ -D_LARGEFILE_SOURCE=1 -D_LARGEFILE64_SOURCE=1 -D_FILE_OFFSET_BITS=64 -D_MSC_VER    -idirafter e:/progra~1/gnuwin32/include -idirafter h:/glibc/include     -Wl,-s -Wl,--force-exe-suffix -Wl,--enable-auto-import -Wl,--enable-runtime-pseudo-reloc -Wl,--allow-multiple-definition   conftest.c  -Wl,-s  -Le:/progra~1/gnuwin32/lib -lgw32c  -liberty -lintl -liconv -lwsock32 -lole32 -luuid -lmsvcp60   >&5
conftest.c: In function `main':
conftest.c:70: warning: unused variable `p'
configure:22456: $? = 0
configure:22460: test -z 
			 || test ! -s conftest.err
configure:22463: $? = 0
configure:22466: test -s conftest.exe
configure:22469: $? = 0
configure:22481: result: yes
configure:22710: checking for stdlib.h
configure:22715: result: yes
configure:22862: checking for string.h
configure:22867: result: yes
configure:23058: checking for stdlib.h
configure:23063: result: yes
configure:23203: checking for GNU libc compatible malloc
configure:23232: gcc -o conftest.exe  -Wall -O3 -fms-extensions -mms-bitfields  -fno-exceptions -fomit-frame-pointer -march=i386 -mcpu=i686     -D__GW32__ -D_LARGEFILE_SOURCE=1 -D_LARGEFILE64_SOURCE=1 -D_FILE_OFFSET_BITS=64 -D_MSC_VER    -idirafter e:/progra~1/gnuwin32/include -idirafter h:/glibc/include     -Wl,-s -Wl,--force-exe-suffix -Wl,--enable-auto-import -Wl,--enable-runtime-pseudo-reloc -Wl,--allow-multiple-definition   conftest.c  -Wl,-s  -Le:/progra~1/gnuwin32/lib -lgw32c  -liberty -lintl -liconv -lwsock32 -lole32 -luuid -lmsvcp60   >&5
configure:23235: $? = 0
configure:23237: ./conftest.exe
configure:23240: $? = 0
configure:23254: result: yes
configure:23270: checking for long long
configure:23292: gcc -o conftest.exe  -Wall -O3 -fms-extensions -mms-bitfields  -fno-exceptions -fomit-frame-pointer -march=i386 -mcpu=i686     -D__GW32__ -D_LARGEFILE_SOURCE=1 -D_LARGEFILE64_SOURCE=1 -D_FILE_OFFSET_BITS=64 -D_MSC_VER    -idirafter e:/progra~1/gnuwin32/include -idirafter h:/glibc/include     -Wl,-s -Wl,--force-exe-suffix -Wl,--enable-auto-import -Wl,--enable-runtime-pseudo-reloc -Wl,--allow-multiple-definition   conftest.c  -Wl,-s  -Le:/progra~1/gnuwin32/lib -lgw32c  -liberty -lintl -liconv -lwsock32 -lole32 -luuid -lmsvcp60   >&5
configure:23298: $? = 0
configure:23302: test -z 
			 || test ! -s conftest.err
configure:23305: $? = 0
configure:23308: test -s conftest.exe
configure:23311: $? = 0
configure:23323: result: yes
configure:23334: checking for long double
configure:23394: result: yes
configure:23414: checking for vprintf
configure:23471: gcc -o conftest.exe  -Wall -O3 -fms-extensions -mms-bitfields  -fno-exceptions -fomit-frame-pointer -march=i386 -mcpu=i686     -D__GW32__ -D_LARGEFILE_SOURCE=1 -D_LARGEFILE64_SOURCE=1 -D_FILE_OFFSET_BITS=64 -D_MSC_VER    -idirafter e:/progra~1/gnuwin32/include -idirafter h:/glibc/include     -Wl,-s -Wl,--force-exe-suffix -Wl,--enable-auto-import -Wl,--enable-runtime-pseudo-reloc -Wl,--allow-multiple-definition   conftest.c  -Wl,-s  -Le:/progra~1/gnuwin32/lib -lgw32c  -liberty -lintl -liconv -lwsock32 -lole32 -luuid -lmsvcp60   >&5
conftest.c:77: warning: conflicting types for built-in function `vprintf'
configure:23477: $? = 0
configure:23481: test -z 
			 || test ! -s conftest.err
configure:23484: $? = 0
configure:23487: test -s conftest.exe
configure:23490: $? = 0
configure:23502: result: yes
configure:23509: checking for _doprnt
configure:23566: gcc -o conftest.exe  -Wall -O3 -fms-extensions -mms-bitfields  -fno-exceptions -fomit-frame-pointer -march=i386 -mcpu=i686     -D__GW32__ -D_LARGEFILE_SOURCE=1 -D_LARGEFILE64_SOURCE=1 -D_FILE_OFFSET_BITS=64 -D_MSC_VER    -idirafter e:/progra~1/gnuwin32/include -idirafter h:/glibc/include     -Wl,-s -Wl,--force-exe-suffix -Wl,--enable-auto-import -Wl,--enable-runtime-pseudo-reloc -Wl,--allow-multiple-definition   conftest.c  -Wl,-s  -Le:/progra~1/gnuwin32/lib -lgw32c  -liberty -lintl -liconv -lwsock32 -lole32 -luuid -lmsvcp60   >&5
m:\temp/ccWIbaaa.o(.text+0x1d):conftest.c: undefined reference to `_doprnt'
m:\temp/ccWIbaaa.o(.data+0x0):conftest.c: undefined reference to `_doprnt'
configure:23572: $? = 1
configure: failed program was:
| /* confdefs.h.  */
| 
| #define PACKAGE_NAME ""
| #define PACKAGE_TARNAME ""
| #define PACKAGE_VERSION ""
| #define PACKAGE_STRING ""
| #define PACKAGE_BUGREPORT ""
| #define PACKAGE "gettext-tools"
| #define VERSION "0.14.4"
| #define _GNU_SOURCE 1
| #define STDC_HEADERS 1
| #define HAVE_SYS_TYPES_H 1
| #define HAVE_SYS_STAT_H 1
| #define HAVE_STDLIB_H 1
| #define HAVE_STRING_H 1
| #define HAVE_MEMORY_H 1
| #define HAVE_STRINGS_H 1
| #define HAVE_INTTYPES_H 1
| #define HAVE_STDINT_H 1
| #define HAVE_UNISTD_H 1
| #define __EXTENSIONS__ 1
| #define HAVE_DLFCN_H 1
| #ifdef __cplusplus
| extern "C" void std::exit (int) throw (); using std::exit;
| #endif
| #define INSTALLPREFIX "c:/progra~1/Gettext"
| #define ENABLE_RELOCATABLE 1
| #define STDC_HEADERS 1
| #define HAVE_LIMITS_H 1
| #define HAVE_MALLOC_H 1
| #define HAVE_PWD_H 1
| #define HAVE_STRING_H 1
| #define HAVE_UNISTD_H 1
| #define HAVE_UTIME_H 1
| #define HAVE_VALUES_H 1
| #define HAVE__BOOL 1
| #define HAVE_STDBOOL_H 1
| #define HAVE_UNSIGNED_LONG_LONG 1
| #define HAVE_PTRDIFF_T 1
| #define HAVE_INTTYPES_H_WITH_UINTMAX 1
| #define HAVE_STDINT_H_WITH_UINTMAX 1
| #define HAVE_UINTMAX_T 1
| #define HAVE_SIG_ATOMIC_T 1
| #define HAVE_ALLOCA_H 1
| #define HAVE_ALLOCA 1
| #define HAVE_STDLIB_H 1
| #define HAVE_STRING_H 1
| #define HAVE_STDLIB_H 1
| #define MALLOC_0_IS_NONNULL 1
| #define HAVE_LONG_LONG 1
| #define HAVE_LONG_DOUBLE 1
| #define HAVE_VPRINTF 1
| /* end confdefs.h.  */
| /* Define _doprnt to an innocuous variant, in case <limits.h> declares _doprnt.
|    For example, HP-UX 11i <limits.h> declares gettimeofday.  */
| #define _doprnt innocuous__doprnt
| 
| /* System header to define __stub macros and hopefully few prototypes,
|     which can conflict with char _doprnt (); below.
|     Prefer <limits.h> to <assert.h> if __STDC__ is defined, since
|     <limits.h> exists even on freestanding compilers.  */
| 
| #ifdef __STDC__
| # include <limits.h>
| #else
| # include <assert.h>
| #endif
| 
| #undef _doprnt
| 
| /* Override any gcc2 internal prototype to avoid an error.  */
| #ifdef __cplusplus
| extern "C"
| {
| #endif
| /* We use char because int might match the return type of a gcc2
|    builtin and then its argument prototype would still apply.  */
| char _doprnt ();
| /* The GNU C library defines this for functions which it implements
|     to always fail with ENOSYS.  Some functions are actually named
|     something starting with __ and the normal name is an alias.  */
| #if defined (__stub__doprnt) || defined (__stub____doprnt)
| choke me
| #else
| char (*f) () = _doprnt;
| #endif
| #ifdef __cplusplus
| }
| #endif
| 
| int
| main ()
| {
| return f != _doprnt;
|   ;
|   return 0;
| }
configure:23597: result: no
configure:23626: checking for chown
configure:23683: gcc -o conftest.exe  -Wall -O3 -fms-extensions -mms-bitfields  -fno-exceptions -fomit-frame-pointer -march=i386 -mcpu=i686     -D__GW32__ -D_LARGEFILE_SOURCE=1 -D_LARGEFILE64_SOURCE=1 -D_FILE_OFFSET_BITS=64 -D_MSC_VER    -idirafter e:/progra~1/gnuwin32/include -idirafter h:/glibc/include     -Wl,-s -Wl,--force-exe-suffix -Wl,--enable-auto-import -Wl,--enable-runtime-pseudo-reloc -Wl,--allow-multiple-definition   conftest.c  -Wl,-s  -Le:/progra~1/gnuwin32/lib -lgw32c  -liberty -lintl -liconv -lwsock32 -lole32 -luuid -lmsvcp60   >&5
configure:23689: $? = 0
configure:23693: test -z 
			 || test ! -s conftest.err
configure:23696: $? = 0
configure:23699: test -s conftest.exe
configure:23702: $? = 0
configure:23714: result: yes
configure:23626: checking for getcwd
configure:23683: gcc -o conftest.exe  -Wall -O3 -fms-extensions -mms-bitfields  -fno-exceptions -fomit-frame-pointer -march=i386 -mcpu=i686     -D__GW32__ -D_LARGEFILE_SOURCE=1 -D_LARGEFILE64_SOURCE=1 -D_FILE_OFFSET_BITS=64 -D_MSC_VER    -idirafter e:/progra~1/gnuwin32/include -idirafter h:/glibc/include     -Wl,-s -Wl,--force-exe-suffix -Wl,--enable-auto-import -Wl,--enable-runtime-pseudo-reloc -Wl,--allow-multiple-definition   conftest.c  -Wl,-s  -Le:/progra~1/gnuwin32/lib -lgw32c  -liberty -lintl -liconv -lwsock32 -lole32 -luuid -lmsvcp60   >&5
configure:23689: $? = 0
configure:23693: test -z 
			 || test ! -s conftest.err
configure:23696: $? = 0
configure:23699: test -s conftest.exe
configure:23702: $? = 0
configure:23714: result: yes
configure:23626: checking for posix_spawn
configure:23683: gcc -o conftest.exe  -Wall -O3 -fms-extensions -mms-bitfields  -fno-exceptions -fomit-frame-pointer -march=i386 -mcpu=i686     -D__GW32__ -D_LARGEFILE_SOURCE=1 -D_LARGEFILE64_SOURCE=1 -D_FILE_OFFSET_BITS=64 -D_MSC_VER    -idirafter e:/progra~1/gnuwin32/include -idirafter h:/glibc/include     -Wl,-s -Wl,--force-exe-suffix -Wl,--enable-auto-import -Wl,--enable-runtime-pseudo-reloc -Wl,--allow-multiple-definition   conftest.c  -Wl,-s  -Le:/progra~1/gnuwin32/lib -lgw32c  -liberty -lintl -liconv -lwsock32 -lole32 -luuid -lmsvcp60   >&5
m:\temp/cc2Naaaa.o(.text+0x1d):conftest.c: undefined reference to `posix_spawn'
m:\temp/cc2Naaaa.o(.data+0x0):conftest.c: undefined reference to `posix_spawn'
configure:23689: $? = 1
configure: failed program was:
| /* confdefs.h.  */
| 
| #define PACKAGE_NAME ""
| #define PACKAGE_TARNAME ""
| #define PACKAGE_VERSION ""
| #define PACKAGE_STRING ""
| #define PACKAGE_BUGREPORT ""
| #define PACKAGE "gettext-tools"
| #define VERSION "0.14.4"
| #define _GNU_SOURCE 1
| #define STDC_HEADERS 1
| #define HAVE_SYS_TYPES_H 1
| #define HAVE_SYS_STAT_H 1
| #define HAVE_STDLIB_H 1
| #define HAVE_STRING_H 1
| #define HAVE_MEMORY_H 1
| #define HAVE_STRINGS_H 1
| #define HAVE_INTTYPES_H 1
| #define HAVE_STDINT_H 1
| #define HAVE_UNISTD_H 1
| #define __EXTENSIONS__ 1
| #define HAVE_DLFCN_H 1
| #ifdef __cplusplus
| extern "C" void std::exit (int) throw (); using std::exit;
| #endif
| #define INSTALLPREFIX "c:/progra~1/Gettext"
| #define ENABLE_RELOCATABLE 1
| #define STDC_HEADERS 1
| #define HAVE_LIMITS_H 1
| #define HAVE_MALLOC_H 1
| #define HAVE_PWD_H 1
| #define HAVE_STRING_H 1
| #define HAVE_UNISTD_H 1
| #define HAVE_UTIME_H 1
| #define HAVE_VALUES_H 1
| #define HAVE__BOOL 1
| #define HAVE_STDBOOL_H 1
| #define HAVE_UNSIGNED_LONG_LONG 1
| #define HAVE_PTRDIFF_T 1
| #define HAVE_INTTYPES_H_WITH_UINTMAX 1
| #define HAVE_STDINT_H_WITH_UINTMAX 1
| #define HAVE_UINTMAX_T 1
| #define HAVE_SIG_ATOMIC_T 1
| #define HAVE_ALLOCA_H 1
| #define HAVE_ALLOCA 1
| #define HAVE_STDLIB_H 1
| #define HAVE_STRING_H 1
| #define HAVE_STDLIB_H 1
| #define MALLOC_0_IS_NONNULL 1
| #define HAVE_LONG_LONG 1
| #define HAVE_LONG_DOUBLE 1
| #define HAVE_VPRINTF 1
| #define HAVE_CHOWN 1
| #define HAVE_GETCWD 1
| /* end confdefs.h.  */
| /* Define posix_spawn to an innocuous variant, in case <limits.h> declares posix_spawn.
|    For example, HP-UX 11i <limits.h> declares gettimeofday.  */
| #define posix_spawn innocuous_posix_spawn
| 
| /* System header to define __stub macros and hopefully few prototypes,
|     which can conflict with char posix_spawn (); below.
|     Prefer <limits.h> to <assert.h> if __STDC__ is defined, since
|     <limits.h> exists even on freestanding compilers.  */
| 
| #ifdef __STDC__
| # include <limits.h>
| #else
| # include <assert.h>
| #endif
| 
| #undef posix_spawn
| 
| /* Override any gcc2 internal prototype to avoid an error.  */
| #ifdef __cplusplus
| extern "C"
| {
| #endif
| /* We use char because int might match the return type of a gcc2
|    builtin and then its argument prototype would still apply.  */
| char posix_spawn ();
| /* The GNU C library defines this for functions which it implements
|     to always fail with ENOSYS.  Some functions are actually named
|     something starting with __ and the normal name is an alias.  */
| #if defined (__stub_posix_spawn) || defined (__stub___posix_spawn)
| choke me
| #else
| char (*f) () = posix_spawn;
| #endif
| #ifdef __cplusplus
| }
| #endif
| 
| int
| main ()
| {
| return f != posix_spawn;
|   ;
|   return 0;
| }
configure:23714: result: no
configure:23626: checking for raise
configure:23683: gcc -o conftest.exe  -Wall -O3 -fms-extensions -mms-bitfields  -fno-exceptions -fomit-frame-pointer -march=i386 -mcpu=i686     -D__GW32__ -D_LARGEFILE_SOURCE=1 -D_LARGEFILE64_SOURCE=1 -D_FILE_OFFSET_BITS=64 -D_MSC_VER    -idirafter e:/progra~1/gnuwin32/include -idirafter h:/glibc/include     -Wl,-s -Wl,--force-exe-suffix -Wl,--enable-auto-import -Wl,--enable-runtime-pseudo-reloc -Wl,--allow-multiple-definition   conftest.c  -Wl,-s  -Le:/progra~1/gnuwin32/lib -lgw32c  -liberty -lintl -liconv -lwsock32 -lole32 -luuid -lmsvcp60   >&5
configure:23689: $? = 0
configure:23693: test -z 
			 || test ! -s conftest.err
configure:23696: $? = 0
configure:23699: test -s conftest.exe
configure:23702: $? = 0
configure:23714: result: yes
configure:23626: checking for select
configure:23714: result: no
configure:23626: checking for strerror
configure:23683: gcc -o conftest.exe  -Wall -O3 -fms-extensions -mms-bitfields  -fno-exceptions -fomit-frame-pointer -march=i386 -mcpu=i686     -D__GW32__ -D_LARGEFILE_SOURCE=1 -D_LARGEFILE64_SOURCE=1 -D_FILE_OFFSET_BITS=64 -D_MSC_VER    -idirafter e:/progra~1/gnuwin32/include -idirafter h:/glibc/include     -Wl,-s -Wl,--force-exe-suffix -Wl,--enable-auto-import -Wl,--enable-runtime-pseudo-reloc -Wl,--allow-multiple-definition   conftest.c  -Wl,-s  -Le:/progra~1/gnuwin32/lib -lgw32c  -liberty -lintl -liconv -lwsock32 -lole32 -luuid -lmsvcp60   >&5
configure:23689: $? = 0
configure:23693: test -z 
			 || test ! -s conftest.err
configure:23696: $? = 0
configure:23699: test -s conftest.exe
configure:23702: $? = 0
configure:23714: result: yes
configure:23626: checking for strtoul
configure:23683: gcc -o conftest.exe  -Wall -O3 -fms-extensions -mms-bitfields  -fno-exceptions -fomit-frame-pointer -march=i386 -mcpu=i686     -D__GW32__ -D_LARGEFILE_SOURCE=1 -D_LARGEFILE64_SOURCE=1 -D_FILE_OFFSET_BITS=64 -D_MSC_VER    -idirafter e:/progra~1/gnuwin32/include -idirafter h:/glibc/include     -Wl,-s -Wl,--force-exe-suffix -Wl,--enable-auto-import -Wl,--enable-runtime-pseudo-reloc -Wl,--allow-multiple-definition   conftest.c  -Wl,-s  -Le:/progra~1/gnuwin32/lib -lgw32c  -liberty -lintl -liconv -lwsock32 -lole32 -luuid -lmsvcp60   >&5
configure:23689: $? = 0
configure:23693: test -z 
			 || test ! -s conftest.err
configure:23696: $? = 0
configure:23699: test -s conftest.exe
configure:23702: $? = 0
configure:23714: result: yes
configure:23626: checking for uname
configure:23683: gcc -o conftest.exe  -Wall -O3 -fms-extensions -mms-bitfields  -fno-exceptions -fomit-frame-pointer -march=i386 -mcpu=i686     -D__GW32__ -D_LARGEFILE_SOURCE=1 -D_LARGEFILE64_SOURCE=1 -D_FILE_OFFSET_BITS=64 -D_MSC_VER    -idirafter e:/progra~1/gnuwin32/include -idirafter h:/glibc/include     -Wl,-s -Wl,--force-exe-suffix -Wl,--enable-auto-import -Wl,--enable-runtime-pseudo-reloc -Wl,--allow-multiple-definition   conftest.c  -Wl,-s  -Le:/progra~1/gnuwin32/lib -lgw32c  -liberty -lintl -liconv -lwsock32 -lole32 -luuid -lmsvcp60   >&5
configure:23689: $? = 0
configure:23693: test -z 
			 || test ! -s conftest.err
configure:23696: $? = 0
configure:23699: test -s conftest.exe
configure:23702: $? = 0
configure:23714: result: yes
configure:23626: checking for utime
configure:23683: gcc -o conftest.exe  -Wall -O3 -fms-extensions -mms-bitfields  -fno-exceptions -fomit-frame-pointer -march=i386 -mcpu=i686     -D__GW32__ -D_LARGEFILE_SOURCE=1 -D_LARGEFILE64_SOURCE=1 -D_FILE_OFFSET_BITS=64 -D_MSC_VER    -idirafter e:/progra~1/gnuwin32/include -idirafter h:/glibc/include     -Wl,-s -Wl,--force-exe-suffix -Wl,--enable-auto-import -Wl,--enable-runtime-pseudo-reloc -Wl,--allow-multiple-definition   conftest.c  -Wl,-s  -Le:/progra~1/gnuwin32/lib -lgw32c  -liberty -lintl -liconv -lwsock32 -lole32 -luuid -lmsvcp60   >&5
configure:23689: $? = 0
configure:23693: test -z 
			 || test ! -s conftest.err
configure:23696: $? = 0
configure:23699: test -s conftest.exe
configure:23702: $? = 0
configure:23714: result: yes
configure:23626: checking for utimes
configure:23683: gcc -o conftest.exe  -Wall -O3 -fms-extensions -mms-bitfields  -fno-exceptions -fomit-frame-pointer -march=i386 -mcpu=i686     -D__GW32__ -D_LARGEFILE_SOURCE=1 -D_LARGEFILE64_SOURCE=1 -D_FILE_OFFSET_BITS=64 -D_MSC_VER    -idirafter e:/progra~1/gnuwin32/include -idirafter h:/glibc/include     -Wl,-s -Wl,--force-exe-suffix -Wl,--enable-auto-import -Wl,--enable-runtime-pseudo-reloc -Wl,--allow-multiple-definition   conftest.c  -Wl,-s  -Le:/progra~1/gnuwin32/lib -lgw32c  -liberty -lintl -liconv -lwsock32 -lole32 -luuid -lmsvcp60   >&5
configure:23689: $? = 0
configure:23693: test -z 
			 || test ! -s conftest.err
configure:23696: $? = 0
configure:23699: test -s conftest.exe
configure:23702: $? = 0
configure:23714: result: yes
configure:23626: checking for waitid
configure:23683: gcc -o conftest.exe  -Wall -O3 -fms-extensions -mms-bitfields  -fno-exceptions -fomit-frame-pointer -march=i386 -mcpu=i686     -D__GW32__ -D_LARGEFILE_SOURCE=1 -D_LARGEFILE64_SOURCE=1 -D_FILE_OFFSET_BITS=64 -D_MSC_VER    -idirafter e:/progra~1/gnuwin32/include -idirafter h:/glibc/include     -Wl,-s -Wl,--force-exe-suffix -Wl,--enable-auto-import -Wl,--enable-runtime-pseudo-reloc -Wl,--allow-multiple-definition   conftest.c  -Wl,-s  -Le:/progra~1/gnuwin32/lib -lgw32c  -liberty -lintl -liconv -lwsock32 -lole32 -luuid -lmsvcp60   >&5
configure:23689: $? = 0
configure:23693: test -z 
			 || test ! -s conftest.err
configure:23696: $? = 0
configure:23699: test -s conftest.exe
configure:23702: $? = 0
configure:23714: result: yes
configure:23736: checking for atexit
configure:23793: gcc -o conftest.exe  -Wall -O3 -fms-extensions -mms-bitfields  -fno-exceptions -fomit-frame-pointer -march=i386 -mcpu=i686     -D__GW32__ -D_LARGEFILE_SOURCE=1 -D_LARGEFILE64_SOURCE=1 -D_FILE_OFFSET_BITS=64 -D_MSC_VER    -idirafter e:/progra~1/gnuwin32/include -idirafter h:/glibc/include     -Wl,-s -Wl,--force-exe-suffix -Wl,--enable-auto-import -Wl,--enable-runtime-pseudo-reloc -Wl,--allow-multiple-definition   conftest.c  -Wl,-s  -Le:/progra~1/gnuwin32/lib -lgw32c  -liberty -lintl -liconv -lwsock32 -lole32 -luuid -lmsvcp60   >&5
configure:23799: $? = 0
configure:23803: test -z 
			 || test ! -s conftest.err
configure:23806: $? = 0
configure:23809: test -s conftest.exe
configure:23812: $? = 0
configure:23824: result: yes
configure:23736: checking for memmove
configure:23793: gcc -o conftest.exe  -Wall -O3 -fms-extensions -mms-bitfields  -fno-exceptions -fomit-frame-pointer -march=i386 -mcpu=i686     -D__GW32__ -D_LARGEFILE_SOURCE=1 -D_LARGEFILE64_SOURCE=1 -D_FILE_OFFSET_BITS=64 -D_MSC_VER    -idirafter e:/progra~1/gnuwin32/include -idirafter h:/glibc/include     -Wl,-s -Wl,--force-exe-suffix -Wl,--enable-auto-import -Wl,--enable-runtime-pseudo-reloc -Wl,--allow-multiple-definition   conftest.c  -Wl,-s  -Le:/progra~1/gnuwin32/lib -lgw32c  -liberty -lintl -liconv -lwsock32 -lole32 -luuid -lmsvcp60   >&5
configure:23799: $? = 0
configure:23803: test -z 
			 || test ! -s conftest.err
configure:23806: $? = 0
configure:23809: test -s conftest.exe
configure:23812: $? = 0
configure:23824: result: yes
configure:23736: checking for memset
configure:23793: gcc -o conftest.exe  -Wall -O3 -fms-extensions -mms-bitfields  -fno-exceptions -fomit-frame-pointer -march=i386 -mcpu=i686     -D__GW32__ -D_LARGEFILE_SOURCE=1 -D_LARGEFILE64_SOURCE=1 -D_FILE_OFFSET_BITS=64 -D_MSC_VER    -idirafter e:/progra~1/gnuwin32/include -idirafter h:/glibc/include     -Wl,-s -Wl,--force-exe-suffix -Wl,--enable-auto-import -Wl,--enable-runtime-pseudo-reloc -Wl,--allow-multiple-definition   conftest.c  -Wl,-s  -Le:/progra~1/gnuwin32/lib -lgw32c  -liberty -lintl -liconv -lwsock32 -lole32 -luuid -lmsvcp60   >&5
conftest.c:89: warning: conflicting types for built-in function `memset'
configure:23799: $? = 0
configure:23803: test -z 
			 || test ! -s conftest.err
configure:23806: $? = 0
configure:23809: test -s conftest.exe
configure:23812: $? = 0
configure:23824: result: yes
configure:23736: checking for stpcpy
configure:23793: gcc -o conftest.exe  -Wall -O3 -fms-extensions -mms-bitfields  -fno-exceptions -fomit-frame-pointer -march=i386 -mcpu=i686     -D__GW32__ -D_LARGEFILE_SOURCE=1 -D_LARGEFILE64_SOURCE=1 -D_FILE_OFFSET_BITS=64 -D_MSC_VER    -idirafter e:/progra~1/gnuwin32/include -idirafter h:/glibc/include     -Wl,-s -Wl,--force-exe-suffix -Wl,--enable-auto-import -Wl,--enable-runtime-pseudo-reloc -Wl,--allow-multiple-definition   conftest.c  -Wl,-s  -Le:/progra~1/gnuwin32/lib -lgw32c  -liberty -lintl -liconv -lwsock32 -lole32 -luuid -lmsvcp60   >&5
configure:23799: $? = 0
configure:23803: test -z 
			 || test ! -s conftest.err
configure:23806: $? = 0
configure:23809: test -s conftest.exe
configure:23812: $? = 0
configure:23824: result: yes
configure:23736: checking for strcspn
configure:23793: gcc -o conftest.exe  -Wall -O3 -fms-extensions -mms-bitfields  -fno-exceptions -fomit-frame-pointer -march=i386 -mcpu=i686     -D__GW32__ -D_LARGEFILE_SOURCE=1 -D_LARGEFILE64_SOURCE=1 -D_FILE_OFFSET_BITS=64 -D_MSC_VER    -idirafter e:/progra~1/gnuwin32/include -idirafter h:/glibc/include     -Wl,-s -Wl,--force-exe-suffix -Wl,--enable-auto-import -Wl,--enable-runtime-pseudo-reloc -Wl,--allow-multiple-definition   conftest.c  -Wl,-s  -Le:/progra~1/gnuwin32/lib -lgw32c  -liberty -lintl -liconv -lwsock32 -lole32 -luuid -lmsvcp60   >&5
conftest.c:91: warning: conflicting types for built-in function `strcspn'
configure:23799: $? = 0
configure:23803: test -z 
			 || test ! -s conftest.err
configure:23806: $? = 0
configure:23809: test -s conftest.exe
configure:23812: $? = 0
configure:23824: result: yes
configure:23736: checking for strpbrk
configure:23793: gcc -o conftest.exe  -Wall -O3 -fms-extensions -mms-bitfields  -fno-exceptions -fomit-frame-pointer -march=i386 -mcpu=i686     -D__GW32__ -D_LARGEFILE_SOURCE=1 -D_LARGEFILE64_SOURCE=1 -D_FILE_OFFSET_BITS=64 -D_MSC_VER    -idirafter e:/progra~1/gnuwin32/include -idirafter h:/glibc/include     -Wl,-s -Wl,--force-exe-suffix -Wl,--enable-auto-import -Wl,--enable-runtime-pseudo-reloc -Wl,--allow-multiple-definition   conftest.c  -Wl,-s  -Le:/progra~1/gnuwin32/lib -lgw32c  -liberty -lintl -liconv -lwsock32 -lole32 -luuid -lmsvcp60   >&5
conftest.c:92: warning: conflicting types for built-in function `strpbrk'
configure:23799: $? = 0
configure:23803: test -z 
			 || test ! -s conftest.err
configure:23806: $? = 0
configure:23809: test -s conftest.exe
configure:23812: $? = 0
configure:23824: result: yes
configure:23736: checking for strstr
configure:23793: gcc -o conftest.exe  -Wall -O3 -fms-extensions -mms-bitfields  -fno-exceptions -fomit-frame-pointer -march=i386 -mcpu=i686     -D__GW32__ -D_LARGEFILE_SOURCE=1 -D_LARGEFILE64_SOURCE=1 -D_FILE_OFFSET_BITS=64 -D_MSC_VER    -idirafter e:/progra~1/gnuwin32/include -idirafter h:/glibc/include     -Wl,-s -Wl,--force-exe-suffix -Wl,--enable-auto-import -Wl,--enable-runtime-pseudo-reloc -Wl,--allow-multiple-definition   conftest.c  -Wl,-s  -Le:/progra~1/gnuwin32/lib -lgw32c  -liberty -lintl -liconv -lwsock32 -lole32 -luuid -lmsvcp60   >&5
conftest.c:93: warning: conflicting types for built-in function `strstr'
configure:23799: $? = 0
configure:23803: test -z 
			 || test ! -s conftest.err
configure:23806: $? = 0
configure:23809: test -s conftest.exe
configure:23812: $? = 0
configure:23824: result: yes
configure:23736: checking for vasprintf
configure:23793: gcc -o conftest.exe  -Wall -O3 -fms-extensions -mms-bitfields  -fno-exceptions -fomit-frame-pointer -march=i386 -mcpu=i686     -D__GW32__ -D_LARGEFILE_SOURCE=1 -D_LARGEFILE64_SOURCE=1 -D_FILE_OFFSET_BITS=64 -D_MSC_VER    -idirafter e:/progra~1/gnuwin32/include -idirafter h:/glibc/include     -Wl,-s -Wl,--force-exe-suffix -Wl,--enable-auto-import -Wl,--enable-runtime-pseudo-reloc -Wl,--allow-multiple-definition   conftest.c  -Wl,-s  -Le:/progra~1/gnuwin32/lib -lgw32c  -liberty -lintl -liconv -lwsock32 -lole32 -luuid -lmsvcp60   >&5
configure:23799: $? = 0
configure:23803: test -z 
			 || test ! -s conftest.err
configure:23806: $? = 0
configure:23809: test -s conftest.exe
configure:23812: $? = 0
configure:23824: result: yes
configure:23848: checking for getline
configure:23905: gcc -o conftest.exe  -Wall -O3 -fms-extensions -mms-bitfields  -fno-exceptions -fomit-frame-pointer -march=i386 -mcpu=i686     -D__GW32__ -D_LARGEFILE_SOURCE=1 -D_LARGEFILE64_SOURCE=1 -D_FILE_OFFSET_BITS=64 -D_MSC_VER    -idirafter e:/progra~1/gnuwin32/include -idirafter h:/glibc/include     -Wl,-s -Wl,--force-exe-suffix -Wl,--enable-auto-import -Wl,--enable-runtime-pseudo-reloc -Wl,--allow-multiple-definition   conftest.c  -Wl,-s  -Le:/progra~1/gnuwin32/lib -lgw32c  -liberty -lintl -liconv -lwsock32 -lole32 -luuid -lmsvcp60   >&5
configure:23911: $? = 0
configure:23915: test -z 
			 || test ! -s conftest.err
configure:23918: $? = 0
configure:23921: test -s conftest.exe
configure:23924: $? = 0
configure:23936: result: yes
configure:23945: checking for working getline function
configure:23978: gcc -o conftest.exe  -Wall -O3 -fms-extensions -mms-bitfields  -fno-exceptions -fomit-frame-pointer -march=i386 -mcpu=i686     -D__GW32__ -D_LARGEFILE_SOURCE=1 -D_LARGEFILE64_SOURCE=1 -D_FILE_OFFSET_BITS=64 -D_MSC_VER    -idirafter e:/progra~1/gnuwin32/include -idirafter h:/glibc/include     -Wl,-s -Wl,--force-exe-suffix -Wl,--enable-auto-import -Wl,--enable-runtime-pseudo-reloc -Wl,--allow-multiple-definition   conftest.c  -Wl,-s  -Le:/progra~1/gnuwin32/lib -lgw32c  -liberty -lintl -liconv -lwsock32 -lole32 -luuid -lmsvcp60   >&5
conftest.c: In function `main':
conftest.c:83: warning: implicit declaration of function `getline'
configure:23981: $? = 0
configure:23983: ./conftest.exe
configure:23986: $? = 0
configure:24000: result: yes
configure:24243: checking for an ANSI C-conforming const
configure:24310: gcc -c  -Wall -O3 -fms-extensions -mms-bitfields  -fno-exceptions -fomit-frame-pointer -march=i386 -mcpu=i686     -D__GW32__ -D_LARGEFILE_SOURCE=1 -D_LARGEFILE64_SOURCE=1 -D_FILE_OFFSET_BITS=64 -D_MSC_VER    -idirafter e:/progra~1/gnuwin32/include -idirafter h:/glibc/include    conftest.c >&5
conftest.c: In function `main':
conftest.c:98: warning: unused variable `s'
conftest.c:118: warning: unused variable `foo'
conftest.c:79: warning: unused variable `x'
conftest.c:85: warning: unused variable `zero'
conftest.c:97: warning: `t' might be used uninitialized in this function
conftest.c:115: warning: `b' might be used uninitialized in this function
configure:24316: $? = 0
configure:24320: test -z 
			 || test ! -s conftest.err
configure:24323: $? = 0
configure:24326: test -s conftest.o
configure:24329: $? = 0
configure:24340: result: yes
configure:24350: checking for mbstate_t
configure:24372: gcc -c  -Wall -O3 -fms-extensions -mms-bitfields  -fno-exceptions -fomit-frame-pointer -march=i386 -mcpu=i686     -D__GW32__ -D_LARGEFILE_SOURCE=1 -D_LARGEFILE64_SOURCE=1 -D_FILE_OFFSET_BITS=64 -D_MSC_VER    -idirafter e:/progra~1/gnuwin32/include -idirafter h:/glibc/include    conftest.c >&5
configure:24378: $? = 0
configure:24382: test -z 
			 || test ! -s conftest.err
configure:24385: $? = 0
configure:24388: test -s conftest.o
configure:24391: $? = 0
configure:24402: result: yes
configure:24419: checking for working POSIX fnmatch
configure:24455: gcc -o conftest.exe  -Wall -O3 -fms-extensions -mms-bitfields  -fno-exceptions -fomit-frame-pointer -march=i386 -mcpu=i686     -D__GW32__ -D_LARGEFILE_SOURCE=1 -D_LARGEFILE64_SOURCE=1 -D_FILE_OFFSET_BITS=64 -D_MSC_VER    -idirafter e:/progra~1/gnuwin32/include -idirafter h:/glibc/include     -Wl,-s -Wl,--force-exe-suffix -Wl,--enable-auto-import -Wl,--enable-runtime-pseudo-reloc -Wl,--allow-multiple-definition   conftest.c  -Wl,-s  -Le:/progra~1/gnuwin32/lib -lgw32c  -liberty -lintl -liconv -lwsock32 -lole32 -luuid -lmsvcp60   >&5
configure:24458: $? = 0
configure:24460: ./conftest.exe
configure:24463: $? = 1
configure: program exited with status 1
configure: failed program was:
| /* confdefs.h.  */
| 
| #define PACKAGE_NAME ""
| #define PACKAGE_TARNAME ""
| #define PACKAGE_VERSION ""
| #define PACKAGE_STRING ""
| #define PACKAGE_BUGREPORT ""
| #define PACKAGE "gettext-tools"
| #define VERSION "0.14.4"
| #define _GNU_SOURCE 1
| #define STDC_HEADERS 1
| #define HAVE_SYS_TYPES_H 1
| #define HAVE_SYS_STAT_H 1
| #define HAVE_STDLIB_H 1
| #define HAVE_STRING_H 1
| #define HAVE_MEMORY_H 1
| #define HAVE_STRINGS_H 1
| #define HAVE_INTTYPES_H 1
| #define HAVE_STDINT_H 1
| #define HAVE_UNISTD_H 1
| #define __EXTENSIONS__ 1
| #define HAVE_DLFCN_H 1
| #ifdef __cplusplus
| extern "C" void std::exit (int) throw (); using std::exit;
| #endif
| #define INSTALLPREFIX "c:/progra~1/Gettext"
| #define ENABLE_RELOCATABLE 1
| #define STDC_HEADERS 1
| #define HAVE_LIMITS_H 1
| #define HAVE_MALLOC_H 1
| #define HAVE_PWD_H 1
| #define HAVE_STRING_H 1
| #define HAVE_UNISTD_H 1
| #define HAVE_UTIME_H 1
| #define HAVE_VALUES_H 1
| #define HAVE__BOOL 1
| #define HAVE_STDBOOL_H 1
| #define HAVE_UNSIGNED_LONG_LONG 1
| #define HAVE_PTRDIFF_T 1
| #define HAVE_INTTYPES_H_WITH_UINTMAX 1
| #define HAVE_STDINT_H_WITH_UINTMAX 1
| #define HAVE_UINTMAX_T 1
| #define HAVE_SIG_ATOMIC_T 1
| #define HAVE_ALLOCA_H 1
| #define HAVE_ALLOCA 1
| #define HAVE_STDLIB_H 1
| #define HAVE_STRING_H 1
| #define HAVE_STDLIB_H 1
| #define MALLOC_0_IS_NONNULL 1
| #define HAVE_LONG_LONG 1
| #define HAVE_LONG_DOUBLE 1
| #define HAVE_VPRINTF 1
| #define HAVE_CHOWN 1
| #define HAVE_GETCWD 1
| #define HAVE_RAISE 1
| #define HAVE_STRERROR 1
| #define HAVE_STRTOUL 1
| #define HAVE_UNAME 1
| #define HAVE_UTIME 1
| #define HAVE_UTIMES 1
| #define HAVE_WAITID 1
| #define HAVE_ATEXIT 1
| #define HAVE_MEMMOVE 1
| #define HAVE_MEMSET 1
| #define HAVE_STPCPY 1
| #define HAVE_STRCSPN 1
| #define HAVE_STRPBRK 1
| #define HAVE_STRSTR 1
| #define HAVE_VASPRINTF 1
| #define HAVE_MBSTATE_T 1
| /* end confdefs.h.  */
| 
| #	   include <stdlib.h>
| #	   include <fnmatch.h>
| #	   define y(a, b, c) (fnmatch (a, b, c) == 0)
| #	   define n(a, b, c) (fnmatch (a, b, c) == FNM_NOMATCH)
| 
| int
| main ()
| {
| exit
| 	   (!(y ("a*", "abc", 0)
| 	      && n ("d*/*1", "d/s/1", FNM_PATHNAME)
| 	      && y ("a\\bc", "abc", 0)
| 	      && n ("a\\bc", "abc", FNM_NOESCAPE)
| 	      && y ("*x", ".x", 0)
| 	      && n ("*x", ".x", FNM_PERIOD)
| 	      && 1));
|   ;
|   return 0;
| }
configure:24477: result: no
configure:24482: checking whether getenv is declared
configure:24506: gcc -c  -Wall -O3 -fms-extensions -mms-bitfields  -fno-exceptions -fomit-frame-pointer -march=i386 -mcpu=i686     -D__GW32__ -D_LARGEFILE_SOURCE=1 -D_LARGEFILE64_SOURCE=1 -D_FILE_OFFSET_BITS=64 -D_MSC_VER    -idirafter e:/progra~1/gnuwin32/include -idirafter h:/glibc/include    conftest.c >&5
conftest.c: In function `main':
conftest.c:110: warning: unused variable `p'
configure:24512: $? = 0
configure:24516: test -z 
			 || test ! -s conftest.err
configure:24519: $? = 0
configure:24522: test -s conftest.o
configure:24525: $? = 0
configure:24536: result: yes
configure:24563: checking for btowc
configure:24620: gcc -o conftest.exe  -Wall -O3 -fms-extensions -mms-bitfields  -fno-exceptions -fomit-frame-pointer -march=i386 -mcpu=i686     -D__GW32__ -D_LARGEFILE_SOURCE=1 -D_LARGEFILE64_SOURCE=1 -D_FILE_OFFSET_BITS=64 -D_MSC_VER    -idirafter e:/progra~1/gnuwin32/include -idirafter h:/glibc/include     -Wl,-s -Wl,--force-exe-suffix -Wl,--enable-auto-import -Wl,--enable-runtime-pseudo-reloc -Wl,--allow-multiple-definition   conftest.c  -Wl,-s  -Le:/progra~1/gnuwin32/lib -lgw32c  -liberty -lintl -liconv -lwsock32 -lole32 -luuid -lmsvcp60   >&5
configure:24626: $? = 0
configure:24630: test -z 
			 || test ! -s conftest.err
configure:24633: $? = 0
configure:24636: test -s conftest.exe
configure:24639: $? = 0
configure:24651: result: yes
configure:24563: checking for mbsrtowcs
configure:24620: gcc -o conftest.exe  -Wall -O3 -fms-extensions -mms-bitfields  -fno-exceptions -fomit-frame-pointer -march=i386 -mcpu=i686     -D__GW32__ -D_LARGEFILE_SOURCE=1 -D_LARGEFILE64_SOURCE=1 -D_FILE_OFFSET_BITS=64 -D_MSC_VER    -idirafter e:/progra~1/gnuwin32/include -idirafter h:/glibc/include     -Wl,-s -Wl,--force-exe-suffix -Wl,--enable-auto-import -Wl,--enable-runtime-pseudo-reloc -Wl,--allow-multiple-definition   conftest.c  -Wl,-s  -Le:/progra~1/gnuwin32/lib -lgw32c  -liberty -lintl -liconv -lwsock32 -lole32 -luuid -lmsvcp60   >&5
configure:24626: $? = 0
configure:24630: test -z 
			 || test ! -s conftest.err
configure:24633: $? = 0
configure:24636: test -s conftest.exe
configure:24639: $? = 0
configure:24651: result: yes
configure:24563: checking for mempcpy
configure:24620: gcc -o conftest.exe  -Wall -O3 -fms-extensions -mms-bitfields  -fno-exceptions -fomit-frame-pointer -march=i386 -mcpu=i686     -D__GW32__ -D_LARGEFILE_SOURCE=1 -D_LARGEFILE64_SOURCE=1 -D_FILE_OFFSET_BITS=64 -D_MSC_VER    -idirafter e:/progra~1/gnuwin32/include -idirafter h:/glibc/include     -Wl,-s -Wl,--force-exe-suffix -Wl,--enable-auto-import -Wl,--enable-runtime-pseudo-reloc -Wl,--allow-multiple-definition   conftest.c  -Wl,-s  -Le:/progra~1/gnuwin32/lib -lgw32c  -liberty -lintl -liconv -lwsock32 -lole32 -luuid -lmsvcp60   >&5
configure:24626: $? = 0
configure:24630: test -z 
			 || test ! -s conftest.err
configure:24633: $? = 0
configure:24636: test -s conftest.exe
configure:24639: $? = 0
configure:24651: result: yes
configure:24563: checking for wmemchr
configure:24620: gcc -o conftest.exe  -Wall -O3 -fms-extensions -mms-bitfields  -fno-exceptions -fomit-frame-pointer -march=i386 -mcpu=i686     -D__GW32__ -D_LARGEFILE_SOURCE=1 -D_LARGEFILE64_SOURCE=1 -D_FILE_OFFSET_BITS=64 -D_MSC_VER    -idirafter e:/progra~1/gnuwin32/include -idirafter h:/glibc/include     -Wl,-s -Wl,--force-exe-suffix -Wl,--enable-auto-import -Wl,--enable-runtime-pseudo-reloc -Wl,--allow-multiple-definition   conftest.c  -Wl,-s  -Le:/progra~1/gnuwin32/lib -lgw32c  -liberty -lintl -liconv -lwsock32 -lole32 -luuid -lmsvcp60   >&5
configure:24626: $? = 0
configure:24630: test -z 
			 || test ! -s conftest.err
configure:24633: $? = 0
configure:24636: test -s conftest.exe
configure:24639: $? = 0
configure:24651: result: yes
configure:24563: checking for wmemcpy
configure:24620: gcc -o conftest.exe  -Wall -O3 -fms-extensions -mms-bitfields  -fno-exceptions -fomit-frame-pointer -march=i386 -mcpu=i686     -D__GW32__ -D_LARGEFILE_SOURCE=1 -D_LARGEFILE64_SOURCE=1 -D_FILE_OFFSET_BITS=64 -D_MSC_VER    -idirafter e:/progra~1/gnuwin32/include -idirafter h:/glibc/include     -Wl,-s -Wl,--force-exe-suffix -Wl,--enable-auto-import -Wl,--enable-runtime-pseudo-reloc -Wl,--allow-multiple-definition   conftest.c  -Wl,-s  -Le:/progra~1/gnuwin32/lib -lgw32c  -liberty -lintl -liconv -lwsock32 -lole32 -luuid -lmsvcp60   >&5
configure:24626: $? = 0
configure:24630: test -z 
			 || test ! -s conftest.err
configure:24633: $? = 0
configure:24636: test -s conftest.exe
configure:24639: $? = 0
configure:24651: result: yes
configure:24563: checking for wmempcpy
configure:24620: gcc -o conftest.exe  -Wall -O3 -fms-extensions -mms-bitfields  -fno-exceptions -fomit-frame-pointer -march=i386 -mcpu=i686     -D__GW32__ -D_LARGEFILE_SOURCE=1 -D_LARGEFILE64_SOURCE=1 -D_FILE_OFFSET_BITS=64 -D_MSC_VER    -idirafter e:/progra~1/gnuwin32/include -idirafter h:/glibc/include     -Wl,-s -Wl,--force-exe-suffix -Wl,--enable-auto-import -Wl,--enable-runtime-pseudo-reloc -Wl,--allow-multiple-definition   conftest.c  -Wl,-s  -Le:/progra~1/gnuwin32/lib -lgw32c  -liberty -lintl -liconv -lwsock32 -lole32 -luuid -lmsvcp60   >&5
m:\temp/ccegcaaa.o(.text+0x1d):conftest.c: undefined reference to `wmempcpy'
m:\temp/ccegcaaa.o(.data+0x0):conftest.c: undefined reference to `wmempcpy'
configure:24626: $? = 1
configure: failed program was:
| /* confdefs.h.  */
| 
| #define PACKAGE_NAME ""
| #define PACKAGE_TARNAME ""
| #define PACKAGE_VERSION ""
| #define PACKAGE_STRING ""
| #define PACKAGE_BUGREPORT ""
| #define PACKAGE "gettext-tools"
| #define VERSION "0.14.4"
| #define _GNU_SOURCE 1
| #define STDC_HEADERS 1
| #define HAVE_SYS_TYPES_H 1
| #define HAVE_SYS_STAT_H 1
| #define HAVE_STDLIB_H 1
| #define HAVE_STRING_H 1
| #define HAVE_MEMORY_H 1
| #define HAVE_STRINGS_H 1
| #define HAVE_INTTYPES_H 1
| #define HAVE_STDINT_H 1
| #define HAVE_UNISTD_H 1
| #define __EXTENSIONS__ 1
| #define HAVE_DLFCN_H 1
| #ifdef __cplusplus
| extern "C" void std::exit (int) throw (); using std::exit;
| #endif
| #define INSTALLPREFIX "c:/progra~1/Gettext"
| #define ENABLE_RELOCATABLE 1
| #define STDC_HEADERS 1
| #define HAVE_LIMITS_H 1
| #define HAVE_MALLOC_H 1
| #define HAVE_PWD_H 1
| #define HAVE_STRING_H 1
| #define HAVE_UNISTD_H 1
| #define HAVE_UTIME_H 1
| #define HAVE_VALUES_H 1
| #define HAVE__BOOL 1
| #define HAVE_STDBOOL_H 1
| #define HAVE_UNSIGNED_LONG_LONG 1
| #define HAVE_PTRDIFF_T 1
| #define HAVE_INTTYPES_H_WITH_UINTMAX 1
| #define HAVE_STDINT_H_WITH_UINTMAX 1
| #define HAVE_UINTMAX_T 1
| #define HAVE_SIG_ATOMIC_T 1
| #define HAVE_ALLOCA_H 1
| #define HAVE_ALLOCA 1
| #define HAVE_STDLIB_H 1
| #define HAVE_STRING_H 1
| #define HAVE_STDLIB_H 1
| #define MALLOC_0_IS_NONNULL 1
| #define HAVE_LONG_LONG 1
| #define HAVE_LONG_DOUBLE 1
| #define HAVE_VPRINTF 1
| #define HAVE_CHOWN 1
| #define HAVE_GETCWD 1
| #define HAVE_RAISE 1
| #define HAVE_STRERROR 1
| #define HAVE_STRTOUL 1
| #define HAVE_UNAME 1
| #define HAVE_UTIME 1
| #define HAVE_UTIMES 1
| #define HAVE_WAITID 1
| #define HAVE_ATEXIT 1
| #define HAVE_MEMMOVE 1
| #define HAVE_MEMSET 1
| #define HAVE_STPCPY 1
| #define HAVE_STRCSPN 1
| #define HAVE_STRPBRK 1
| #define HAVE_STRSTR 1
| #define HAVE_VASPRINTF 1
| #define HAVE_MBSTATE_T 1
| #define HAVE_DECL_GETENV 1
| #define HAVE_BTOWC 1
| #define HAVE_MBSRTOWCS 1
| #define HAVE_MEMPCPY 1
| #define HAVE_WMEMCHR 1
| #define HAVE_WMEMCPY 1
| /* end confdefs.h.  */
| /* Define wmempcpy to an innocuous variant, in case <limits.h> declares wmempcpy.
|    For example, HP-UX 11i <limits.h> declares gettimeofday.  */
| #define wmempcpy innocuous_wmempcpy
| 
| /* System header to define __stub macros and hopefully few prototypes,
|     which can conflict with char wmempcpy (); below.
|     Prefer <limits.h> to <assert.h> if __STDC__ is defined, since
|     <limits.h> exists even on freestanding compilers.  */
| 
| #ifdef __STDC__
| # include <limits.h>
| #else
| # include <assert.h>
| #endif
| 
| #undef wmempcpy
| 
| /* Override any gcc2 internal prototype to avoid an error.  */
| #ifdef __cplusplus
| extern "C"
| {
| #endif
| /* We use char because int might match the return type of a gcc2
|    builtin and then its argument prototype would still apply.  */
| char wmempcpy ();
| /* The GNU C library defines this for functions which it implements
|     to always fail with ENOSYS.  Some functions are actually named
|     something starting with __ and the normal name is an alias.  */
| #if defined (__stub_wmempcpy) || defined (__stub___wmempcpy)
| choke me
| #else
| char (*f) () = wmempcpy;
| #endif
| #ifdef __cplusplus
| }
| #endif
| 
| int
| main ()
| {
| return f != wmempcpy;
|   ;
|   return 0;
| }
configure:24651: result: no
configure:24676: checking wchar.h usability
configure:24688: gcc -c  -Wall -O3 -fms-extensions -mms-bitfields  -fno-exceptions -fomit-frame-pointer -march=i386 -mcpu=i686     -D__GW32__ -D_LARGEFILE_SOURCE=1 -D_LARGEFILE64_SOURCE=1 -D_FILE_OFFSET_BITS=64 -D_MSC_VER    -idirafter e:/progra~1/gnuwin32/include -idirafter h:/glibc/include    conftest.c >&5
configure:24694: $? = 0
configure:24698: test -z 
			 || test ! -s conftest.err
configure:24701: $? = 0
configure:24704: test -s conftest.o
configure:24707: $? = 0
configure:24717: result: yes
configure:24721: checking wchar.h presence
configure:24731: gcc -E   -D__GW32__ -D_LARGEFILE_SOURCE=1 -D_LARGEFILE64_SOURCE=1 -D_FILE_OFFSET_BITS=64 -D_MSC_VER    -idirafter e:/progra~1/gnuwin32/include -idirafter h:/glibc/include    conftest.c
configure:24737: $? = 0
configure:24757: result: yes
configure:24792: checking for wchar.h
configure:24799: result: yes
configure:24676: checking wctype.h usability
configure:24688: gcc -c  -Wall -O3 -fms-extensions -mms-bitfields  -fno-exceptions -fomit-frame-pointer -march=i386 -mcpu=i686     -D__GW32__ -D_LARGEFILE_SOURCE=1 -D_LARGEFILE64_SOURCE=1 -D_FILE_OFFSET_BITS=64 -D_MSC_VER    -idirafter e:/progra~1/gnuwin32/include -idirafter h:/glibc/include    conftest.c >&5
configure:24694: $? = 0
configure:24698: test -z 
			 || test ! -s conftest.err
configure:24701: $? = 0
configure:24704: test -s conftest.o
configure:24707: $? = 0
configure:24717: result: yes
configure:24721: checking wctype.h presence
configure:24731: gcc -E   -D__GW32__ -D_LARGEFILE_SOURCE=1 -D_LARGEFILE64_SOURCE=1 -D_FILE_OFFSET_BITS=64 -D_MSC_VER    -idirafter e:/progra~1/gnuwin32/include -idirafter h:/glibc/include    conftest.c
configure:24737: $? = 0
configure:24757: result: yes
configure:24792: checking for wctype.h
configure:24799: result: yes
configure:24853: checking getopt.h usability
configure:24865: gcc -c  -Wall -O3 -fms-extensions -mms-bitfields  -fno-exceptions -fomit-frame-pointer -march=i386 -mcpu=i686     -D__GW32__ -D_LARGEFILE_SOURCE=1 -D_LARGEFILE64_SOURCE=1 -D_FILE_OFFSET_BITS=64 -D_MSC_VER    -idirafter e:/progra~1/gnuwin32/include -idirafter h:/glibc/include    conftest.c >&5
configure:24871: $? = 0
configure:24875: test -z 
			 || test ! -s conftest.err
configure:24878: $? = 0
configure:24881: test -s conftest.o
configure:24884: $? = 0
configure:24894: result: yes
configure:24898: checking getopt.h presence
configure:24908: gcc -E   -D__GW32__ -D_LARGEFILE_SOURCE=1 -D_LARGEFILE64_SOURCE=1 -D_FILE_OFFSET_BITS=64 -D_MSC_VER    -idirafter e:/progra~1/gnuwin32/include -idirafter h:/glibc/include    conftest.c
configure:24914: $? = 0
configure:24934: result: yes
configure:24969: checking for getopt.h
configure:24976: result: yes
configure:24995: checking for getopt_long_only
configure:25052: gcc -o conftest.exe  -Wall -O3 -fms-extensions -mms-bitfields  -fno-exceptions -fomit-frame-pointer -march=i386 -mcpu=i686     -D__GW32__ -D_LARGEFILE_SOURCE=1 -D_LARGEFILE64_SOURCE=1 -D_FILE_OFFSET_BITS=64 -D_MSC_VER    -idirafter e:/progra~1/gnuwin32/include -idirafter h:/glibc/include     -Wl,-s -Wl,--force-exe-suffix -Wl,--enable-auto-import -Wl,--enable-runtime-pseudo-reloc -Wl,--allow-multiple-definition   conftest.c  -Wl,-s  -Le:/progra~1/gnuwin32/lib -lgw32c  -liberty -lintl -liconv -lwsock32 -lole32 -luuid -lmsvcp60   >&5
configure:25058: $? = 0
configure:25062: test -z 
			 || test ! -s conftest.err
configure:25065: $? = 0
configure:25068: test -s conftest.exe
configure:25071: $? = 0
configure:25083: result: yes
configure:25096: checking whether optreset is declared
configure:25121: gcc -c  -Wall -O3 -fms-extensions -mms-bitfields  -fno-exceptions -fomit-frame-pointer -march=i386 -mcpu=i686     -D__GW32__ -D_LARGEFILE_SOURCE=1 -D_LARGEFILE64_SOURCE=1 -D_FILE_OFFSET_BITS=64 -D_MSC_VER    -idirafter e:/progra~1/gnuwin32/include -idirafter h:/glibc/include    conftest.c >&5
conftest.c: In function `main':
conftest.c:89: warning: unused variable `p'
configure:25127: $? = 0
configure:25131: test -z 
			 || test ! -s conftest.err
configure:25134: $? = 0
configure:25137: test -s conftest.o
configure:25140: $? = 0
configure:25151: result: yes
configure:25188: checking for eaccess
configure:25245: gcc -o conftest.exe  -Wall -O3 -fms-extensions -mms-bitfields  -fno-exceptions -fomit-frame-pointer -march=i386 -mcpu=i686     -D__GW32__ -D_LARGEFILE_SOURCE=1 -D_LARGEFILE64_SOURCE=1 -D_FILE_OFFSET_BITS=64 -D_MSC_VER    -idirafter e:/progra~1/gnuwin32/include -idirafter h:/glibc/include     -Wl,-s -Wl,--force-exe-suffix -Wl,--enable-auto-import -Wl,--enable-runtime-pseudo-reloc -Wl,--allow-multiple-definition   conftest.c  -Wl,-s  -Le:/progra~1/gnuwin32/lib -lgw32c  -liberty -lintl -liconv -lwsock32 -lole32 -luuid -lmsvcp60   >&5
m:\temp/ccSYaaaa.o(.text+0x1d):conftest.c: undefined reference to `eaccess'
m:\temp/ccSYaaaa.o(.data+0x0):conftest.c: undefined reference to `eaccess'
configure:25251: $? = 1
configure: failed program was:
| /* confdefs.h.  */
| 
| #define PACKAGE_NAME ""
| #define PACKAGE_TARNAME ""
| #define PACKAGE_VERSION ""
| #define PACKAGE_STRING ""
| #define PACKAGE_BUGREPORT ""
| #define PACKAGE "gettext-tools"
| #define VERSION "0.14.4"
| #define _GNU_SOURCE 1
| #define STDC_HEADERS 1
| #define HAVE_SYS_TYPES_H 1
| #define HAVE_SYS_STAT_H 1
| #define HAVE_STDLIB_H 1
| #define HAVE_STRING_H 1
| #define HAVE_MEMORY_H 1
| #define HAVE_STRINGS_H 1
| #define HAVE_INTTYPES_H 1
| #define HAVE_STDINT_H 1
| #define HAVE_UNISTD_H 1
| #define __EXTENSIONS__ 1
| #define HAVE_DLFCN_H 1
| #ifdef __cplusplus
| extern "C" void std::exit (int) throw (); using std::exit;
| #endif
| #define INSTALLPREFIX "c:/progra~1/Gettext"
| #define ENABLE_RELOCATABLE 1
| #define STDC_HEADERS 1
| #define HAVE_LIMITS_H 1
| #define HAVE_MALLOC_H 1
| #define HAVE_PWD_H 1
| #define HAVE_STRING_H 1
| #define HAVE_UNISTD_H 1
| #define HAVE_UTIME_H 1
| #define HAVE_VALUES_H 1
| #define HAVE__BOOL 1
| #define HAVE_STDBOOL_H 1
| #define HAVE_UNSIGNED_LONG_LONG 1
| #define HAVE_PTRDIFF_T 1
| #define HAVE_INTTYPES_H_WITH_UINTMAX 1
| #define HAVE_STDINT_H_WITH_UINTMAX 1
| #define HAVE_UINTMAX_T 1
| #define HAVE_SIG_ATOMIC_T 1
| #define HAVE_ALLOCA_H 1
| #define HAVE_ALLOCA 1
| #define HAVE_STDLIB_H 1
| #define HAVE_STRING_H 1
| #define HAVE_STDLIB_H 1
| #define MALLOC_0_IS_NONNULL 1
| #define HAVE_LONG_LONG 1
| #define HAVE_LONG_DOUBLE 1
| #define HAVE_VPRINTF 1
| #define HAVE_CHOWN 1
| #define HAVE_GETCWD 1
| #define HAVE_RAISE 1
| #define HAVE_STRERROR 1
| #define HAVE_STRTOUL 1
| #define HAVE_UNAME 1
| #define HAVE_UTIME 1
| #define HAVE_UTIMES 1
| #define HAVE_WAITID 1
| #define HAVE_ATEXIT 1
| #define HAVE_MEMMOVE 1
| #define HAVE_MEMSET 1
| #define HAVE_STPCPY 1
| #define HAVE_STRCSPN 1
| #define HAVE_STRPBRK 1
| #define HAVE_STRSTR 1
| #define HAVE_VASPRINTF 1
| #define HAVE_MBSTATE_T 1
| #define HAVE_DECL_GETENV 1
| #define HAVE_BTOWC 1
| #define HAVE_MBSRTOWCS 1
| #define HAVE_MEMPCPY 1
| #define HAVE_WMEMCHR 1
| #define HAVE_WMEMCPY 1
| #define HAVE_WCHAR_H 1
| #define HAVE_WCTYPE_H 1
| #define fnmatch posix_fnmatch
| #define HAVE_GETOPT_H 1
| #define HAVE_GETOPT_LONG_ONLY 1
| #define __GETOPT_PREFIX rpl_
| /* end confdefs.h.  */
| /* Define eaccess to an innocuous variant, in case <limits.h> declares eaccess.
|    For example, HP-UX 11i <limits.h> declares gettimeofday.  */
| #define eaccess innocuous_eaccess
| 
| /* System header to define __stub macros and hopefully few prototypes,
|     which can conflict with char eaccess (); below.
|     Prefer <limits.h> to <assert.h> if __STDC__ is defined, since
|     <limits.h> exists even on freestanding compilers.  */
| 
| #ifdef __STDC__
| # include <limits.h>
| #else
| # include <assert.h>
| #endif
| 
| #undef eaccess
| 
| /* Override any gcc2 internal prototype to avoid an error.  */
| #ifdef __cplusplus
| extern "C"
| {
| #endif
| /* We use char because int might match the return type of a gcc2
|    builtin and then its argument prototype would still apply.  */
| char eaccess ();
| /* The GNU C library defines this for functions which it implements
|     to always fail with ENOSYS.  Some functions are actually named
|     something starting with __ and the normal name is an alias.  */
| #if defined (__stub_eaccess) || defined (__stub___eaccess)
| choke me
| #else
| char (*f) () = eaccess;
| #endif
| #ifdef __cplusplus
| }
| #endif
| 
| int
| main ()
| {
| return f != eaccess;
|   ;
|   return 0;
| }
configure:25276: result: no
configure:25293: checking for working stpncpy
configure:25348: gcc -o conftest.exe  -Wall -O3 -fms-extensions -mms-bitfields  -fno-exceptions -fomit-frame-pointer -march=i386 -mcpu=i686     -D__GW32__ -D_LARGEFILE_SOURCE=1 -D_LARGEFILE64_SOURCE=1 -D_FILE_OFFSET_BITS=64 -D_MSC_VER    -idirafter e:/progra~1/gnuwin32/include -idirafter h:/glibc/include     -Wl,-s -Wl,--force-exe-suffix -Wl,--enable-auto-import -Wl,--enable-runtime-pseudo-reloc -Wl,--allow-multiple-definition   conftest.c  -Wl,-s  -Le:/progra~1/gnuwin32/lib -lgw32c  -liberty -lintl -liconv -lwsock32 -lole32 -luuid -lmsvcp60   >&5
conftest.c: In function `main':
conftest.c:92: warning: implicit declaration of function `strcpy'
configure:25351: $? = 0
configure:25353: ./conftest.exe
configure:25356: $? = 0
configure:25370: result: yes
configure:25399: checking for strcasecmp
configure:25456: gcc -o conftest.exe  -Wall -O3 -fms-extensions -mms-bitfields  -fno-exceptions -fomit-frame-pointer -march=i386 -mcpu=i686     -D__GW32__ -D_LARGEFILE_SOURCE=1 -D_LARGEFILE64_SOURCE=1 -D_FILE_OFFSET_BITS=64 -D_MSC_VER    -idirafter e:/progra~1/gnuwin32/include -idirafter h:/glibc/include     -Wl,-s -Wl,--force-exe-suffix -Wl,--enable-auto-import -Wl,--enable-runtime-pseudo-reloc -Wl,--allow-multiple-definition   conftest.c  -Wl,-s  -Le:/progra~1/gnuwin32/lib -lgw32c  -liberty -lintl -liconv -lwsock32 -lole32 -luuid -lmsvcp60   >&5
configure:25462: $? = 0
configure:25466: test -z 
			 || test ! -s conftest.err
configure:25469: $? = 0
configure:25472: test -s conftest.exe
configure:25475: $? = 0
configure:25487: result: yes
configure:25518: checking for strncasecmp
configure:25575: gcc -o conftest.exe  -Wall -O3 -fms-extensions -mms-bitfields  -fno-exceptions -fomit-frame-pointer -march=i386 -mcpu=i686     -D__GW32__ -D_LARGEFILE_SOURCE=1 -D_LARGEFILE64_SOURCE=1 -D_FILE_OFFSET_BITS=64 -D_MSC_VER    -idirafter e:/progra~1/gnuwin32/include -idirafter h:/glibc/include     -Wl,-s -Wl,--force-exe-suffix -Wl,--enable-auto-import -Wl,--enable-runtime-pseudo-reloc -Wl,--allow-multiple-definition   conftest.c  -Wl,-s  -Le:/progra~1/gnuwin32/lib -lgw32c  -liberty -lintl -liconv -lwsock32 -lole32 -luuid -lmsvcp60   >&5
configure:25581: $? = 0
configure:25585: test -z 
			 || test ! -s conftest.err
configure:25588: $? = 0
configure:25591: test -s conftest.exe
configure:25594: $? = 0
configure:25606: result: yes
configure:25638: checking for isascii
configure:25695: gcc -o conftest.exe  -Wall -O3 -fms-extensions -mms-bitfields  -fno-exceptions -fomit-frame-pointer -march=i386 -mcpu=i686     -D__GW32__ -D_LARGEFILE_SOURCE=1 -D_LARGEFILE64_SOURCE=1 -D_FILE_OFFSET_BITS=64 -D_MSC_VER    -idirafter e:/progra~1/gnuwin32/include -idirafter h:/glibc/include     -Wl,-s -Wl,--force-exe-suffix -Wl,--enable-auto-import -Wl,--enable-runtime-pseudo-reloc -Wl,--allow-multiple-definition   conftest.c  -Wl,-s  -Le:/progra~1/gnuwin32/lib -lgw32c  -liberty -lintl -liconv -lwsock32 -lole32 -luuid -lmsvcp60   >&5
configure:25701: $? = 0
configure:25705: test -z 
			 || test ! -s conftest.err
configure:25708: $? = 0
configure:25711: test -s conftest.exe
configure:25714: $? = 0
configure:25726: result: yes
configure:25742: checking for strtoul
configure:25830: result: yes
configure:25871: checking for wchar.h
configure:25876: result: yes
configure:26023: checking for wctype.h
configure:26028: result: yes
configure:26174: checking for iswprint
configure:26231: gcc -o conftest.exe  -Wall -O3 -fms-extensions -mms-bitfields  -fno-exceptions -fomit-frame-pointer -march=i386 -mcpu=i686     -D__GW32__ -D_LARGEFILE_SOURCE=1 -D_LARGEFILE64_SOURCE=1 -D_FILE_OFFSET_BITS=64 -D_MSC_VER    -idirafter e:/progra~1/gnuwin32/include -idirafter h:/glibc/include     -Wl,-s -Wl,--force-exe-suffix -Wl,--enable-auto-import -Wl,--enable-runtime-pseudo-reloc -Wl,--allow-multiple-definition   conftest.c  -Wl,-s  -Le:/progra~1/gnuwin32/lib -lgw32c  -liberty -lintl -liconv -lwsock32 -lole32 -luuid -lmsvcp60   >&5
configure:26237: $? = 0
configure:26241: test -z 
			 || test ! -s conftest.err
configure:26244: $? = 0
configure:26247: test -s conftest.exe
configure:26250: $? = 0
configure:26262: result: yes
configure:26278: checking for mbsinit
configure:26335: gcc -o conftest.exe  -Wall -O3 -fms-extensions -mms-bitfields  -fno-exceptions -fomit-frame-pointer -march=i386 -mcpu=i686     -D__GW32__ -D_LARGEFILE_SOURCE=1 -D_LARGEFILE64_SOURCE=1 -D_FILE_OFFSET_BITS=64 -D_MSC_VER    -idirafter e:/progra~1/gnuwin32/include -idirafter h:/glibc/include     -Wl,-s -Wl,--force-exe-suffix -Wl,--enable-auto-import -Wl,--enable-runtime-pseudo-reloc -Wl,--allow-multiple-definition   conftest.c  -Wl,-s  -Le:/progra~1/gnuwin32/lib -lgw32c  -liberty -lintl -liconv -lwsock32 -lole32 -luuid -lmsvcp60   >&5
configure:26341: $? = 0
configure:26345: test -z 
			 || test ! -s conftest.err
configure:26348: $? = 0
configure:26351: test -s conftest.exe
configure:26354: $? = 0
configure:26366: result: yes
configure:26406: checking for iswcntrl
configure:26463: gcc -o conftest.exe  -Wall -O3 -fms-extensions -mms-bitfields  -fno-exceptions -fomit-frame-pointer -march=i386 -mcpu=i686     -D__GW32__ -D_LARGEFILE_SOURCE=1 -D_LARGEFILE64_SOURCE=1 -D_FILE_OFFSET_BITS=64 -D_MSC_VER    -idirafter e:/progra~1/gnuwin32/include -idirafter h:/glibc/include     -Wl,-s -Wl,--force-exe-suffix -Wl,--enable-auto-import -Wl,--enable-runtime-pseudo-reloc -Wl,--allow-multiple-definition   conftest.c  -Wl,-s  -Le:/progra~1/gnuwin32/lib -lgw32c  -liberty -lintl -liconv -lwsock32 -lole32 -luuid -lmsvcp60   >&5
configure:26469: $? = 0
configure:26473: test -z 
			 || test ! -s conftest.err
configure:26476: $? = 0
configure:26479: test -s conftest.exe
configure:26482: $? = 0
configure:26494: result: yes
configure:26406: checking for wcwidth
configure:26463: gcc -o conftest.exe  -Wall -O3 -fms-extensions -mms-bitfields  -fno-exceptions -fomit-frame-pointer -march=i386 -mcpu=i686     -D__GW32__ -D_LARGEFILE_SOURCE=1 -D_LARGEFILE64_SOURCE=1 -D_FILE_OFFSET_BITS=64 -D_MSC_VER    -idirafter e:/progra~1/gnuwin32/include -idirafter h:/glibc/include     -Wl,-s -Wl,--force-exe-suffix -Wl,--enable-auto-import -Wl,--enable-runtime-pseudo-reloc -Wl,--allow-multiple-definition   conftest.c  -Wl,-s  -Le:/progra~1/gnuwin32/lib -lgw32c  -liberty -lintl -liconv -lwsock32 -lole32 -luuid -lmsvcp60   >&5
configure:26469: $? = 0
configure:26473: test -z 
			 || test ! -s conftest.err
configure:26476: $? = 0
configure:26479: test -s conftest.exe
configure:26482: $? = 0
configure:26494: result: yes
configure:26505: checking whether mbrtowc and mbstate_t are properly declared
configure:26526: gcc -o conftest.exe  -Wall -O3 -fms-extensions -mms-bitfields  -fno-exceptions -fomit-frame-pointer -march=i386 -mcpu=i686     -D__GW32__ -D_LARGEFILE_SOURCE=1 -D_LARGEFILE64_SOURCE=1 -D_FILE_OFFSET_BITS=64 -D_MSC_VER    -idirafter e:/progra~1/gnuwin32/include -idirafter h:/glibc/include     -Wl,-s -Wl,--force-exe-suffix -Wl,--enable-auto-import -Wl,--enable-runtime-pseudo-reloc -Wl,--allow-multiple-definition   conftest.c  -Wl,-s  -Le:/progra~1/gnuwin32/lib -lgw32c  -liberty -lintl -liconv -lwsock32 -lole32 -luuid -lmsvcp60   >&5
configure:26532: $? = 0
configure:26536: test -z 
			 || test ! -s conftest.err
configure:26539: $? = 0
configure:26542: test -s conftest.exe
configure:26545: $? = 0
configure:26557: result: yes
configure:26568: checking whether wcwidth is declared
configure:26601: gcc -c  -Wall -O3 -fms-extensions -mms-bitfields  -fno-exceptions -fomit-frame-pointer -march=i386 -mcpu=i686     -D__GW32__ -D_LARGEFILE_SOURCE=1 -D_LARGEFILE64_SOURCE=1 -D_FILE_OFFSET_BITS=64 -D_MSC_VER    -idirafter e:/progra~1/gnuwin32/include -idirafter h:/glibc/include    conftest.c >&5
conftest.c: In function `main':
conftest.c:111: error: `wcwidth' undeclared (first use in this function)
conftest.c:111: error: (Each undeclared identifier is reported only once
conftest.c:111: error: for each function it appears in.)
conftest.c:111: warning: unused variable `p'
configure:26607: $? = 1
configure: failed program was:
| /* confdefs.h.  */
| 
| #define PACKAGE_NAME ""
| #define PACKAGE_TARNAME ""
| #define PACKAGE_VERSION ""
| #define PACKAGE_STRING ""
| #define PACKAGE_BUGREPORT ""
| #define PACKAGE "gettext-tools"
| #define VERSION "0.14.4"
| #define _GNU_SOURCE 1
| #define STDC_HEADERS 1
| #define HAVE_SYS_TYPES_H 1
| #define HAVE_SYS_STAT_H 1
| #define HAVE_STDLIB_H 1
| #define HAVE_STRING_H 1
| #define HAVE_MEMORY_H 1
| #define HAVE_STRINGS_H 1
| #define HAVE_INTTYPES_H 1
| #define HAVE_STDINT_H 1
| #define HAVE_UNISTD_H 1
| #define __EXTENSIONS__ 1
| #define HAVE_DLFCN_H 1
| #ifdef __cplusplus
| extern "C" void std::exit (int) throw (); using std::exit;
| #endif
| #define INSTALLPREFIX "c:/progra~1/Gettext"
| #define ENABLE_RELOCATABLE 1
| #define STDC_HEADERS 1
| #define HAVE_LIMITS_H 1
| #define HAVE_MALLOC_H 1
| #define HAVE_PWD_H 1
| #define HAVE_STRING_H 1
| #define HAVE_UNISTD_H 1
| #define HAVE_UTIME_H 1
| #define HAVE_VALUES_H 1
| #define HAVE__BOOL 1
| #define HAVE_STDBOOL_H 1
| #define HAVE_UNSIGNED_LONG_LONG 1
| #define HAVE_PTRDIFF_T 1
| #define HAVE_INTTYPES_H_WITH_UINTMAX 1
| #define HAVE_STDINT_H_WITH_UINTMAX 1
| #define HAVE_UINTMAX_T 1
| #define HAVE_SIG_ATOMIC_T 1
| #define HAVE_ALLOCA_H 1
| #define HAVE_ALLOCA 1
| #define HAVE_STDLIB_H 1
| #define HAVE_STRING_H 1
| #define HAVE_STDLIB_H 1
| #define MALLOC_0_IS_NONNULL 1
| #define HAVE_LONG_LONG 1
| #define HAVE_LONG_DOUBLE 1
| #define HAVE_VPRINTF 1
| #define HAVE_CHOWN 1
| #define HAVE_GETCWD 1
| #define HAVE_RAISE 1
| #define HAVE_STRERROR 1
| #define HAVE_STRTOUL 1
| #define HAVE_UNAME 1
| #define HAVE_UTIME 1
| #define HAVE_UTIMES 1
| #define HAVE_WAITID 1
| #define HAVE_ATEXIT 1
| #define HAVE_MEMMOVE 1
| #define HAVE_MEMSET 1
| #define HAVE_STPCPY 1
| #define HAVE_STRCSPN 1
| #define HAVE_STRPBRK 1
| #define HAVE_STRSTR 1
| #define HAVE_VASPRINTF 1
| #define HAVE_MBSTATE_T 1
| #define HAVE_DECL_GETENV 1
| #define HAVE_BTOWC 1
| #define HAVE_MBSRTOWCS 1
| #define HAVE_MEMPCPY 1
| #define HAVE_WMEMCHR 1
| #define HAVE_WMEMCPY 1
| #define HAVE_WCHAR_H 1
| #define HAVE_WCTYPE_H 1
| #define fnmatch posix_fnmatch
| #define HAVE_GETOPT_H 1
| #define HAVE_GETOPT_LONG_ONLY 1
| #define __GETOPT_PREFIX rpl_
| #define eaccess access
| #define HAVE_STPNCPY 1
| #define HAVE_STRCASECMP 1
| #define HAVE_STRNCASECMP 1
| #define HAVE_ISASCII 1
| #define HAVE_STRTOUL 1
| #define HAVE_WCHAR_H 1
| #define HAVE_WCTYPE_H 1
| #define HAVE_ISWPRINT 1
| #define HAVE_MBSINIT 1
| #define HAVE_ISWCNTRL 1
| #define HAVE_WCWIDTH 1
| #define HAVE_MBRTOWC 1
| /* end confdefs.h.  */
| 
| /* AIX 3.2.5 declares wcwidth in <string.h>. */
| #if HAVE_STRING_H
| # include <string.h>
| #endif
| #if HAVE_WCHAR_H
| # include <wchar.h>
| #endif
| 
| int
| main ()
| {
| 
| #ifndef wcwidth
|   char *p = (char *) wcwidth;
| #endif
| 
|   ;
|   return 0;
| }
configure:26631: result: no
configure:26644: checking whether mbswidth is declared in <wchar.h>
configure:26671: gcc -c  -Wall -O3 -fms-extensions -mms-bitfields  -fno-exceptions -fomit-frame-pointer -march=i386 -mcpu=i686     -D__GW32__ -D_LARGEFILE_SOURCE=1 -D_LARGEFILE64_SOURCE=1 -D_FILE_OFFSET_BITS=64 -D_MSC_VER    -idirafter e:/progra~1/gnuwin32/include -idirafter h:/glibc/include    conftest.c >&5
conftest.c: In function `main':
conftest.c:107: error: `mbswidth' undeclared (first use in this function)
conftest.c:107: error: (Each undeclared identifier is reported only once
conftest.c:107: error: for each function it appears in.)
conftest.c:107: warning: unused variable `p'
configure:26677: $? = 1
configure: failed program was:
| /* confdefs.h.  */
| 
| #define PACKAGE_NAME ""
| #define PACKAGE_TARNAME ""
| #define PACKAGE_VERSION ""
| #define PACKAGE_STRING ""
| #define PACKAGE_BUGREPORT ""
| #define PACKAGE "gettext-tools"
| #define VERSION "0.14.4"
| #define _GNU_SOURCE 1
| #define STDC_HEADERS 1
| #define HAVE_SYS_TYPES_H 1
| #define HAVE_SYS_STAT_H 1
| #define HAVE_STDLIB_H 1
| #define HAVE_STRING_H 1
| #define HAVE_MEMORY_H 1
| #define HAVE_STRINGS_H 1
| #define HAVE_INTTYPES_H 1
| #define HAVE_STDINT_H 1
| #define HAVE_UNISTD_H 1
| #define __EXTENSIONS__ 1
| #define HAVE_DLFCN_H 1
| #ifdef __cplusplus
| extern "C" void std::exit (int) throw (); using std::exit;
| #endif
| #define INSTALLPREFIX "c:/progra~1/Gettext"
| #define ENABLE_RELOCATABLE 1
| #define STDC_HEADERS 1
| #define HAVE_LIMITS_H 1
| #define HAVE_MALLOC_H 1
| #define HAVE_PWD_H 1
| #define HAVE_STRING_H 1
| #define HAVE_UNISTD_H 1
| #define HAVE_UTIME_H 1
| #define HAVE_VALUES_H 1
| #define HAVE__BOOL 1
| #define HAVE_STDBOOL_H 1
| #define HAVE_UNSIGNED_LONG_LONG 1
| #define HAVE_PTRDIFF_T 1
| #define HAVE_INTTYPES_H_WITH_UINTMAX 1
| #define HAVE_STDINT_H_WITH_UINTMAX 1
| #define HAVE_UINTMAX_T 1
| #define HAVE_SIG_ATOMIC_T 1
| #define HAVE_ALLOCA_H 1
| #define HAVE_ALLOCA 1
| #define HAVE_STDLIB_H 1
| #define HAVE_STRING_H 1
| #define HAVE_STDLIB_H 1
| #define MALLOC_0_IS_NONNULL 1
| #define HAVE_LONG_LONG 1
| #define HAVE_LONG_DOUBLE 1
| #define HAVE_VPRINTF 1
| #define HAVE_CHOWN 1
| #define HAVE_GETCWD 1
| #define HAVE_RAISE 1
| #define HAVE_STRERROR 1
| #define HAVE_STRTOUL 1
| #define HAVE_UNAME 1
| #define HAVE_UTIME 1
| #define HAVE_UTIMES 1
| #define HAVE_WAITID 1
| #define HAVE_ATEXIT 1
| #define HAVE_MEMMOVE 1
| #define HAVE_MEMSET 1
| #define HAVE_STPCPY 1
| #define HAVE_STRCSPN 1
| #define HAVE_STRPBRK 1
| #define HAVE_STRSTR 1
| #define HAVE_VASPRINTF 1
| #define HAVE_MBSTATE_T 1
| #define HAVE_DECL_GETENV 1
| #define HAVE_BTOWC 1
| #define HAVE_MBSRTOWCS 1
| #define HAVE_MEMPCPY 1
| #define HAVE_WMEMCHR 1
| #define HAVE_WMEMCPY 1
| #define HAVE_WCHAR_H 1
| #define HAVE_WCTYPE_H 1
| #define fnmatch posix_fnmatch
| #define HAVE_GETOPT_H 1
| #define HAVE_GETOPT_LONG_ONLY 1
| #define __GETOPT_PREFIX rpl_
| #define eaccess access
| #define HAVE_STPNCPY 1
| #define HAVE_STRCASECMP 1
| #define HAVE_STRNCASECMP 1
| #define HAVE_ISASCII 1
| #define HAVE_STRTOUL 1
| #define HAVE_WCHAR_H 1
| #define HAVE_WCTYPE_H 1
| #define HAVE_ISWPRINT 1
| #define HAVE_MBSINIT 1
| #define HAVE_ISWCNTRL 1
| #define HAVE_WCWIDTH 1
| #define HAVE_MBRTOWC 1
| #define HAVE_DECL_WCWIDTH 0
| /* end confdefs.h.  */
| 
| #if HAVE_WCHAR_H
| # include <wchar.h>
| #endif
| 
| int
| main ()
| {
| 
|   char *p = (char *) mbswidth;
| 
|   ;
|   return 0;
| }
configure:26701: result: no
configure:26714: checking for mbstate_t
configure:26766: result: yes
configure:26790: checking for dirent.h that defines DIR
configure:26814: gcc -c  -Wall -O3 -fms-extensions -mms-bitfields  -fno-exceptions -fomit-frame-pointer -march=i386 -mcpu=i686     -D__GW32__ -D_LARGEFILE_SOURCE=1 -D_LARGEFILE64_SOURCE=1 -D_FILE_OFFSET_BITS=64 -D_MSC_VER    -idirafter e:/progra~1/gnuwin32/include -idirafter h:/glibc/include    conftest.c >&5
configure:26820: $? = 0
configure:26824: test -z 
			 || test ! -s conftest.err
configure:26827: $? = 0
configure:26830: test -s conftest.o
configure:26833: $? = 0
configure:26844: result: yes
configure:26857: checking for library containing opendir
configure:26887: gcc -o conftest.exe  -Wall -O3 -fms-extensions -mms-bitfields  -fno-exceptions -fomit-frame-pointer -march=i386 -mcpu=i686     -D__GW32__ -D_LARGEFILE_SOURCE=1 -D_LARGEFILE64_SOURCE=1 -D_FILE_OFFSET_BITS=64 -D_MSC_VER    -idirafter e:/progra~1/gnuwin32/include -idirafter h:/glibc/include     -Wl,-s -Wl,--force-exe-suffix -Wl,--enable-auto-import -Wl,--enable-runtime-pseudo-reloc -Wl,--allow-multiple-definition   conftest.c  -Wl,-s  -Le:/progra~1/gnuwin32/lib -lgw32c  -liberty -lintl -liconv -lwsock32 -lole32 -luuid -lmsvcp60   >&5
configure:26893: $? = 0
configure:26897: test -z 
			 || test ! -s conftest.err
configure:26900: $? = 0
configure:26903: test -s conftest.exe
configure:26906: $? = 0
configure:26976: result: none required
configure:27114: checking whether closedir returns void
configure:27143: gcc -o conftest.exe  -Wall -O3 -fms-extensions -mms-bitfields  -fno-exceptions -fomit-frame-pointer -march=i386 -mcpu=i686     -D__GW32__ -D_LARGEFILE_SOURCE=1 -D_LARGEFILE64_SOURCE=1 -D_FILE_OFFSET_BITS=64 -D_MSC_VER    -idirafter e:/progra~1/gnuwin32/include -idirafter h:/glibc/include     -Wl,-s -Wl,--force-exe-suffix -Wl,--enable-auto-import -Wl,--enable-runtime-pseudo-reloc -Wl,--allow-multiple-definition   conftest.c  -Wl,-s  -Le:/progra~1/gnuwin32/lib -lgw32c  -liberty -lintl -liconv -lwsock32 -lole32 -luuid -lmsvcp60   >&5
configure:27146: $? = 0
configure:27148: ./conftest.exe
configure:27151: $? = 1
configure: program exited with status 1
configure: failed program was:
| /* confdefs.h.  */
| 
| #define PACKAGE_NAME ""
| #define PACKAGE_TARNAME ""
| #define PACKAGE_VERSION ""
| #define PACKAGE_STRING ""
| #define PACKAGE_BUGREPORT ""
| #define PACKAGE "gettext-tools"
| #define VERSION "0.14.4"
| #define _GNU_SOURCE 1
| #define STDC_HEADERS 1
| #define HAVE_SYS_TYPES_H 1
| #define HAVE_SYS_STAT_H 1
| #define HAVE_STDLIB_H 1
| #define HAVE_STRING_H 1
| #define HAVE_MEMORY_H 1
| #define HAVE_STRINGS_H 1
| #define HAVE_INTTYPES_H 1
| #define HAVE_STDINT_H 1
| #define HAVE_UNISTD_H 1
| #define __EXTENSIONS__ 1
| #define HAVE_DLFCN_H 1
| #ifdef __cplusplus
| extern "C" void std::exit (int) throw (); using std::exit;
| #endif
| #define INSTALLPREFIX "c:/progra~1/Gettext"
| #define ENABLE_RELOCATABLE 1
| #define STDC_HEADERS 1
| #define HAVE_LIMITS_H 1
| #define HAVE_MALLOC_H 1
| #define HAVE_PWD_H 1
| #define HAVE_STRING_H 1
| #define HAVE_UNISTD_H 1
| #define HAVE_UTIME_H 1
| #define HAVE_VALUES_H 1
| #define HAVE__BOOL 1
| #define HAVE_STDBOOL_H 1
| #define HAVE_UNSIGNED_LONG_LONG 1
| #define HAVE_PTRDIFF_T 1
| #define HAVE_INTTYPES_H_WITH_UINTMAX 1
| #define HAVE_STDINT_H_WITH_UINTMAX 1
| #define HAVE_UINTMAX_T 1
| #define HAVE_SIG_ATOMIC_T 1
| #define HAVE_ALLOCA_H 1
| #define HAVE_ALLOCA 1
| #define HAVE_STDLIB_H 1
| #define HAVE_STRING_H 1
| #define HAVE_STDLIB_H 1
| #define MALLOC_0_IS_NONNULL 1
| #define HAVE_LONG_LONG 1
| #define HAVE_LONG_DOUBLE 1
| #define HAVE_VPRINTF 1
| #define HAVE_CHOWN 1
| #define HAVE_GETCWD 1
| #define HAVE_RAISE 1
| #define HAVE_STRERROR 1
| #define HAVE_STRTOUL 1
| #define HAVE_UNAME 1
| #define HAVE_UTIME 1
| #define HAVE_UTIMES 1
| #define HAVE_WAITID 1
| #define HAVE_ATEXIT 1
| #define HAVE_MEMMOVE 1
| #define HAVE_MEMSET 1
| #define HAVE_STPCPY 1
| #define HAVE_STRCSPN 1
| #define HAVE_STRPBRK 1
| #define HAVE_STRSTR 1
| #define HAVE_VASPRINTF 1
| #define HAVE_MBSTATE_T 1
| #define HAVE_DECL_GETENV 1
| #define HAVE_BTOWC 1
| #define HAVE_MBSRTOWCS 1
| #define HAVE_MEMPCPY 1
| #define HAVE_WMEMCHR 1
| #define HAVE_WMEMCPY 1
| #define HAVE_WCHAR_H 1
| #define HAVE_WCTYPE_H 1
| #define fnmatch posix_fnmatch
| #define HAVE_GETOPT_H 1
| #define HAVE_GETOPT_LONG_ONLY 1
| #define __GETOPT_PREFIX rpl_
| #define eaccess access
| #define HAVE_STPNCPY 1
| #define HAVE_STRCASECMP 1
| #define HAVE_STRNCASECMP 1
| #define HAVE_ISASCII 1
| #define HAVE_STRTOUL 1
| #define HAVE_WCHAR_H 1
| #define HAVE_WCTYPE_H 1
| #define HAVE_ISWPRINT 1
| #define HAVE_MBSINIT 1
| #define HAVE_ISWCNTRL 1
| #define HAVE_WCWIDTH 1
| #define HAVE_MBRTOWC 1
| #define HAVE_DECL_WCWIDTH 0
| #define HAVE_DECL_MBSWIDTH_IN_WCHAR_H 0
| #define HAVE_MBSTATE_T 1
| #define HAVE_DIRENT_H 1
| /* end confdefs.h.  */
| #include <stdio.h>
| #if HAVE_SYS_TYPES_H
| # include <sys/types.h>
| #endif
| #if HAVE_SYS_STAT_H
| # include <sys/stat.h>
| #endif
| #if STDC_HEADERS
| # include <stdlib.h>
| # include <stddef.h>
| #else
| # if HAVE_STDLIB_H
| #  include <stdlib.h>
| # endif
| #endif
| #if HAVE_STRING_H
| # if !STDC_HEADERS && HAVE_MEMORY_H
| #  include <memory.h>
| # endif
| # include <string.h>
| #endif
| #if HAVE_STRINGS_H
| # include <strings.h>
| #endif
| #if HAVE_INTTYPES_H
| # include <inttypes.h>
| #else
| # if HAVE_STDINT_H
| #  include <stdint.h>
| # endif
| #endif
| #if HAVE_UNISTD_H
| # include <unistd.h>
| #endif
| #include <dirent.h>
| #ifndef __cplusplus
| int closedir ();
| #endif
| 
| int
| main ()
| {
| exit (closedir (opendir (".")) != 0);
|   ;
|   return 0;
| }
configure:27165: result: yes
configure:27180: checking for string.h
configure:27185: result: yes
configure:27325: checking for long file names
configure:27364: result: yes
configure:27378: checking for pathconf
configure:27435: gcc -o conftest.exe  -Wall -O3 -fms-extensions -mms-bitfields  -fno-exceptions -fomit-frame-pointer -march=i386 -mcpu=i686     -D__GW32__ -D_LARGEFILE_SOURCE=1 -D_LARGEFILE64_SOURCE=1 -D_FILE_OFFSET_BITS=64 -D_MSC_VER    -idirafter e:/progra~1/gnuwin32/include -idirafter h:/glibc/include     -Wl,-s -Wl,--force-exe-suffix -Wl,--enable-auto-import -Wl,--enable-runtime-pseudo-reloc -Wl,--allow-multiple-definition   conftest.c  -Wl,-s  -Le:/progra~1/gnuwin32/lib -lgw32c  -liberty -lintl -liconv -lwsock32 -lole32 -luuid -lmsvcp60   >&5
configure:27441: $? = 0
configure:27445: test -z 
			 || test ! -s conftest.err
configure:27448: $? = 0
configure:27451: test -s conftest.exe
configure:27454: $? = 0
configure:27466: result: yes
configure:27482: checking for string.h
configure:27487: result: yes
configure:27482: checking for unistd.h
configure:27487: result: yes
configure:27634: checking for unistd.h
configure:27639: result: yes
configure:27643: checking vfork.h usability
configure:27655: gcc -c  -Wall -O3 -fms-extensions -mms-bitfields  -fno-exceptions -fomit-frame-pointer -march=i386 -mcpu=i686     -D__GW32__ -D_LARGEFILE_SOURCE=1 -D_LARGEFILE64_SOURCE=1 -D_FILE_OFFSET_BITS=64 -D_MSC_VER    -idirafter e:/progra~1/gnuwin32/include -idirafter h:/glibc/include    conftest.c >&5
conftest.c:142:19: vfork.h: No such file or directory
configure:27661: $? = 1
configure: failed program was:
| /* confdefs.h.  */
| 
| #define PACKAGE_NAME ""
| #define PACKAGE_TARNAME ""
| #define PACKAGE_VERSION ""
| #define PACKAGE_STRING ""
| #define PACKAGE_BUGREPORT ""
| #define PACKAGE "gettext-tools"
| #define VERSION "0.14.4"
| #define _GNU_SOURCE 1
| #define STDC_HEADERS 1
| #define HAVE_SYS_TYPES_H 1
| #define HAVE_SYS_STAT_H 1
| #define HAVE_STDLIB_H 1
| #define HAVE_STRING_H 1
| #define HAVE_MEMORY_H 1
| #define HAVE_STRINGS_H 1
| #define HAVE_INTTYPES_H 1
| #define HAVE_STDINT_H 1
| #define HAVE_UNISTD_H 1
| #define __EXTENSIONS__ 1
| #define HAVE_DLFCN_H 1
| #ifdef __cplusplus
| extern "C" void std::exit (int) throw (); using std::exit;
| #endif
| #define INSTALLPREFIX "c:/progra~1/Gettext"
| #define ENABLE_RELOCATABLE 1
| #define STDC_HEADERS 1
| #define HAVE_LIMITS_H 1
| #define HAVE_MALLOC_H 1
| #define HAVE_PWD_H 1
| #define HAVE_STRING_H 1
| #define HAVE_UNISTD_H 1
| #define HAVE_UTIME_H 1
| #define HAVE_VALUES_H 1
| #define HAVE__BOOL 1
| #define HAVE_STDBOOL_H 1
| #define HAVE_UNSIGNED_LONG_LONG 1
| #define HAVE_PTRDIFF_T 1
| #define HAVE_INTTYPES_H_WITH_UINTMAX 1
| #define HAVE_STDINT_H_WITH_UINTMAX 1
| #define HAVE_UINTMAX_T 1
| #define HAVE_SIG_ATOMIC_T 1
| #define HAVE_ALLOCA_H 1
| #define HAVE_ALLOCA 1
| #define HAVE_STDLIB_H 1
| #define HAVE_STRING_H 1
| #define HAVE_STDLIB_H 1
| #define MALLOC_0_IS_NONNULL 1
| #define HAVE_LONG_LONG 1
| #define HAVE_LONG_DOUBLE 1
| #define HAVE_VPRINTF 1
| #define HAVE_CHOWN 1
| #define HAVE_GETCWD 1
| #define HAVE_RAISE 1
| #define HAVE_STRERROR 1
| #define HAVE_STRTOUL 1
| #define HAVE_UNAME 1
| #define HAVE_UTIME 1
| #define HAVE_UTIMES 1
| #define HAVE_WAITID 1
| #define HAVE_ATEXIT 1
| #define HAVE_MEMMOVE 1
| #define HAVE_MEMSET 1
| #define HAVE_STPCPY 1
| #define HAVE_STRCSPN 1
| #define HAVE_STRPBRK 1
| #define HAVE_STRSTR 1
| #define HAVE_VASPRINTF 1
| #define HAVE_MBSTATE_T 1
| #define HAVE_DECL_GETENV 1
| #define HAVE_BTOWC 1
| #define HAVE_MBSRTOWCS 1
| #define HAVE_MEMPCPY 1
| #define HAVE_WMEMCHR 1
| #define HAVE_WMEMCPY 1
| #define HAVE_WCHAR_H 1
| #define HAVE_WCTYPE_H 1
| #define fnmatch posix_fnmatch
| #define HAVE_GETOPT_H 1
| #define HAVE_GETOPT_LONG_ONLY 1
| #define __GETOPT_PREFIX rpl_
| #define eaccess access
| #define HAVE_STPNCPY 1
| #define HAVE_STRCASECMP 1
| #define HAVE_STRNCASECMP 1
| #define HAVE_ISASCII 1
| #define HAVE_STRTOUL 1
| #define HAVE_WCHAR_H 1
| #define HAVE_WCTYPE_H 1
| #define HAVE_ISWPRINT 1
| #define HAVE_MBSINIT 1
| #define HAVE_ISWCNTRL 1
| #define HAVE_WCWIDTH 1
| #define HAVE_MBRTOWC 1
| #define HAVE_DECL_WCWIDTH 0
| #define HAVE_DECL_MBSWIDTH_IN_WCHAR_H 0
| #define HAVE_MBSTATE_T 1
| #define HAVE_DIRENT_H 1
| #define CLOSEDIR_VOID 1
| #define HAVE_STRING_H 1
| #define HAVE_LONG_FILE_NAMES 1
| #define HAVE_PATHCONF 1
| #define HAVE_STRING_H 1
| #define HAVE_UNISTD_H 1
| #define HAVE_UNISTD_H 1
| /* end confdefs.h.  */
| #include <stdio.h>
| #if HAVE_SYS_TYPES_H
| # include <sys/types.h>
| #endif
| #if HAVE_SYS_STAT_H
| # include <sys/stat.h>
| #endif
| #if STDC_HEADERS
| # include <stdlib.h>
| # include <stddef.h>
| #else
| # if HAVE_STDLIB_H
| #  include <stdlib.h>
| # endif
| #endif
| #if HAVE_STRING_H
| # if !STDC_HEADERS && HAVE_MEMORY_H
| #  include <memory.h>
| # endif
| # include <string.h>
| #endif
| #if HAVE_STRINGS_H
| # include <strings.h>
| #endif
| #if HAVE_INTTYPES_H
| # include <inttypes.h>
| #else
| # if HAVE_STDINT_H
| #  include <stdint.h>
| # endif
| #endif
| #if HAVE_UNISTD_H
| # include <unistd.h>
| #endif
| #include <vfork.h>
configure:27684: result: no
configure:27688: checking vfork.h presence
configure:27698: gcc -E   -D__GW32__ -D_LARGEFILE_SOURCE=1 -D_LARGEFILE64_SOURCE=1 -D_FILE_OFFSET_BITS=64 -D_MSC_VER    -idirafter e:/progra~1/gnuwin32/include -idirafter h:/glibc/include    conftest.c
conftest.c:108:19: vfork.h: No such file or directory
configure:27704: $? = 1
configure: failed program was:
| /* confdefs.h.  */
| 
| #define PACKAGE_NAME ""
| #define PACKAGE_TARNAME ""
| #define PACKAGE_VERSION ""
| #define PACKAGE_STRING ""
| #define PACKAGE_BUGREPORT ""
| #define PACKAGE "gettext-tools"
| #define VERSION "0.14.4"
| #define _GNU_SOURCE 1
| #define STDC_HEADERS 1
| #define HAVE_SYS_TYPES_H 1
| #define HAVE_SYS_STAT_H 1
| #define HAVE_STDLIB_H 1
| #define HAVE_STRING_H 1
| #define HAVE_MEMORY_H 1
| #define HAVE_STRINGS_H 1
| #define HAVE_INTTYPES_H 1
| #define HAVE_STDINT_H 1
| #define HAVE_UNISTD_H 1
| #define __EXTENSIONS__ 1
| #define HAVE_DLFCN_H 1
| #ifdef __cplusplus
| extern "C" void std::exit (int) throw (); using std::exit;
| #endif
| #define INSTALLPREFIX "c:/progra~1/Gettext"
| #define ENABLE_RELOCATABLE 1
| #define STDC_HEADERS 1
| #define HAVE_LIMITS_H 1
| #define HAVE_MALLOC_H 1
| #define HAVE_PWD_H 1
| #define HAVE_STRING_H 1
| #define HAVE_UNISTD_H 1
| #define HAVE_UTIME_H 1
| #define HAVE_VALUES_H 1
| #define HAVE__BOOL 1
| #define HAVE_STDBOOL_H 1
| #define HAVE_UNSIGNED_LONG_LONG 1
| #define HAVE_PTRDIFF_T 1
| #define HAVE_INTTYPES_H_WITH_UINTMAX 1
| #define HAVE_STDINT_H_WITH_UINTMAX 1
| #define HAVE_UINTMAX_T 1
| #define HAVE_SIG_ATOMIC_T 1
| #define HAVE_ALLOCA_H 1
| #define HAVE_ALLOCA 1
| #define HAVE_STDLIB_H 1
| #define HAVE_STRING_H 1
| #define HAVE_STDLIB_H 1
| #define MALLOC_0_IS_NONNULL 1
| #define HAVE_LONG_LONG 1
| #define HAVE_LONG_DOUBLE 1
| #define HAVE_VPRINTF 1
| #define HAVE_CHOWN 1
| #define HAVE_GETCWD 1
| #define HAVE_RAISE 1
| #define HAVE_STRERROR 1
| #define HAVE_STRTOUL 1
| #define HAVE_UNAME 1
| #define HAVE_UTIME 1
| #define HAVE_UTIMES 1
| #define HAVE_WAITID 1
| #define HAVE_ATEXIT 1
| #define HAVE_MEMMOVE 1
| #define HAVE_MEMSET 1
| #define HAVE_STPCPY 1
| #define HAVE_STRCSPN 1
| #define HAVE_STRPBRK 1
| #define HAVE_STRSTR 1
| #define HAVE_VASPRINTF 1
| #define HAVE_MBSTATE_T 1
| #define HAVE_DECL_GETENV 1
| #define HAVE_BTOWC 1
| #define HAVE_MBSRTOWCS 1
| #define HAVE_MEMPCPY 1
| #define HAVE_WMEMCHR 1
| #define HAVE_WMEMCPY 1
| #define HAVE_WCHAR_H 1
| #define HAVE_WCTYPE_H 1
| #define fnmatch posix_fnmatch
| #define HAVE_GETOPT_H 1
| #define HAVE_GETOPT_LONG_ONLY 1
| #define __GETOPT_PREFIX rpl_
| #define eaccess access
| #define HAVE_STPNCPY 1
| #define HAVE_STRCASECMP 1
| #define HAVE_STRNCASECMP 1
| #define HAVE_ISASCII 1
| #define HAVE_STRTOUL 1
| #define HAVE_WCHAR_H 1
| #define HAVE_WCTYPE_H 1
| #define HAVE_ISWPRINT 1
| #define HAVE_MBSINIT 1
| #define HAVE_ISWCNTRL 1
| #define HAVE_WCWIDTH 1
| #define HAVE_MBRTOWC 1
| #define HAVE_DECL_WCWIDTH 0
| #define HAVE_DECL_MBSWIDTH_IN_WCHAR_H 0
| #define HAVE_MBSTATE_T 1
| #define HAVE_DIRENT_H 1
| #define CLOSEDIR_VOID 1
| #define HAVE_STRING_H 1
| #define HAVE_LONG_FILE_NAMES 1
| #define HAVE_PATHCONF 1
| #define HAVE_STRING_H 1
| #define HAVE_UNISTD_H 1
| #define HAVE_UNISTD_H 1
| /* end confdefs.h.  */
| #include <vfork.h>
configure:27724: result: no
configure:27759: checking for vfork.h
configure:27766: result: no
configure:27784: checking for fork
configure:27872: result: no
configure:27784: checking for vfork
configure:27872: result: no
configure:28118: checking for waitpid
configure:28175: gcc -o conftest.exe  -Wall -O3 -fms-extensions -mms-bitfields  -fno-exceptions -fomit-frame-pointer -march=i386 -mcpu=i686     -D__GW32__ -D_LARGEFILE_SOURCE=1 -D_LARGEFILE64_SOURCE=1 -D_FILE_OFFSET_BITS=64 -D_MSC_VER    -idirafter e:/progra~1/gnuwin32/include -idirafter h:/glibc/include     -Wl,-s -Wl,--force-exe-suffix -Wl,--enable-auto-import -Wl,--enable-runtime-pseudo-reloc -Wl,--allow-multiple-definition   conftest.c  -Wl,-s  -Le:/progra~1/gnuwin32/lib -lgw32c  -liberty -lintl -liconv -lwsock32 -lole32 -luuid -lmsvcp60   >&5
configure:28181: $? = 0
configure:28185: test -z 
			 || test ! -s conftest.err
configure:28188: $? = 0
configure:28191: test -s conftest.exe
configure:28194: $? = 0
configure:28206: result: yes
configure:28216: checking for union wait
configure:28253: gcc -o conftest.exe  -Wall -O3 -fms-extensions -mms-bitfields  -fno-exceptions -fomit-frame-pointer -march=i386 -mcpu=i686     -D__GW32__ -D_LARGEFILE_SOURCE=1 -D_LARGEFILE64_SOURCE=1 -D_FILE_OFFSET_BITS=64 -D_MSC_VER    -idirafter e:/progra~1/gnuwin32/include -idirafter h:/glibc/include     -Wl,-s -Wl,--force-exe-suffix -Wl,--enable-auto-import -Wl,--enable-runtime-pseudo-reloc -Wl,--allow-multiple-definition   conftest.c  -Wl,-s  -Le:/progra~1/gnuwin32/lib -lgw32c  -liberty -lintl -liconv -lwsock32 -lole32 -luuid -lmsvcp60   >&5
conftest.c: In function `main':
conftest.c:120: error: invalid operands to binary &
conftest.c:123: error: `blow' undeclared (first use in this function)
conftest.c:123: error: (Each undeclared identifier is reported only once
conftest.c:123: error: for each function it appears in.)
conftest.c:123: error: parse error before "chunks"
configure:28259: $? = 1
configure: failed program was:
| /* confdefs.h.  */
| 
| #define PACKAGE_NAME ""
| #define PACKAGE_TARNAME ""
| #define PACKAGE_VERSION ""
| #define PACKAGE_STRING ""
| #define PACKAGE_BUGREPORT ""
| #define PACKAGE "gettext-tools"
| #define VERSION "0.14.4"
| #define _GNU_SOURCE 1
| #define STDC_HEADERS 1
| #define HAVE_SYS_TYPES_H 1
| #define HAVE_SYS_STAT_H 1
| #define HAVE_STDLIB_H 1
| #define HAVE_STRING_H 1
| #define HAVE_MEMORY_H 1
| #define HAVE_STRINGS_H 1
| #define HAVE_INTTYPES_H 1
| #define HAVE_STDINT_H 1
| #define HAVE_UNISTD_H 1
| #define __EXTENSIONS__ 1
| #define HAVE_DLFCN_H 1
| #ifdef __cplusplus
| extern "C" void std::exit (int) throw (); using std::exit;
| #endif
| #define INSTALLPREFIX "c:/progra~1/Gettext"
| #define ENABLE_RELOCATABLE 1
| #define STDC_HEADERS 1
| #define HAVE_LIMITS_H 1
| #define HAVE_MALLOC_H 1
| #define HAVE_PWD_H 1
| #define HAVE_STRING_H 1
| #define HAVE_UNISTD_H 1
| #define HAVE_UTIME_H 1
| #define HAVE_VALUES_H 1
| #define HAVE__BOOL 1
| #define HAVE_STDBOOL_H 1
| #define HAVE_UNSIGNED_LONG_LONG 1
| #define HAVE_PTRDIFF_T 1
| #define HAVE_INTTYPES_H_WITH_UINTMAX 1
| #define HAVE_STDINT_H_WITH_UINTMAX 1
| #define HAVE_UINTMAX_T 1
| #define HAVE_SIG_ATOMIC_T 1
| #define HAVE_ALLOCA_H 1
| #define HAVE_ALLOCA 1
| #define HAVE_STDLIB_H 1
| #define HAVE_STRING_H 1
| #define HAVE_STDLIB_H 1
| #define MALLOC_0_IS_NONNULL 1
| #define HAVE_LONG_LONG 1
| #define HAVE_LONG_DOUBLE 1
| #define HAVE_VPRINTF 1
| #define HAVE_CHOWN 1
| #define HAVE_GETCWD 1
| #define HAVE_RAISE 1
| #define HAVE_STRERROR 1
| #define HAVE_STRTOUL 1
| #define HAVE_UNAME 1
| #define HAVE_UTIME 1
| #define HAVE_UTIMES 1
| #define HAVE_WAITID 1
| #define HAVE_ATEXIT 1
| #define HAVE_MEMMOVE 1
| #define HAVE_MEMSET 1
| #define HAVE_STPCPY 1
| #define HAVE_STRCSPN 1
| #define HAVE_STRPBRK 1
| #define HAVE_STRSTR 1
| #define HAVE_VASPRINTF 1
| #define HAVE_MBSTATE_T 1
| #define HAVE_DECL_GETENV 1
| #define HAVE_BTOWC 1
| #define HAVE_MBSRTOWCS 1
| #define HAVE_MEMPCPY 1
| #define HAVE_WMEMCHR 1
| #define HAVE_WMEMCPY 1
| #define HAVE_WCHAR_H 1
| #define HAVE_WCTYPE_H 1
| #define fnmatch posix_fnmatch
| #define HAVE_GETOPT_H 1
| #define HAVE_GETOPT_LONG_ONLY 1
| #define __GETOPT_PREFIX rpl_
| #define eaccess access
| #define HAVE_STPNCPY 1
| #define HAVE_STRCASECMP 1
| #define HAVE_STRNCASECMP 1
| #define HAVE_ISASCII 1
| #define HAVE_STRTOUL 1
| #define HAVE_WCHAR_H 1
| #define HAVE_WCTYPE_H 1
| #define HAVE_ISWPRINT 1
| #define HAVE_MBSINIT 1
| #define HAVE_ISWCNTRL 1
| #define HAVE_WCWIDTH 1
| #define HAVE_MBRTOWC 1
| #define HAVE_DECL_WCWIDTH 0
| #define HAVE_DECL_MBSWIDTH_IN_WCHAR_H 0
| #define HAVE_MBSTATE_T 1
| #define HAVE_DIRENT_H 1
| #define CLOSEDIR_VOID 1
| #define HAVE_STRING_H 1
| #define HAVE_LONG_FILE_NAMES 1
| #define HAVE_PATHCONF 1
| #define HAVE_STRING_H 1
| #define HAVE_UNISTD_H 1
| #define HAVE_UNISTD_H 1
| #define vfork fork
| #define HAVE_WAITPID 1
| /* end confdefs.h.  */
| #include <sys/types.h>
| #include <sys/wait.h>
| int
| main ()
| {
| union wait status; int pid; pid = wait (&status);
| #ifdef WEXITSTATUS
| /* Some POSIXoid systems have both the new-style macros and the old
|    union wait type, and they do not work together.  If union wait
|    conflicts with WEXITSTATUS et al, we don't want to use it at all.  */
| if (WEXITSTATUS (status) != 0) pid = -1;
| #ifdef WTERMSIG
| /* If we have WEXITSTATUS and WTERMSIG, just use them on ints.  */
| -- blow chunks here --
| #endif
| #endif
| #ifdef HAVE_WAITPID
| /* Make sure union wait works with waitpid.  */
| pid = waitpid (-1, &status, 0);
| #endif
| 
|   ;
|   return 0;
| }
configure:28292: result: no
configure:28296: checking whether stat file-mode macros are broken
configure:28344: result: no
configure:28358: checking for __secure_getenv
configure:28415: gcc -o conftest.exe  -Wall -O3 -fms-extensions -mms-bitfields  -fno-exceptions -fomit-frame-pointer -march=i386 -mcpu=i686     -D__GW32__ -D_LARGEFILE_SOURCE=1 -D_LARGEFILE64_SOURCE=1 -D_FILE_OFFSET_BITS=64 -D_MSC_VER    -idirafter e:/progra~1/gnuwin32/include -idirafter h:/glibc/include     -Wl,-s -Wl,--force-exe-suffix -Wl,--enable-auto-import -Wl,--enable-runtime-pseudo-reloc -Wl,--allow-multiple-definition   conftest.c  -Wl,-s  -Le:/progra~1/gnuwin32/lib -lgw32c  -liberty -lintl -liconv -lwsock32 -lole32 -luuid -lmsvcp60   >&5
configure:28421: $? = 0
configure:28425: test -z 
			 || test ! -s conftest.err
configure:28428: $? = 0
configure:28431: test -s conftest.exe
configure:28434: $? = 0
configure:28446: result: yes
configure:28472: checking sys/time.h usability
configure:28484: gcc -c  -Wall -O3 -fms-extensions -mms-bitfields  -fno-exceptions -fomit-frame-pointer -march=i386 -mcpu=i686     -D__GW32__ -D_LARGEFILE_SOURCE=1 -D_LARGEFILE64_SOURCE=1 -D_FILE_OFFSET_BITS=64 -D_MSC_VER    -idirafter e:/progra~1/gnuwin32/include -idirafter h:/glibc/include    conftest.c >&5
configure:28490: $? = 0
configure:28494: test -z 
			 || test ! -s conftest.err
configure:28497: $? = 0
configure:28500: test -s conftest.o
configure:28503: $? = 0
configure:28513: result: yes
configure:28517: checking sys/time.h presence
configure:28527: gcc -E   -D__GW32__ -D_LARGEFILE_SOURCE=1 -D_LARGEFILE64_SOURCE=1 -D_FILE_OFFSET_BITS=64 -D_MSC_VER    -idirafter e:/progra~1/gnuwin32/include -idirafter h:/glibc/include    conftest.c
configure:28533: $? = 0
configure:28553: result: yes
configure:28588: checking for sys/time.h
configure:28595: result: yes
configure:28615: checking for unistd.h
configure:28620: result: yes
configure:28766: checking for mkdtemp
configure:28823: gcc -o conftest.exe  -Wall -O3 -fms-extensions -mms-bitfields  -fno-exceptions -fomit-frame-pointer -march=i386 -mcpu=i686     -D__GW32__ -D_LARGEFILE_SOURCE=1 -D_LARGEFILE64_SOURCE=1 -D_FILE_OFFSET_BITS=64 -D_MSC_VER    -idirafter e:/progra~1/gnuwin32/include -idirafter h:/glibc/include     -Wl,-s -Wl,--force-exe-suffix -Wl,--enable-auto-import -Wl,--enable-runtime-pseudo-reloc -Wl,--allow-multiple-definition   conftest.c  -Wl,-s  -Le:/progra~1/gnuwin32/lib -lgw32c  -liberty -lintl -liconv -lwsock32 -lole32 -luuid -lmsvcp60   >&5
configure:28829: $? = 0
configure:28833: test -z 
			 || test ! -s conftest.err
configure:28836: $? = 0
configure:28839: test -s conftest.exe
configure:28842: $? = 0
configure:28854: result: yes
configure:29163: checking for sigprocmask
configure:29220: gcc -o conftest.exe  -Wall -O3 -fms-extensions -mms-bitfields  -fno-exceptions -fomit-frame-pointer -march=i386 -mcpu=i686     -D__GW32__ -D_LARGEFILE_SOURCE=1 -D_LARGEFILE64_SOURCE=1 -D_FILE_OFFSET_BITS=64 -D_MSC_VER    -idirafter e:/progra~1/gnuwin32/include -idirafter h:/glibc/include     -Wl,-s -Wl,--force-exe-suffix -Wl,--enable-auto-import -Wl,--enable-runtime-pseudo-reloc -Wl,--allow-multiple-definition   conftest.c  -Wl,-s  -Le:/progra~1/gnuwin32/lib -lgw32c  -liberty -lintl -liconv -lwsock32 -lole32 -luuid -lmsvcp60   >&5
configure:29226: $? = 0
configure:29230: test -z 
			 || test ! -s conftest.err
configure:29233: $? = 0
configure:29236: test -s conftest.exe
configure:29239: $? = 0
configure:29251: result: yes
configure:29264: checking for signal handlers with siginfo_t
configure:29291: gcc -c  -Wall -O3 -fms-extensions -mms-bitfields  -fno-exceptions -fomit-frame-pointer -march=i386 -mcpu=i686     -D__GW32__ -D_LARGEFILE_SOURCE=1 -D_LARGEFILE64_SOURCE=1 -D_FILE_OFFSET_BITS=64 -D_MSC_VER    -idirafter e:/progra~1/gnuwin32/include -idirafter h:/glibc/include    conftest.c >&5
conftest.c: In function `main':
conftest.c:122: error: `siginfo_t' undeclared (first use in this function)
conftest.c:122: error: (Each undeclared identifier is reported only once
conftest.c:122: error: for each function it appears in.)
conftest.c:122: error: parse error before "info"
conftest.c:123: error: `SA_SIGINFO' undeclared (first use in this function)
conftest.c:124: error: structure has no member named `sa_sigaction'
configure:29297: $? = 1
configure: failed program was:
| /* confdefs.h.  */
| 
| #define PACKAGE_NAME ""
| #define PACKAGE_TARNAME ""
| #define PACKAGE_VERSION ""
| #define PACKAGE_STRING ""
| #define PACKAGE_BUGREPORT ""
| #define PACKAGE "gettext-tools"
| #define VERSION "0.14.4"
| #define _GNU_SOURCE 1
| #define STDC_HEADERS 1
| #define HAVE_SYS_TYPES_H 1
| #define HAVE_SYS_STAT_H 1
| #define HAVE_STDLIB_H 1
| #define HAVE_STRING_H 1
| #define HAVE_MEMORY_H 1
| #define HAVE_STRINGS_H 1
| #define HAVE_INTTYPES_H 1
| #define HAVE_STDINT_H 1
| #define HAVE_UNISTD_H 1
| #define __EXTENSIONS__ 1
| #define HAVE_DLFCN_H 1
| #ifdef __cplusplus
| extern "C" void std::exit (int) throw (); using std::exit;
| #endif
| #define INSTALLPREFIX "c:/progra~1/Gettext"
| #define ENABLE_RELOCATABLE 1
| #define STDC_HEADERS 1
| #define HAVE_LIMITS_H 1
| #define HAVE_MALLOC_H 1
| #define HAVE_PWD_H 1
| #define HAVE_STRING_H 1
| #define HAVE_UNISTD_H 1
| #define HAVE_UTIME_H 1
| #define HAVE_VALUES_H 1
| #define HAVE__BOOL 1
| #define HAVE_STDBOOL_H 1
| #define HAVE_UNSIGNED_LONG_LONG 1
| #define HAVE_PTRDIFF_T 1
| #define HAVE_INTTYPES_H_WITH_UINTMAX 1
| #define HAVE_STDINT_H_WITH_UINTMAX 1
| #define HAVE_UINTMAX_T 1
| #define HAVE_SIG_ATOMIC_T 1
| #define HAVE_ALLOCA_H 1
| #define HAVE_ALLOCA 1
| #define HAVE_STDLIB_H 1
| #define HAVE_STRING_H 1
| #define HAVE_STDLIB_H 1
| #define MALLOC_0_IS_NONNULL 1
| #define HAVE_LONG_LONG 1
| #define HAVE_LONG_DOUBLE 1
| #define HAVE_VPRINTF 1
| #define HAVE_CHOWN 1
| #define HAVE_GETCWD 1
| #define HAVE_RAISE 1
| #define HAVE_STRERROR 1
| #define HAVE_STRTOUL 1
| #define HAVE_UNAME 1
| #define HAVE_UTIME 1
| #define HAVE_UTIMES 1
| #define HAVE_WAITID 1
| #define HAVE_ATEXIT 1
| #define HAVE_MEMMOVE 1
| #define HAVE_MEMSET 1
| #define HAVE_STPCPY 1
| #define HAVE_STRCSPN 1
| #define HAVE_STRPBRK 1
| #define HAVE_STRSTR 1
| #define HAVE_VASPRINTF 1
| #define HAVE_MBSTATE_T 1
| #define HAVE_DECL_GETENV 1
| #define HAVE_BTOWC 1
| #define HAVE_MBSRTOWCS 1
| #define HAVE_MEMPCPY 1
| #define HAVE_WMEMCHR 1
| #define HAVE_WMEMCPY 1
| #define HAVE_WCHAR_H 1
| #define HAVE_WCTYPE_H 1
| #define fnmatch posix_fnmatch
| #define HAVE_GETOPT_H 1
| #define HAVE_GETOPT_LONG_ONLY 1
| #define __GETOPT_PREFIX rpl_
| #define eaccess access
| #define HAVE_STPNCPY 1
| #define HAVE_STRCASECMP 1
| #define HAVE_STRNCASECMP 1
| #define HAVE_ISASCII 1
| #define HAVE_STRTOUL 1
| #define HAVE_WCHAR_H 1
| #define HAVE_WCTYPE_H 1
| #define HAVE_ISWPRINT 1
| #define HAVE_MBSINIT 1
| #define HAVE_ISWCNTRL 1
| #define HAVE_WCWIDTH 1
| #define HAVE_MBRTOWC 1
| #define HAVE_DECL_WCWIDTH 0
| #define HAVE_DECL_MBSWIDTH_IN_WCHAR_H 0
| #define HAVE_MBSTATE_T 1
| #define HAVE_DIRENT_H 1
| #define CLOSEDIR_VOID 1
| #define HAVE_STRING_H 1
| #define HAVE_LONG_FILE_NAMES 1
| #define HAVE_PATHCONF 1
| #define HAVE_STRING_H 1
| #define HAVE_UNISTD_H 1
| #define HAVE_UNISTD_H 1
| #define vfork fork
| #define HAVE_WAITPID 1
| #define HAVE___SECURE_GETENV 1
| #define HAVE_SYS_TIME_H 1
| #define HAVE_UNISTD_H 1
| #define HAVE_MKDTEMP 1
| #define HAVE_POSIX_SIGNALBLOCKING 1
| /* end confdefs.h.  */
| 
| #include <signal.h>
| int
| main ()
| {
| 
| struct sigaction action;
| siginfo_t info;
| action.sa_flags = SA_SIGINFO;
| action.sa_sigaction = (void *) 0;
| 
|   ;
|   return 0;
| }
configure:29321: result: no
configure:29337: checking for setenv
configure:29394: gcc -o conftest.exe  -Wall -O3 -fms-extensions -mms-bitfields  -fno-exceptions -fomit-frame-pointer -march=i386 -mcpu=i686     -D__GW32__ -D_LARGEFILE_SOURCE=1 -D_LARGEFILE64_SOURCE=1 -D_FILE_OFFSET_BITS=64 -D_MSC_VER    -idirafter e:/progra~1/gnuwin32/include -idirafter h:/glibc/include     -Wl,-s -Wl,--force-exe-suffix -Wl,--enable-auto-import -Wl,--enable-runtime-pseudo-reloc -Wl,--allow-multiple-definition   conftest.c  -Wl,-s  -Le:/progra~1/gnuwin32/lib -lgw32c  -liberty -lintl -liconv -lwsock32 -lole32 -luuid -lmsvcp60   >&5
configure:29400: $? = 0
configure:29404: test -z 
			 || test ! -s conftest.err
configure:29407: $? = 0
configure:29410: test -s conftest.exe
configure:29413: $? = 0
configure:29425: result: yes
configure:29337: checking for unsetenv
configure:29394: gcc -o conftest.exe  -Wall -O3 -fms-extensions -mms-bitfields  -fno-exceptions -fomit-frame-pointer -march=i386 -mcpu=i686     -D__GW32__ -D_LARGEFILE_SOURCE=1 -D_LARGEFILE64_SOURCE=1 -D_FILE_OFFSET_BITS=64 -D_MSC_VER    -idirafter e:/progra~1/gnuwin32/include -idirafter h:/glibc/include     -Wl,-s -Wl,--force-exe-suffix -Wl,--enable-auto-import -Wl,--enable-runtime-pseudo-reloc -Wl,--allow-multiple-definition   conftest.c  -Wl,-s  -Le:/progra~1/gnuwin32/lib -lgw32c  -liberty -lintl -liconv -lwsock32 -lole32 -luuid -lmsvcp60   >&5
configure:29400: $? = 0
configure:29404: test -z 
			 || test ! -s conftest.err
configure:29407: $? = 0
configure:29410: test -s conftest.exe
configure:29413: $? = 0
configure:29425: result: yes
configure:29984: checking for unsetenv() return type
configure:30015: gcc -c  -Wall -O3 -fms-extensions -mms-bitfields  -fno-exceptions -fomit-frame-pointer -march=i386 -mcpu=i686     -D__GW32__ -D_LARGEFILE_SOURCE=1 -D_LARGEFILE64_SOURCE=1 -D_FILE_OFFSET_BITS=64 -D_MSC_VER    -idirafter e:/progra~1/gnuwin32/include -idirafter h:/glibc/include    conftest.c >&5
configure:30021: $? = 0
configure:30025: test -z 
			 || test ! -s conftest.err
configure:30028: $? = 0
configure:30031: test -s conftest.o
configure:30034: $? = 0
configure:30045: result: int
configure:30061: checking for strerror
configure:30149: result: yes
configure:30176: checking whether clearerr_unlocked is declared
configure:30200: gcc -c  -Wall -O3 -fms-extensions -mms-bitfields  -fno-exceptions -fomit-frame-pointer -march=i386 -mcpu=i686     -D__GW32__ -D_LARGEFILE_SOURCE=1 -D_LARGEFILE64_SOURCE=1 -D_FILE_OFFSET_BITS=64 -D_MSC_VER    -idirafter e:/progra~1/gnuwin32/include -idirafter h:/glibc/include    conftest.c >&5
conftest.c: In function `main':
conftest.c:156: error: `clearerr_unlocked' undeclared (first use in this function)
conftest.c:156: error: (Each undeclared identifier is reported only once
conftest.c:156: error: for each function it appears in.)
conftest.c:156: warning: unused variable `p'
configure:30206: $? = 1
configure: failed program was:
| /* confdefs.h.  */
| 
| #define PACKAGE_NAME ""
| #define PACKAGE_TARNAME ""
| #define PACKAGE_VERSION ""
| #define PACKAGE_STRING ""
| #define PACKAGE_BUGREPORT ""
| #define PACKAGE "gettext-tools"
| #define VERSION "0.14.4"
| #define _GNU_SOURCE 1
| #define STDC_HEADERS 1
| #define HAVE_SYS_TYPES_H 1
| #define HAVE_SYS_STAT_H 1
| #define HAVE_STDLIB_H 1
| #define HAVE_STRING_H 1
| #define HAVE_MEMORY_H 1
| #define HAVE_STRINGS_H 1
| #define HAVE_INTTYPES_H 1
| #define HAVE_STDINT_H 1
| #define HAVE_UNISTD_H 1
| #define __EXTENSIONS__ 1
| #define HAVE_DLFCN_H 1
| #ifdef __cplusplus
| extern "C" void std::exit (int) throw (); using std::exit;
| #endif
| #define INSTALLPREFIX "c:/progra~1/Gettext"
| #define ENABLE_RELOCATABLE 1
| #define STDC_HEADERS 1
| #define HAVE_LIMITS_H 1
| #define HAVE_MALLOC_H 1
| #define HAVE_PWD_H 1
| #define HAVE_STRING_H 1
| #define HAVE_UNISTD_H 1
| #define HAVE_UTIME_H 1
| #define HAVE_VALUES_H 1
| #define HAVE__BOOL 1
| #define HAVE_STDBOOL_H 1
| #define HAVE_UNSIGNED_LONG_LONG 1
| #define HAVE_PTRDIFF_T 1
| #define HAVE_INTTYPES_H_WITH_UINTMAX 1
| #define HAVE_STDINT_H_WITH_UINTMAX 1
| #define HAVE_UINTMAX_T 1
| #define HAVE_SIG_ATOMIC_T 1
| #define HAVE_ALLOCA_H 1
| #define HAVE_ALLOCA 1
| #define HAVE_STDLIB_H 1
| #define HAVE_STRING_H 1
| #define HAVE_STDLIB_H 1
| #define MALLOC_0_IS_NONNULL 1
| #define HAVE_LONG_LONG 1
| #define HAVE_LONG_DOUBLE 1
| #define HAVE_VPRINTF 1
| #define HAVE_CHOWN 1
| #define HAVE_GETCWD 1
| #define HAVE_RAISE 1
| #define HAVE_STRERROR 1
| #define HAVE_STRTOUL 1
| #define HAVE_UNAME 1
| #define HAVE_UTIME 1
| #define HAVE_UTIMES 1
| #define HAVE_WAITID 1
| #define HAVE_ATEXIT 1
| #define HAVE_MEMMOVE 1
| #define HAVE_MEMSET 1
| #define HAVE_STPCPY 1
| #define HAVE_STRCSPN 1
| #define HAVE_STRPBRK 1
| #define HAVE_STRSTR 1
| #define HAVE_VASPRINTF 1
| #define HAVE_MBSTATE_T 1
| #define HAVE_DECL_GETENV 1
| #define HAVE_BTOWC 1
| #define HAVE_MBSRTOWCS 1
| #define HAVE_MEMPCPY 1
| #define HAVE_WMEMCHR 1
| #define HAVE_WMEMCPY 1
| #define HAVE_WCHAR_H 1
| #define HAVE_WCTYPE_H 1
| #define fnmatch posix_fnmatch
| #define HAVE_GETOPT_H 1
| #define HAVE_GETOPT_LONG_ONLY 1
| #define __GETOPT_PREFIX rpl_
| #define eaccess access
| #define HAVE_STPNCPY 1
| #define HAVE_STRCASECMP 1
| #define HAVE_STRNCASECMP 1
| #define HAVE_ISASCII 1
| #define HAVE_STRTOUL 1
| #define HAVE_WCHAR_H 1
| #define HAVE_WCTYPE_H 1
| #define HAVE_ISWPRINT 1
| #define HAVE_MBSINIT 1
| #define HAVE_ISWCNTRL 1
| #define HAVE_WCWIDTH 1
| #define HAVE_MBRTOWC 1
| #define HAVE_DECL_WCWIDTH 0
| #define HAVE_DECL_MBSWIDTH_IN_WCHAR_H 0
| #define HAVE_MBSTATE_T 1
| #define HAVE_DIRENT_H 1
| #define CLOSEDIR_VOID 1
| #define HAVE_STRING_H 1
| #define HAVE_LONG_FILE_NAMES 1
| #define HAVE_PATHCONF 1
| #define HAVE_STRING_H 1
| #define HAVE_UNISTD_H 1
| #define HAVE_UNISTD_H 1
| #define vfork fork
| #define HAVE_WAITPID 1
| #define HAVE___SECURE_GETENV 1
| #define HAVE_SYS_TIME_H 1
| #define HAVE_UNISTD_H 1
| #define HAVE_MKDTEMP 1
| #define HAVE_POSIX_SIGNALBLOCKING 1
| #define HAVE_SETENV 1
| #define HAVE_UNSETENV 1
| #define HAVE_STRERROR 1
| /* end confdefs.h.  */
| #include <stdio.h>
| #if HAVE_SYS_TYPES_H
| # include <sys/types.h>
| #endif
| #if HAVE_SYS_STAT_H
| # include <sys/stat.h>
| #endif
| #if STDC_HEADERS
| # include <stdlib.h>
| # include <stddef.h>
| #else
| # if HAVE_STDLIB_H
| #  include <stdlib.h>
| # endif
| #endif
| #if HAVE_STRING_H
| # if !STDC_HEADERS && HAVE_MEMORY_H
| #  include <memory.h>
| # endif
| # include <string.h>
| #endif
| #if HAVE_STRINGS_H
| # include <strings.h>
| #endif
| #if HAVE_INTTYPES_H
| # include <inttypes.h>
| #else
| # if HAVE_STDINT_H
| #  include <stdint.h>
| # endif
| #endif
| #if HAVE_UNISTD_H
| # include <unistd.h>
| #endif
| int
| main ()
| {
| #ifndef clearerr_unlocked
|   char *p = (char *) clearerr_unlocked;
| #endif
| 
|   ;
|   return 0;
| }
configure:30230: result: no
configure:30250: checking whether feof_unlocked is declared
configure:30274: gcc -c  -Wall -O3 -fms-extensions -mms-bitfields  -fno-exceptions -fomit-frame-pointer -march=i386 -mcpu=i686     -D__GW32__ -D_LARGEFILE_SOURCE=1 -D_LARGEFILE64_SOURCE=1 -D_FILE_OFFSET_BITS=64 -D_MSC_VER    -idirafter e:/progra~1/gnuwin32/include -idirafter h:/glibc/include    conftest.c >&5
configure:30280: $? = 0
configure:30284: test -z 
			 || test ! -s conftest.err
configure:30287: $? = 0
configure:30290: test -s conftest.o
configure:30293: $? = 0
configure:30304: result: yes
configure:30324: checking whether ferror_unlocked is declared
configure:30348: gcc -c  -Wall -O3 -fms-extensions -mms-bitfields  -fno-exceptions -fomit-frame-pointer -march=i386 -mcpu=i686     -D__GW32__ -D_LARGEFILE_SOURCE=1 -D_LARGEFILE64_SOURCE=1 -D_FILE_OFFSET_BITS=64 -D_MSC_VER    -idirafter e:/progra~1/gnuwin32/include -idirafter h:/glibc/include    conftest.c >&5
configure:30354: $? = 0
configure:30358: test -z 
			 || test ! -s conftest.err
configure:30361: $? = 0
configure:30364: test -s conftest.o
configure:30367: $? = 0
configure:30378: result: yes
configure:30398: checking whether fflush_unlocked is declared
configure:30422: gcc -c  -Wall -O3 -fms-extensions -mms-bitfields  -fno-exceptions -fomit-frame-pointer -march=i386 -mcpu=i686     -D__GW32__ -D_LARGEFILE_SOURCE=1 -D_LARGEFILE64_SOURCE=1 -D_FILE_OFFSET_BITS=64 -D_MSC_VER    -idirafter e:/progra~1/gnuwin32/include -idirafter h:/glibc/include    conftest.c >&5
conftest.c: In function `main':
conftest.c:159: error: `fflush_unlocked' undeclared (first use in this function)
conftest.c:159: error: (Each undeclared identifier is reported only once
conftest.c:159: error: for each function it appears in.)
conftest.c:159: warning: unused variable `p'
configure:30428: $? = 1
configure: failed program was:
| /* confdefs.h.  */
| 
| #define PACKAGE_NAME ""
| #define PACKAGE_TARNAME ""
| #define PACKAGE_VERSION ""
| #define PACKAGE_STRING ""
| #define PACKAGE_BUGREPORT ""
| #define PACKAGE "gettext-tools"
| #define VERSION "0.14.4"
| #define _GNU_SOURCE 1
| #define STDC_HEADERS 1
| #define HAVE_SYS_TYPES_H 1
| #define HAVE_SYS_STAT_H 1
| #define HAVE_STDLIB_H 1
| #define HAVE_STRING_H 1
| #define HAVE_MEMORY_H 1
| #define HAVE_STRINGS_H 1
| #define HAVE_INTTYPES_H 1
| #define HAVE_STDINT_H 1
| #define HAVE_UNISTD_H 1
| #define __EXTENSIONS__ 1
| #define HAVE_DLFCN_H 1
| #ifdef __cplusplus
| extern "C" void std::exit (int) throw (); using std::exit;
| #endif
| #define INSTALLPREFIX "c:/progra~1/Gettext"
| #define ENABLE_RELOCATABLE 1
| #define STDC_HEADERS 1
| #define HAVE_LIMITS_H 1
| #define HAVE_MALLOC_H 1
| #define HAVE_PWD_H 1
| #define HAVE_STRING_H 1
| #define HAVE_UNISTD_H 1
| #define HAVE_UTIME_H 1
| #define HAVE_VALUES_H 1
| #define HAVE__BOOL 1
| #define HAVE_STDBOOL_H 1
| #define HAVE_UNSIGNED_LONG_LONG 1
| #define HAVE_PTRDIFF_T 1
| #define HAVE_INTTYPES_H_WITH_UINTMAX 1
| #define HAVE_STDINT_H_WITH_UINTMAX 1
| #define HAVE_UINTMAX_T 1
| #define HAVE_SIG_ATOMIC_T 1
| #define HAVE_ALLOCA_H 1
| #define HAVE_ALLOCA 1
| #define HAVE_STDLIB_H 1
| #define HAVE_STRING_H 1
| #define HAVE_STDLIB_H 1
| #define MALLOC_0_IS_NONNULL 1
| #define HAVE_LONG_LONG 1
| #define HAVE_LONG_DOUBLE 1
| #define HAVE_VPRINTF 1
| #define HAVE_CHOWN 1
| #define HAVE_GETCWD 1
| #define HAVE_RAISE 1
| #define HAVE_STRERROR 1
| #define HAVE_STRTOUL 1
| #define HAVE_UNAME 1
| #define HAVE_UTIME 1
| #define HAVE_UTIMES 1
| #define HAVE_WAITID 1
| #define HAVE_ATEXIT 1
| #define HAVE_MEMMOVE 1
| #define HAVE_MEMSET 1
| #define HAVE_STPCPY 1
| #define HAVE_STRCSPN 1
| #define HAVE_STRPBRK 1
| #define HAVE_STRSTR 1
| #define HAVE_VASPRINTF 1
| #define HAVE_MBSTATE_T 1
| #define HAVE_DECL_GETENV 1
| #define HAVE_BTOWC 1
| #define HAVE_MBSRTOWCS 1
| #define HAVE_MEMPCPY 1
| #define HAVE_WMEMCHR 1
| #define HAVE_WMEMCPY 1
| #define HAVE_WCHAR_H 1
| #define HAVE_WCTYPE_H 1
| #define fnmatch posix_fnmatch
| #define HAVE_GETOPT_H 1
| #define HAVE_GETOPT_LONG_ONLY 1
| #define __GETOPT_PREFIX rpl_
| #define eaccess access
| #define HAVE_STPNCPY 1
| #define HAVE_STRCASECMP 1
| #define HAVE_STRNCASECMP 1
| #define HAVE_ISASCII 1
| #define HAVE_STRTOUL 1
| #define HAVE_WCHAR_H 1
| #define HAVE_WCTYPE_H 1
| #define HAVE_ISWPRINT 1
| #define HAVE_MBSINIT 1
| #define HAVE_ISWCNTRL 1
| #define HAVE_WCWIDTH 1
| #define HAVE_MBRTOWC 1
| #define HAVE_DECL_WCWIDTH 0
| #define HAVE_DECL_MBSWIDTH_IN_WCHAR_H 0
| #define HAVE_MBSTATE_T 1
| #define HAVE_DIRENT_H 1
| #define CLOSEDIR_VOID 1
| #define HAVE_STRING_H 1
| #define HAVE_LONG_FILE_NAMES 1
| #define HAVE_PATHCONF 1
| #define HAVE_STRING_H 1
| #define HAVE_UNISTD_H 1
| #define HAVE_UNISTD_H 1
| #define vfork fork
| #define HAVE_WAITPID 1
| #define HAVE___SECURE_GETENV 1
| #define HAVE_SYS_TIME_H 1
| #define HAVE_UNISTD_H 1
| #define HAVE_MKDTEMP 1
| #define HAVE_POSIX_SIGNALBLOCKING 1
| #define HAVE_SETENV 1
| #define HAVE_UNSETENV 1
| #define HAVE_STRERROR 1
| #define HAVE_DECL_CLEARERR_UNLOCKED 0
| #define HAVE_DECL_FEOF_UNLOCKED 1
| #define HAVE_DECL_FERROR_UNLOCKED 1
| /* end confdefs.h.  */
| #include <stdio.h>
| #if HAVE_SYS_TYPES_H
| # include <sys/types.h>
| #endif
| #if HAVE_SYS_STAT_H
| # include <sys/stat.h>
| #endif
| #if STDC_HEADERS
| # include <stdlib.h>
| # include <stddef.h>
| #else
| # if HAVE_STDLIB_H
| #  include <stdlib.h>
| # endif
| #endif
| #if HAVE_STRING_H
| # if !STDC_HEADERS && HAVE_MEMORY_H
| #  include <memory.h>
| # endif
| # include <string.h>
| #endif
| #if HAVE_STRINGS_H
| # include <strings.h>
| #endif
| #if HAVE_INTTYPES_H
| # include <inttypes.h>
| #else
| # if HAVE_STDINT_H
| #  include <stdint.h>
| # endif
| #endif
| #if HAVE_UNISTD_H
| # include <unistd.h>
| #endif
| int
| main ()
| {
| #ifndef fflush_unlocked
|   char *p = (char *) fflush_unlocked;
| #endif
| 
|   ;
|   return 0;
| }
configure:30452: result: no
configure:30472: checking whether fgets_unlocked is declared
configure:30496: gcc -c  -Wall -O3 -fms-extensions -mms-bitfields  -fno-exceptions -fomit-frame-pointer -march=i386 -mcpu=i686     -D__GW32__ -D_LARGEFILE_SOURCE=1 -D_LARGEFILE64_SOURCE=1 -D_FILE_OFFSET_BITS=64 -D_MSC_VER    -idirafter e:/progra~1/gnuwin32/include -idirafter h:/glibc/include    conftest.c >&5
configure:30502: $? = 0
configure:30506: test -z 
			 || test ! -s conftest.err
configure:30509: $? = 0
configure:30512: test -s conftest.o
configure:30515: $? = 0
configure:30526: result: yes
configure:30546: checking whether fputc_unlocked is declared
configure:30570: gcc -c  -Wall -O3 -fms-extensions -mms-bitfields  -fno-exceptions -fomit-frame-pointer -march=i386 -mcpu=i686     -D__GW32__ -D_LARGEFILE_SOURCE=1 -D_LARGEFILE64_SOURCE=1 -D_FILE_OFFSET_BITS=64 -D_MSC_VER    -idirafter e:/progra~1/gnuwin32/include -idirafter h:/glibc/include    conftest.c >&5
configure:30576: $? = 0
configure:30580: test -z 
			 || test ! -s conftest.err
configure:30583: $? = 0
configure:30586: test -s conftest.o
configure:30589: $? = 0
configure:30600: result: yes
configure:30620: checking whether fputs_unlocked is declared
configure:30644: gcc -c  -Wall -O3 -fms-extensions -mms-bitfields  -fno-exceptions -fomit-frame-pointer -march=i386 -mcpu=i686     -D__GW32__ -D_LARGEFILE_SOURCE=1 -D_LARGEFILE64_SOURCE=1 -D_FILE_OFFSET_BITS=64 -D_MSC_VER    -idirafter e:/progra~1/gnuwin32/include -idirafter h:/glibc/include    conftest.c >&5
configure:30650: $? = 0
configure:30654: test -z 
			 || test ! -s conftest.err
configure:30657: $? = 0
configure:30660: test -s conftest.o
configure:30663: $? = 0
configure:30674: result: yes
configure:30694: checking whether fread_unlocked is declared
configure:30718: gcc -c  -Wall -O3 -fms-extensions -mms-bitfields  -fno-exceptions -fomit-frame-pointer -march=i386 -mcpu=i686     -D__GW32__ -D_LARGEFILE_SOURCE=1 -D_LARGEFILE64_SOURCE=1 -D_FILE_OFFSET_BITS=64 -D_MSC_VER    -idirafter e:/progra~1/gnuwin32/include -idirafter h:/glibc/include    conftest.c >&5
configure:30724: $? = 0
configure:30728: test -z 
			 || test ! -s conftest.err
configure:30731: $? = 0
configure:30734: test -s conftest.o
configure:30737: $? = 0
configure:30748: result: yes
configure:30768: checking whether fwrite_unlocked is declared
configure:30792: gcc -c  -Wall -O3 -fms-extensions -mms-bitfields  -fno-exceptions -fomit-frame-pointer -march=i386 -mcpu=i686     -D__GW32__ -D_LARGEFILE_SOURCE=1 -D_LARGEFILE64_SOURCE=1 -D_FILE_OFFSET_BITS=64 -D_MSC_VER    -idirafter e:/progra~1/gnuwin32/include -idirafter h:/glibc/include    conftest.c >&5
configure:30798: $? = 0
configure:30802: test -z 
			 || test ! -s conftest.err
configure:30805: $? = 0
configure:30808: test -s conftest.o
configure:30811: $? = 0
configure:30822: result: yes
configure:30842: checking whether getc_unlocked is declared
configure:30866: gcc -c  -Wall -O3 -fms-extensions -mms-bitfields  -fno-exceptions -fomit-frame-pointer -march=i386 -mcpu=i686     -D__GW32__ -D_LARGEFILE_SOURCE=1 -D_LARGEFILE64_SOURCE=1 -D_FILE_OFFSET_BITS=64 -D_MSC_VER    -idirafter e:/progra~1/gnuwin32/include -idirafter h:/glibc/include    conftest.c >&5
configure:30872: $? = 0
configure:30876: test -z 
			 || test ! -s conftest.err
configure:30879: $? = 0
configure:30882: test -s conftest.o
configure:30885: $? = 0
configure:30896: result: yes
configure:30916: checking whether getchar_unlocked is declared
configure:30940: gcc -c  -Wall -O3 -fms-extensions -mms-bitfields  -fno-exceptions -fomit-frame-pointer -march=i386 -mcpu=i686     -D__GW32__ -D_LARGEFILE_SOURCE=1 -D_LARGEFILE64_SOURCE=1 -D_FILE_OFFSET_BITS=64 -D_MSC_VER    -idirafter e:/progra~1/gnuwin32/include -idirafter h:/glibc/include    conftest.c >&5
configure:30946: $? = 0
configure:30950: test -z 
			 || test ! -s conftest.err
configure:30953: $? = 0
configure:30956: test -s conftest.o
configure:30959: $? = 0
configure:30970: result: yes
configure:30990: checking whether putc_unlocked is declared
configure:31014: gcc -c  -Wall -O3 -fms-extensions -mms-bitfields  -fno-exceptions -fomit-frame-pointer -march=i386 -mcpu=i686     -D__GW32__ -D_LARGEFILE_SOURCE=1 -D_LARGEFILE64_SOURCE=1 -D_FILE_OFFSET_BITS=64 -D_MSC_VER    -idirafter e:/progra~1/gnuwin32/include -idirafter h:/glibc/include    conftest.c >&5
configure:31020: $? = 0
configure:31024: test -z 
			 || test ! -s conftest.err
configure:31027: $? = 0
configure:31030: test -s conftest.o
configure:31033: $? = 0
configure:31044: result: yes
configure:31064: checking whether putchar_unlocked is declared
configure:31088: gcc -c  -Wall -O3 -fms-extensions -mms-bitfields  -fno-exceptions -fomit-frame-pointer -march=i386 -mcpu=i686     -D__GW32__ -D_LARGEFILE_SOURCE=1 -D_LARGEFILE64_SOURCE=1 -D_FILE_OFFSET_BITS=64 -D_MSC_VER    -idirafter e:/progra~1/gnuwin32/include -idirafter h:/glibc/include    conftest.c >&5
configure:31094: $? = 0
configure:31098: test -z 
			 || test ! -s conftest.err
configure:31101: $? = 0
configure:31104: test -s conftest.o
configure:31107: $? = 0
configure:31118: result: yes
configure:31190: checking whether strerror_r is declared
configure:31214: gcc -c  -Wall -O3 -fms-extensions -mms-bitfields  -fno-exceptions -fomit-frame-pointer -march=i386 -mcpu=i686     -D__GW32__ -D_LARGEFILE_SOURCE=1 -D_LARGEFILE64_SOURCE=1 -D_FILE_OFFSET_BITS=64 -D_MSC_VER    -idirafter e:/progra~1/gnuwin32/include -idirafter h:/glibc/include    conftest.c >&5
conftest.c: In function `main':
conftest.c:170: error: `strerror_r' undeclared (first use in this function)
conftest.c:170: error: (Each undeclared identifier is reported only once
conftest.c:170: error: for each function it appears in.)
conftest.c:170: warning: unused variable `p'
configure:31220: $? = 1
configure: failed program was:
| /* confdefs.h.  */
| 
| #define PACKAGE_NAME ""
| #define PACKAGE_TARNAME ""
| #define PACKAGE_VERSION ""
| #define PACKAGE_STRING ""
| #define PACKAGE_BUGREPORT ""
| #define PACKAGE "gettext-tools"
| #define VERSION "0.14.4"
| #define _GNU_SOURCE 1
| #define STDC_HEADERS 1
| #define HAVE_SYS_TYPES_H 1
| #define HAVE_SYS_STAT_H 1
| #define HAVE_STDLIB_H 1
| #define HAVE_STRING_H 1
| #define HAVE_MEMORY_H 1
| #define HAVE_STRINGS_H 1
| #define HAVE_INTTYPES_H 1
| #define HAVE_STDINT_H 1
| #define HAVE_UNISTD_H 1
| #define __EXTENSIONS__ 1
| #define HAVE_DLFCN_H 1
| #ifdef __cplusplus
| extern "C" void std::exit (int) throw (); using std::exit;
| #endif
| #define INSTALLPREFIX "c:/progra~1/Gettext"
| #define ENABLE_RELOCATABLE 1
| #define STDC_HEADERS 1
| #define HAVE_LIMITS_H 1
| #define HAVE_MALLOC_H 1
| #define HAVE_PWD_H 1
| #define HAVE_STRING_H 1
| #define HAVE_UNISTD_H 1
| #define HAVE_UTIME_H 1
| #define HAVE_VALUES_H 1
| #define HAVE__BOOL 1
| #define HAVE_STDBOOL_H 1
| #define HAVE_UNSIGNED_LONG_LONG 1
| #define HAVE_PTRDIFF_T 1
| #define HAVE_INTTYPES_H_WITH_UINTMAX 1
| #define HAVE_STDINT_H_WITH_UINTMAX 1
| #define HAVE_UINTMAX_T 1
| #define HAVE_SIG_ATOMIC_T 1
| #define HAVE_ALLOCA_H 1
| #define HAVE_ALLOCA 1
| #define HAVE_STDLIB_H 1
| #define HAVE_STRING_H 1
| #define HAVE_STDLIB_H 1
| #define MALLOC_0_IS_NONNULL 1
| #define HAVE_LONG_LONG 1
| #define HAVE_LONG_DOUBLE 1
| #define HAVE_VPRINTF 1
| #define HAVE_CHOWN 1
| #define HAVE_GETCWD 1
| #define HAVE_RAISE 1
| #define HAVE_STRERROR 1
| #define HAVE_STRTOUL 1
| #define HAVE_UNAME 1
| #define HAVE_UTIME 1
| #define HAVE_UTIMES 1
| #define HAVE_WAITID 1
| #define HAVE_ATEXIT 1
| #define HAVE_MEMMOVE 1
| #define HAVE_MEMSET 1
| #define HAVE_STPCPY 1
| #define HAVE_STRCSPN 1
| #define HAVE_STRPBRK 1
| #define HAVE_STRSTR 1
| #define HAVE_VASPRINTF 1
| #define HAVE_MBSTATE_T 1
| #define HAVE_DECL_GETENV 1
| #define HAVE_BTOWC 1
| #define HAVE_MBSRTOWCS 1
| #define HAVE_MEMPCPY 1
| #define HAVE_WMEMCHR 1
| #define HAVE_WMEMCPY 1
| #define HAVE_WCHAR_H 1
| #define HAVE_WCTYPE_H 1
| #define fnmatch posix_fnmatch
| #define HAVE_GETOPT_H 1
| #define HAVE_GETOPT_LONG_ONLY 1
| #define __GETOPT_PREFIX rpl_
| #define eaccess access
| #define HAVE_STPNCPY 1
| #define HAVE_STRCASECMP 1
| #define HAVE_STRNCASECMP 1
| #define HAVE_ISASCII 1
| #define HAVE_STRTOUL 1
| #define HAVE_WCHAR_H 1
| #define HAVE_WCTYPE_H 1
| #define HAVE_ISWPRINT 1
| #define HAVE_MBSINIT 1
| #define HAVE_ISWCNTRL 1
| #define HAVE_WCWIDTH 1
| #define HAVE_MBRTOWC 1
| #define HAVE_DECL_WCWIDTH 0
| #define HAVE_DECL_MBSWIDTH_IN_WCHAR_H 0
| #define HAVE_MBSTATE_T 1
| #define HAVE_DIRENT_H 1
| #define CLOSEDIR_VOID 1
| #define HAVE_STRING_H 1
| #define HAVE_LONG_FILE_NAMES 1
| #define HAVE_PATHCONF 1
| #define HAVE_STRING_H 1
| #define HAVE_UNISTD_H 1
| #define HAVE_UNISTD_H 1
| #define vfork fork
| #define HAVE_WAITPID 1
| #define HAVE___SECURE_GETENV 1
| #define HAVE_SYS_TIME_H 1
| #define HAVE_UNISTD_H 1
| #define HAVE_MKDTEMP 1
| #define HAVE_POSIX_SIGNALBLOCKING 1
| #define HAVE_SETENV 1
| #define HAVE_UNSETENV 1
| #define HAVE_STRERROR 1
| #define HAVE_DECL_CLEARERR_UNLOCKED 0
| #define HAVE_DECL_FEOF_UNLOCKED 1
| #define HAVE_DECL_FERROR_UNLOCKED 1
| #define HAVE_DECL_FFLUSH_UNLOCKED 0
| #define HAVE_DECL_FGETS_UNLOCKED 1
| #define HAVE_DECL_FPUTC_UNLOCKED 1
| #define HAVE_DECL_FPUTS_UNLOCKED 1
| #define HAVE_DECL_FREAD_UNLOCKED 1
| #define HAVE_DECL_FWRITE_UNLOCKED 1
| #define HAVE_DECL_GETC_UNLOCKED 1
| #define HAVE_DECL_GETCHAR_UNLOCKED 1
| #define HAVE_DECL_PUTC_UNLOCKED 1
| #define HAVE_DECL_PUTCHAR_UNLOCKED 1
| #define USE_UNLOCKED_IO 1
| /* end confdefs.h.  */
| #include <stdio.h>
| #if HAVE_SYS_TYPES_H
| # include <sys/types.h>
| #endif
| #if HAVE_SYS_STAT_H
| # include <sys/stat.h>
| #endif
| #if STDC_HEADERS
| # include <stdlib.h>
| # include <stddef.h>
| #else
| # if HAVE_STDLIB_H
| #  include <stdlib.h>
| # endif
| #endif
| #if HAVE_STRING_H
| # if !STDC_HEADERS && HAVE_MEMORY_H
| #  include <memory.h>
| # endif
| # include <string.h>
| #endif
| #if HAVE_STRINGS_H
| # include <strings.h>
| #endif
| #if HAVE_INTTYPES_H
| # include <inttypes.h>
| #else
| # if HAVE_STDINT_H
| #  include <stdint.h>
| # endif
| #endif
| #if HAVE_UNISTD_H
| # include <unistd.h>
| #endif
| int
| main ()
| {
| #ifndef strerror_r
|   char *p = (char *) strerror_r;
| #endif
| 
|   ;
|   return 0;
| }
configure:31244: result: no
configure:31266: checking for strerror_r
configure:31323: gcc -o conftest.exe  -Wall -O3 -fms-extensions -mms-bitfields  -fno-exceptions -fomit-frame-pointer -march=i386 -mcpu=i686     -D__GW32__ -D_LARGEFILE_SOURCE=1 -D_LARGEFILE64_SOURCE=1 -D_FILE_OFFSET_BITS=64 -D_MSC_VER    -idirafter e:/progra~1/gnuwin32/include -idirafter h:/glibc/include     -Wl,-s -Wl,--force-exe-suffix -Wl,--enable-auto-import -Wl,--enable-runtime-pseudo-reloc -Wl,--allow-multiple-definition   conftest.c  -Wl,-s  -Le:/progra~1/gnuwin32/lib -lgw32c  -liberty -lintl -liconv -lwsock32 -lole32 -luuid -lmsvcp60   >&5
configure:31329: $? = 0
configure:31333: test -z 
			 || test ! -s conftest.err
configure:31336: $? = 0
configure:31339: test -s conftest.exe
configure:31342: $? = 0
configure:31354: result: yes
configure:31364: checking whether strerror_r returns char *
configure:31449: gcc -o conftest.exe  -Wall -O3 -fms-extensions -mms-bitfields  -fno-exceptions -fomit-frame-pointer -march=i386 -mcpu=i686     -D__GW32__ -D_LARGEFILE_SOURCE=1 -D_LARGEFILE64_SOURCE=1 -D_FILE_OFFSET_BITS=64 -D_MSC_VER    -idirafter e:/progra~1/gnuwin32/include -idirafter h:/glibc/include     -Wl,-s -Wl,--force-exe-suffix -Wl,--enable-auto-import -Wl,--enable-runtime-pseudo-reloc -Wl,--allow-multiple-definition   conftest.c  -Wl,-s  -Le:/progra~1/gnuwin32/lib -lgw32c  -liberty -lintl -liconv -lwsock32 -lole32 -luuid -lmsvcp60   >&5
conftest.c: In function `main':
conftest.c:174: warning: implicit declaration of function `isalpha'
configure:31452: $? = 0
configure:31454: ./conftest.exe
configure:31457: $? = 0
configure:31471: result: yes
configure:31482: checking for error_at_line
configure:31503: gcc -o conftest.exe  -Wall -O3 -fms-extensions -mms-bitfields  -fno-exceptions -fomit-frame-pointer -march=i386 -mcpu=i686     -D__GW32__ -D_LARGEFILE_SOURCE=1 -D_LARGEFILE64_SOURCE=1 -D_FILE_OFFSET_BITS=64 -D_MSC_VER    -idirafter e:/progra~1/gnuwin32/include -idirafter h:/glibc/include     -Wl,-s -Wl,--force-exe-suffix -Wl,--enable-auto-import -Wl,--enable-runtime-pseudo-reloc -Wl,--allow-multiple-definition   conftest.c  -Wl,-s  -Le:/progra~1/gnuwin32/lib -lgw32c  -liberty -lintl -liconv -lwsock32 -lole32 -luuid -lmsvcp60   >&5
conftest.c: In function `main':
conftest.c:172: warning: implicit declaration of function `error_at_line'
configure:31509: $? = 0
configure:31513: test -z 
			 || test ! -s conftest.err
configure:31516: $? = 0
configure:31519: test -s conftest.exe
configure:31522: $? = 0
configure:31534: result: yes
configure:31573: checking for mbstate_t
configure:31625: result: yes
configure:31641: checking whether mbrtowc and mbstate_t are properly declared
configure:31693: result: yes
configure:31721: checking sys/param.h usability
configure:31733: gcc -c  -Wall -O3 -fms-extensions -mms-bitfields  -fno-exceptions -fomit-frame-pointer -march=i386 -mcpu=i686     -D__GW32__ -D_LARGEFILE_SOURCE=1 -D_LARGEFILE64_SOURCE=1 -D_FILE_OFFSET_BITS=64 -D_MSC_VER    -idirafter e:/progra~1/gnuwin32/include -idirafter h:/glibc/include    conftest.c >&5
configure:31739: $? = 0
configure:31743: test -z 
			 || test ! -s conftest.err
configure:31746: $? = 0
configure:31749: test -s conftest.o
configure:31752: $? = 0
configure:31762: result: yes
configure:31766: checking sys/param.h presence
configure:31776: gcc -E   -D__GW32__ -D_LARGEFILE_SOURCE=1 -D_LARGEFILE64_SOURCE=1 -D_FILE_OFFSET_BITS=64 -D_MSC_VER    -idirafter e:/progra~1/gnuwin32/include -idirafter h:/glibc/include    conftest.c
configure:31782: $? = 0
configure:31802: result: yes
configure:31837: checking for sys/param.h
configure:31844: result: yes
configure:31875: checking for readlink
configure:31932: gcc -o conftest.exe  -Wall -O3 -fms-extensions -mms-bitfields  -fno-exceptions -fomit-frame-pointer -march=i386 -mcpu=i686     -D__GW32__ -D_LARGEFILE_SOURCE=1 -D_LARGEFILE64_SOURCE=1 -D_FILE_OFFSET_BITS=64 -D_MSC_VER    -idirafter e:/progra~1/gnuwin32/include -idirafter h:/glibc/include     -Wl,-s -Wl,--force-exe-suffix -Wl,--enable-auto-import -Wl,--enable-runtime-pseudo-reloc -Wl,--allow-multiple-definition   conftest.c  -Wl,-s  -Le:/progra~1/gnuwin32/lib -lgw32c  -liberty -lintl -liconv -lwsock32 -lole32 -luuid -lmsvcp60   >&5
configure:31938: $? = 0
configure:31942: test -z 
			 || test ! -s conftest.err
configure:31945: $? = 0
configure:31948: test -s conftest.exe
configure:31951: $? = 0
configure:31963: result: yes
configure:32002: checking for canonicalize_file_name
configure:32059: gcc -o conftest.exe  -Wall -O3 -fms-extensions -mms-bitfields  -fno-exceptions -fomit-frame-pointer -march=i386 -mcpu=i686     -D__GW32__ -D_LARGEFILE_SOURCE=1 -D_LARGEFILE64_SOURCE=1 -D_FILE_OFFSET_BITS=64 -D_MSC_VER    -idirafter e:/progra~1/gnuwin32/include -idirafter h:/glibc/include     -Wl,-s -Wl,--force-exe-suffix -Wl,--enable-auto-import -Wl,--enable-runtime-pseudo-reloc -Wl,--allow-multiple-definition   conftest.c  -Wl,-s  -Le:/progra~1/gnuwin32/lib -lgw32c  -liberty -lintl -liconv -lwsock32 -lole32 -luuid -lmsvcp60   >&5
configure:32065: $? = 0
configure:32069: test -z 
			 || test ! -s conftest.err
configure:32072: $? = 0
configure:32075: test -s conftest.exe
configure:32078: $? = 0
configure:32090: result: yes
configure:32246: checking locale.h usability
configure:32258: gcc -c  -Wall -O3 -fms-extensions -mms-bitfields  -fno-exceptions -fomit-frame-pointer -march=i386 -mcpu=i686     -D__GW32__ -D_LARGEFILE_SOURCE=1 -D_LARGEFILE64_SOURCE=1 -D_FILE_OFFSET_BITS=64 -D_MSC_VER    -idirafter e:/progra~1/gnuwin32/include -idirafter h:/glibc/include    conftest.c >&5
configure:32264: $? = 0
configure:32268: test -z 
			 || test ! -s conftest.err
configure:32271: $? = 0
configure:32274: test -s conftest.o
configure:32277: $? = 0
configure:32287: result: yes
configure:32291: checking locale.h presence
configure:32301: gcc -E   -D__GW32__ -D_LARGEFILE_SOURCE=1 -D_LARGEFILE64_SOURCE=1 -D_FILE_OFFSET_BITS=64 -D_MSC_VER    -idirafter e:/progra~1/gnuwin32/include -idirafter h:/glibc/include    conftest.c
configure:32307: $? = 0
configure:32327: result: yes
configure:32362: checking for locale.h
configure:32369: result: yes
configure:32382: checking for setlocale declaration
configure:32416: gcc -c  -Wall -O3 -fms-extensions -mms-bitfields  -fno-exceptions -fomit-frame-pointer -march=i386 -mcpu=i686     -D__GW32__ -D_LARGEFILE_SOURCE=1 -D_LARGEFILE64_SOURCE=1 -D_FILE_OFFSET_BITS=64 -D_MSC_VER    -idirafter e:/progra~1/gnuwin32/include -idirafter h:/glibc/include    conftest.c >&5
conftest.c:149: error: conflicting types for `setlocale'
h:/mingw/3.3.1/include/locale.h:71: error: previous declaration of `setlocale'
configure:32422: $? = 1
configure: failed program was:
| /* confdefs.h.  */
| 
| #define PACKAGE_NAME ""
| #define PACKAGE_TARNAME ""
| #define PACKAGE_VERSION ""
| #define PACKAGE_STRING ""
| #define PACKAGE_BUGREPORT ""
| #define PACKAGE "gettext-tools"
| #define VERSION "0.14.4"
| #define _GNU_SOURCE 1
| #define STDC_HEADERS 1
| #define HAVE_SYS_TYPES_H 1
| #define HAVE_SYS_STAT_H 1
| #define HAVE_STDLIB_H 1
| #define HAVE_STRING_H 1
| #define HAVE_MEMORY_H 1
| #define HAVE_STRINGS_H 1
| #define HAVE_INTTYPES_H 1
| #define HAVE_STDINT_H 1
| #define HAVE_UNISTD_H 1
| #define __EXTENSIONS__ 1
| #define HAVE_DLFCN_H 1
| #ifdef __cplusplus
| extern "C" void std::exit (int) throw (); using std::exit;
| #endif
| #define INSTALLPREFIX "c:/progra~1/Gettext"
| #define ENABLE_RELOCATABLE 1
| #define STDC_HEADERS 1
| #define HAVE_LIMITS_H 1
| #define HAVE_MALLOC_H 1
| #define HAVE_PWD_H 1
| #define HAVE_STRING_H 1
| #define HAVE_UNISTD_H 1
| #define HAVE_UTIME_H 1
| #define HAVE_VALUES_H 1
| #define HAVE__BOOL 1
| #define HAVE_STDBOOL_H 1
| #define HAVE_UNSIGNED_LONG_LONG 1
| #define HAVE_PTRDIFF_T 1
| #define HAVE_INTTYPES_H_WITH_UINTMAX 1
| #define HAVE_STDINT_H_WITH_UINTMAX 1
| #define HAVE_UINTMAX_T 1
| #define HAVE_SIG_ATOMIC_T 1
| #define HAVE_ALLOCA_H 1
| #define HAVE_ALLOCA 1
| #define HAVE_STDLIB_H 1
| #define HAVE_STRING_H 1
| #define HAVE_STDLIB_H 1
| #define MALLOC_0_IS_NONNULL 1
| #define HAVE_LONG_LONG 1
| #define HAVE_LONG_DOUBLE 1
| #define HAVE_VPRINTF 1
| #define HAVE_CHOWN 1
| #define HAVE_GETCWD 1
| #define HAVE_RAISE 1
| #define HAVE_STRERROR 1
| #define HAVE_STRTOUL 1
| #define HAVE_UNAME 1
| #define HAVE_UTIME 1
| #define HAVE_UTIMES 1
| #define HAVE_WAITID 1
| #define HAVE_ATEXIT 1
| #define HAVE_MEMMOVE 1
| #define HAVE_MEMSET 1
| #define HAVE_STPCPY 1
| #define HAVE_STRCSPN 1
| #define HAVE_STRPBRK 1
| #define HAVE_STRSTR 1
| #define HAVE_VASPRINTF 1
| #define HAVE_MBSTATE_T 1
| #define HAVE_DECL_GETENV 1
| #define HAVE_BTOWC 1
| #define HAVE_MBSRTOWCS 1
| #define HAVE_MEMPCPY 1
| #define HAVE_WMEMCHR 1
| #define HAVE_WMEMCPY 1
| #define HAVE_WCHAR_H 1
| #define HAVE_WCTYPE_H 1
| #define fnmatch posix_fnmatch
| #define HAVE_GETOPT_H 1
| #define HAVE_GETOPT_LONG_ONLY 1
| #define __GETOPT_PREFIX rpl_
| #define eaccess access
| #define HAVE_STPNCPY 1
| #define HAVE_STRCASECMP 1
| #define HAVE_STRNCASECMP 1
| #define HAVE_ISASCII 1
| #define HAVE_STRTOUL 1
| #define HAVE_WCHAR_H 1
| #define HAVE_WCTYPE_H 1
| #define HAVE_ISWPRINT 1
| #define HAVE_MBSINIT 1
| #define HAVE_ISWCNTRL 1
| #define HAVE_WCWIDTH 1
| #define HAVE_MBRTOWC 1
| #define HAVE_DECL_WCWIDTH 0
| #define HAVE_DECL_MBSWIDTH_IN_WCHAR_H 0
| #define HAVE_MBSTATE_T 1
| #define HAVE_DIRENT_H 1
| #define CLOSEDIR_VOID 1
| #define HAVE_STRING_H 1
| #define HAVE_LONG_FILE_NAMES 1
| #define HAVE_PATHCONF 1
| #define HAVE_STRING_H 1
| #define HAVE_UNISTD_H 1
| #define HAVE_UNISTD_H 1
| #define vfork fork
| #define HAVE_WAITPID 1
| #define HAVE___SECURE_GETENV 1
| #define HAVE_SYS_TIME_H 1
| #define HAVE_UNISTD_H 1
| #define HAVE_MKDTEMP 1
| #define HAVE_POSIX_SIGNALBLOCKING 1
| #define HAVE_SETENV 1
| #define HAVE_UNSETENV 1
| #define HAVE_STRERROR 1
| #define HAVE_DECL_CLEARERR_UNLOCKED 0
| #define HAVE_DECL_FEOF_UNLOCKED 1
| #define HAVE_DECL_FERROR_UNLOCKED 1
| #define HAVE_DECL_FFLUSH_UNLOCKED 0
| #define HAVE_DECL_FGETS_UNLOCKED 1
| #define HAVE_DECL_FPUTC_UNLOCKED 1
| #define HAVE_DECL_FPUTS_UNLOCKED 1
| #define HAVE_DECL_FREAD_UNLOCKED 1
| #define HAVE_DECL_FWRITE_UNLOCKED 1
| #define HAVE_DECL_GETC_UNLOCKED 1
| #define HAVE_DECL_GETCHAR_UNLOCKED 1
| #define HAVE_DECL_PUTC_UNLOCKED 1
| #define HAVE_DECL_PUTCHAR_UNLOCKED 1
| #define USE_UNLOCKED_IO 1
| #define HAVE_DECL_STRERROR_R 0
| #define HAVE_STRERROR_R 1
| #define STRERROR_R_CHAR_P 1
| #define HAVE_MBSTATE_T 1
| #define HAVE_MBRTOWC 1
| #define HAVE_SYS_PARAM_H 1
| #define HAVE_READLINK 1
| #define HAVE_CANONICALIZE_FILE_NAME 1
| #define HAVE_LOCALE_H 1
| /* end confdefs.h.  */
| 
| #include <stdlib.h>
| #include <locale.h>
| extern
| #ifdef __cplusplus
| "C"
| #endif
| #if defined(__STDC__) || defined(__cplusplus)
| char *setlocale (int category, char *locale);
| #else
| char *setlocale();
| #endif
| 
| int
| main ()
| {
| 
|   ;
|   return 0;
| }
configure:32450: result: 
         extern char *setlocale (int category, const char *locale);
configure:32465: checking for stdint.h
configure:32470: result: yes
configure:32610: checking for SIZE_MAX
configure:33679: result: yes
configure:33697: checking for stdint.h
configure:33702: result: yes
configure:33844: checking whether strdup is declared
configure:33868: gcc -c  -Wall -O3 -fms-extensions -mms-bitfields  -fno-exceptions -fomit-frame-pointer -march=i386 -mcpu=i686     -D__GW32__ -D_LARGEFILE_SOURCE=1 -D_LARGEFILE64_SOURCE=1 -D_FILE_OFFSET_BITS=64 -D_MSC_VER    -idirafter e:/progra~1/gnuwin32/include -idirafter h:/glibc/include    conftest.c >&5
conftest.c: In function `main':
conftest.c:182: warning: unused variable `p'
configure:33874: $? = 0
configure:33878: test -z 
			 || test ! -s conftest.err
configure:33881: $? = 0
configure:33884: test -s conftest.o
configure:33887: $? = 0
configure:33898: result: yes
configure:33917: checking for C/C++ restrict keyword
configure:33935: gcc -c  -Wall -O3 -fms-extensions -mms-bitfields  -fno-exceptions -fomit-frame-pointer -march=i386 -mcpu=i686     -D__GW32__ -D_LARGEFILE_SOURCE=1 -D_LARGEFILE64_SOURCE=1 -D_FILE_OFFSET_BITS=64 -D_MSC_VER    -idirafter e:/progra~1/gnuwin32/include -idirafter h:/glibc/include    conftest.c >&5
conftest.c:145: error: parse error before "x"
conftest.c:145: warning: type defaults to `int' in declaration of `x'
conftest.c:145: warning: data definition has no type or storage class
configure:33941: $? = 1
configure: failed program was:
| /* confdefs.h.  */
| 
| #define PACKAGE_NAME ""
| #define PACKAGE_TARNAME ""
| #define PACKAGE_VERSION ""
| #define PACKAGE_STRING ""
| #define PACKAGE_BUGREPORT ""
| #define PACKAGE "gettext-tools"
| #define VERSION "0.14.4"
| #define _GNU_SOURCE 1
| #define STDC_HEADERS 1
| #define HAVE_SYS_TYPES_H 1
| #define HAVE_SYS_STAT_H 1
| #define HAVE_STDLIB_H 1
| #define HAVE_STRING_H 1
| #define HAVE_MEMORY_H 1
| #define HAVE_STRINGS_H 1
| #define HAVE_INTTYPES_H 1
| #define HAVE_STDINT_H 1
| #define HAVE_UNISTD_H 1
| #define __EXTENSIONS__ 1
| #define HAVE_DLFCN_H 1
| #ifdef __cplusplus
| extern "C" void std::exit (int) throw (); using std::exit;
| #endif
| #define INSTALLPREFIX "c:/progra~1/Gettext"
| #define ENABLE_RELOCATABLE 1
| #define STDC_HEADERS 1
| #define HAVE_LIMITS_H 1
| #define HAVE_MALLOC_H 1
| #define HAVE_PWD_H 1
| #define HAVE_STRING_H 1
| #define HAVE_UNISTD_H 1
| #define HAVE_UTIME_H 1
| #define HAVE_VALUES_H 1
| #define HAVE__BOOL 1
| #define HAVE_STDBOOL_H 1
| #define HAVE_UNSIGNED_LONG_LONG 1
| #define HAVE_PTRDIFF_T 1
| #define HAVE_INTTYPES_H_WITH_UINTMAX 1
| #define HAVE_STDINT_H_WITH_UINTMAX 1
| #define HAVE_UINTMAX_T 1
| #define HAVE_SIG_ATOMIC_T 1
| #define HAVE_ALLOCA_H 1
| #define HAVE_ALLOCA 1
| #define HAVE_STDLIB_H 1
| #define HAVE_STRING_H 1
| #define HAVE_STDLIB_H 1
| #define MALLOC_0_IS_NONNULL 1
| #define HAVE_LONG_LONG 1
| #define HAVE_LONG_DOUBLE 1
| #define HAVE_VPRINTF 1
| #define HAVE_CHOWN 1
| #define HAVE_GETCWD 1
| #define HAVE_RAISE 1
| #define HAVE_STRERROR 1
| #define HAVE_STRTOUL 1
| #define HAVE_UNAME 1
| #define HAVE_UTIME 1
| #define HAVE_UTIMES 1
| #define HAVE_WAITID 1
| #define HAVE_ATEXIT 1
| #define HAVE_MEMMOVE 1
| #define HAVE_MEMSET 1
| #define HAVE_STPCPY 1
| #define HAVE_STRCSPN 1
| #define HAVE_STRPBRK 1
| #define HAVE_STRSTR 1
| #define HAVE_VASPRINTF 1
| #define HAVE_MBSTATE_T 1
| #define HAVE_DECL_GETENV 1
| #define HAVE_BTOWC 1
| #define HAVE_MBSRTOWCS 1
| #define HAVE_MEMPCPY 1
| #define HAVE_WMEMCHR 1
| #define HAVE_WMEMCPY 1
| #define HAVE_WCHAR_H 1
| #define HAVE_WCTYPE_H 1
| #define fnmatch posix_fnmatch
| #define HAVE_GETOPT_H 1
| #define HAVE_GETOPT_LONG_ONLY 1
| #define __GETOPT_PREFIX rpl_
| #define eaccess access
| #define HAVE_STPNCPY 1
| #define HAVE_STRCASECMP 1
| #define HAVE_STRNCASECMP 1
| #define HAVE_ISASCII 1
| #define HAVE_STRTOUL 1
| #define HAVE_WCHAR_H 1
| #define HAVE_WCTYPE_H 1
| #define HAVE_ISWPRINT 1
| #define HAVE_MBSINIT 1
| #define HAVE_ISWCNTRL 1
| #define HAVE_WCWIDTH 1
| #define HAVE_MBRTOWC 1
| #define HAVE_DECL_WCWIDTH 0
| #define HAVE_DECL_MBSWIDTH_IN_WCHAR_H 0
| #define HAVE_MBSTATE_T 1
| #define HAVE_DIRENT_H 1
| #define CLOSEDIR_VOID 1
| #define HAVE_STRING_H 1
| #define HAVE_LONG_FILE_NAMES 1
| #define HAVE_PATHCONF 1
| #define HAVE_STRING_H 1
| #define HAVE_UNISTD_H 1
| #define HAVE_UNISTD_H 1
| #define vfork fork
| #define HAVE_WAITPID 1
| #define HAVE___SECURE_GETENV 1
| #define HAVE_SYS_TIME_H 1
| #define HAVE_UNISTD_H 1
| #define HAVE_MKDTEMP 1
| #define HAVE_POSIX_SIGNALBLOCKING 1
| #define HAVE_SETENV 1
| #define HAVE_UNSETENV 1
| #define HAVE_STRERROR 1
| #define HAVE_DECL_CLEARERR_UNLOCKED 0
| #define HAVE_DECL_FEOF_UNLOCKED 1
| #define HAVE_DECL_FERROR_UNLOCKED 1
| #define HAVE_DECL_FFLUSH_UNLOCKED 0
| #define HAVE_DECL_FGETS_UNLOCKED 1
| #define HAVE_DECL_FPUTC_UNLOCKED 1
| #define HAVE_DECL_FPUTS_UNLOCKED 1
| #define HAVE_DECL_FREAD_UNLOCKED 1
| #define HAVE_DECL_FWRITE_UNLOCKED 1
| #define HAVE_DECL_GETC_UNLOCKED 1
| #define HAVE_DECL_GETCHAR_UNLOCKED 1
| #define HAVE_DECL_PUTC_UNLOCKED 1
| #define HAVE_DECL_PUTCHAR_UNLOCKED 1
| #define USE_UNLOCKED_IO 1
| #define HAVE_DECL_STRERROR_R 0
| #define HAVE_STRERROR_R 1
| #define STRERROR_R_CHAR_P 1
| #define HAVE_MBSTATE_T 1
| #define HAVE_MBRTOWC 1
| #define HAVE_SYS_PARAM_H 1
| #define HAVE_READLINK 1
| #define HAVE_CANONICALIZE_FILE_NAME 1
| #define HAVE_LOCALE_H 1
| #define SETLOCALE_CONST const
| #define HAVE_STDINT_H 1
| #define HAVE_STDINT_H 1
| #define HAVE_DECL_STRDUP 1
| /* end confdefs.h.  */
| float * restrict x;
configure:33935: gcc -c  -Wall -O3 -fms-extensions -mms-bitfields  -fno-exceptions -fomit-frame-pointer -march=i386 -mcpu=i686     -D__GW32__ -D_LARGEFILE_SOURCE=1 -D_LARGEFILE64_SOURCE=1 -D_FILE_OFFSET_BITS=64 -D_MSC_VER    -idirafter e:/progra~1/gnuwin32/include -idirafter h:/glibc/include    conftest.c >&5
configure:33941: $? = 0
configure:33945: test -z 
			 || test ! -s conftest.err
configure:33948: $? = 0
configure:33951: test -s conftest.o
configure:33954: $? = 0
configure:33966: result: __restrict
configure:33986: checking for mempcpy
configure:34074: result: yes
configure:34096: checking for memchr
configure:34153: gcc -o conftest.exe  -Wall -O3 -fms-extensions -mms-bitfields  -fno-exceptions -fomit-frame-pointer -march=i386 -mcpu=i686     -D__GW32__ -D_LARGEFILE_SOURCE=1 -D_LARGEFILE64_SOURCE=1 -D_FILE_OFFSET_BITS=64 -D_MSC_VER    -idirafter e:/progra~1/gnuwin32/include -idirafter h:/glibc/include     -Wl,-s -Wl,--force-exe-suffix -Wl,--enable-auto-import -Wl,--enable-runtime-pseudo-reloc -Wl,--allow-multiple-definition   conftest.c  -Wl,-s  -Le:/progra~1/gnuwin32/lib -lgw32c  -liberty -lintl -liconv -lwsock32 -lole32 -luuid -lmsvcp60   >&5
configure:34159: $? = 0
configure:34163: test -z 
			 || test ! -s conftest.err
configure:34166: $? = 0
configure:34169: test -s conftest.exe
configure:34172: $? = 0
configure:34184: result: yes
configure:34356: checking for strdup
configure:34413: gcc -o conftest.exe  -Wall -O3 -fms-extensions -mms-bitfields  -fno-exceptions -fomit-frame-pointer -march=i386 -mcpu=i686     -D__GW32__ -D_LARGEFILE_SOURCE=1 -D_LARGEFILE64_SOURCE=1 -D_FILE_OFFSET_BITS=64 -D_MSC_VER    -idirafter e:/progra~1/gnuwin32/include -idirafter h:/glibc/include     -Wl,-s -Wl,--force-exe-suffix -Wl,--enable-auto-import -Wl,--enable-runtime-pseudo-reloc -Wl,--allow-multiple-definition   conftest.c  -Wl,-s  -Le:/progra~1/gnuwin32/lib -lgw32c  -liberty -lintl -liconv -lwsock32 -lole32 -luuid -lmsvcp60   >&5
configure:34419: $? = 0
configure:34423: test -z 
			 || test ! -s conftest.err
configure:34426: $? = 0
configure:34429: test -s conftest.exe
configure:34432: $? = 0
configure:34444: result: yes
configure:34475: checking for working re_compile_pattern
configure:34538: gcc -o conftest.exe  -Wall -O3 -fms-extensions -mms-bitfields  -fno-exceptions -fomit-frame-pointer -march=i386 -mcpu=i686     -D__GW32__ -D_LARGEFILE_SOURCE=1 -D_LARGEFILE64_SOURCE=1 -D_FILE_OFFSET_BITS=64 -D_MSC_VER    -idirafter e:/progra~1/gnuwin32/include -idirafter h:/glibc/include     -Wl,-s -Wl,--force-exe-suffix -Wl,--enable-auto-import -Wl,--enable-runtime-pseudo-reloc -Wl,--allow-multiple-definition   conftest.c  -Wl,-s  -Le:/progra~1/gnuwin32/lib -lgw32c  -liberty -lintl -liconv -lwsock32 -lole32 -luuid -lmsvcp60   >&5
conftest.c: In function `main':
conftest.c:155: error: storage size of `regex' isn't known
conftest.c:157: error: storage size of `regs' isn't known
conftest.c:158: warning: implicit declaration of function `re_set_syntax'
conftest.c:158: error: `RE_SYNTAX_POSIX_EGREP' undeclared (first use in this function)
conftest.c:158: error: (Each undeclared identifier is reported only once
conftest.c:158: error: for each function it appears in.)
conftest.c:160: warning: implicit declaration of function `re_compile_pattern'
conftest.c:160: warning: assignment makes pointer from integer without a cast
conftest.c:163: warning: implicit declaration of function `exit'
conftest.c:167: warning: assignment makes pointer from integer without a cast
conftest.c:175: warning: assignment makes pointer from integer without a cast
conftest.c:180: warning: implicit declaration of function `re_match'
conftest.c:184: warning: assignment makes pointer from integer without a cast
conftest.c:190: warning: implicit declaration of function `re_search'
conftest.c:155: warning: unused variable `regex'
conftest.c:157: warning: unused variable `regs'
conftest.c:155: error: storage size of `regex' isn't known
configure:34541: $? = 1
configure: program exited with status 1
configure: failed program was:
| /* confdefs.h.  */
| 
| #define PACKAGE_NAME ""
| #define PACKAGE_TARNAME ""
| #define PACKAGE_VERSION ""
| #define PACKAGE_STRING ""
| #define PACKAGE_BUGREPORT ""
| #define PACKAGE "gettext-tools"
| #define VERSION "0.14.4"
| #define _GNU_SOURCE 1
| #define STDC_HEADERS 1
| #define HAVE_SYS_TYPES_H 1
| #define HAVE_SYS_STAT_H 1
| #define HAVE_STDLIB_H 1
| #define HAVE_STRING_H 1
| #define HAVE_MEMORY_H 1
| #define HAVE_STRINGS_H 1
| #define HAVE_INTTYPES_H 1
| #define HAVE_STDINT_H 1
| #define HAVE_UNISTD_H 1
| #define __EXTENSIONS__ 1
| #define HAVE_DLFCN_H 1
| #ifdef __cplusplus
| extern "C" void std::exit (int) throw (); using std::exit;
| #endif
| #define INSTALLPREFIX "c:/progra~1/Gettext"
| #define ENABLE_RELOCATABLE 1
| #define STDC_HEADERS 1
| #define HAVE_LIMITS_H 1
| #define HAVE_MALLOC_H 1
| #define HAVE_PWD_H 1
| #define HAVE_STRING_H 1
| #define HAVE_UNISTD_H 1
| #define HAVE_UTIME_H 1
| #define HAVE_VALUES_H 1
| #define HAVE__BOOL 1
| #define HAVE_STDBOOL_H 1
| #define HAVE_UNSIGNED_LONG_LONG 1
| #define HAVE_PTRDIFF_T 1
| #define HAVE_INTTYPES_H_WITH_UINTMAX 1
| #define HAVE_STDINT_H_WITH_UINTMAX 1
| #define HAVE_UINTMAX_T 1
| #define HAVE_SIG_ATOMIC_T 1
| #define HAVE_ALLOCA_H 1
| #define HAVE_ALLOCA 1
| #define HAVE_STDLIB_H 1
| #define HAVE_STRING_H 1
| #define HAVE_STDLIB_H 1
| #define MALLOC_0_IS_NONNULL 1
| #define HAVE_LONG_LONG 1
| #define HAVE_LONG_DOUBLE 1
| #define HAVE_VPRINTF 1
| #define HAVE_CHOWN 1
| #define HAVE_GETCWD 1
| #define HAVE_RAISE 1
| #define HAVE_STRERROR 1
| #define HAVE_STRTOUL 1
| #define HAVE_UNAME 1
| #define HAVE_UTIME 1
| #define HAVE_UTIMES 1
| #define HAVE_WAITID 1
| #define HAVE_ATEXIT 1
| #define HAVE_MEMMOVE 1
| #define HAVE_MEMSET 1
| #define HAVE_STPCPY 1
| #define HAVE_STRCSPN 1
| #define HAVE_STRPBRK 1
| #define HAVE_STRSTR 1
| #define HAVE_VASPRINTF 1
| #define HAVE_MBSTATE_T 1
| #define HAVE_DECL_GETENV 1
| #define HAVE_BTOWC 1
| #define HAVE_MBSRTOWCS 1
| #define HAVE_MEMPCPY 1
| #define HAVE_WMEMCHR 1
| #define HAVE_WMEMCPY 1
| #define HAVE_WCHAR_H 1
| #define HAVE_WCTYPE_H 1
| #define fnmatch posix_fnmatch
| #define HAVE_GETOPT_H 1
| #define HAVE_GETOPT_LONG_ONLY 1
| #define __GETOPT_PREFIX rpl_
| #define eaccess access
| #define HAVE_STPNCPY 1
| #define HAVE_STRCASECMP 1
| #define HAVE_STRNCASECMP 1
| #define HAVE_ISASCII 1
| #define HAVE_STRTOUL 1
| #define HAVE_WCHAR_H 1
| #define HAVE_WCTYPE_H 1
| #define HAVE_ISWPRINT 1
| #define HAVE_MBSINIT 1
| #define HAVE_ISWCNTRL 1
| #define HAVE_WCWIDTH 1
| #define HAVE_MBRTOWC 1
| #define HAVE_DECL_WCWIDTH 0
| #define HAVE_DECL_MBSWIDTH_IN_WCHAR_H 0
| #define HAVE_MBSTATE_T 1
| #define HAVE_DIRENT_H 1
| #define CLOSEDIR_VOID 1
| #define HAVE_STRING_H 1
| #define HAVE_LONG_FILE_NAMES 1
| #define HAVE_PATHCONF 1
| #define HAVE_STRING_H 1
| #define HAVE_UNISTD_H 1
| #define HAVE_UNISTD_H 1
| #define vfork fork
| #define HAVE_WAITPID 1
| #define HAVE___SECURE_GETENV 1
| #define HAVE_SYS_TIME_H 1
| #define HAVE_UNISTD_H 1
| #define HAVE_MKDTEMP 1
| #define HAVE_POSIX_SIGNALBLOCKING 1
| #define HAVE_SETENV 1
| #define HAVE_UNSETENV 1
| #define HAVE_STRERROR 1
| #define HAVE_DECL_CLEARERR_UNLOCKED 0
| #define HAVE_DECL_FEOF_UNLOCKED 1
| #define HAVE_DECL_FERROR_UNLOCKED 1
| #define HAVE_DECL_FFLUSH_UNLOCKED 0
| #define HAVE_DECL_FGETS_UNLOCKED 1
| #define HAVE_DECL_FPUTC_UNLOCKED 1
| #define HAVE_DECL_FPUTS_UNLOCKED 1
| #define HAVE_DECL_FREAD_UNLOCKED 1
| #define HAVE_DECL_FWRITE_UNLOCKED 1
| #define HAVE_DECL_GETC_UNLOCKED 1
| #define HAVE_DECL_GETCHAR_UNLOCKED 1
| #define HAVE_DECL_PUTC_UNLOCKED 1
| #define HAVE_DECL_PUTCHAR_UNLOCKED 1
| #define USE_UNLOCKED_IO 1
| #define HAVE_DECL_STRERROR_R 0
| #define HAVE_STRERROR_R 1
| #define STRERROR_R_CHAR_P 1
| #define HAVE_MBSTATE_T 1
| #define HAVE_MBRTOWC 1
| #define HAVE_SYS_PARAM_H 1
| #define HAVE_READLINK 1
| #define HAVE_CANONICALIZE_FILE_NAME 1
| #define HAVE_LOCALE_H 1
| #define SETLOCALE_CONST const
| #define HAVE_STDINT_H 1
| #define HAVE_STDINT_H 1
| #define HAVE_DECL_STRDUP 1
| #define restrict __restrict
| #define HAVE_MEMPCPY 1
| #define HAVE_MEMCHR 1
| #define HAVE_STRDUP 1
| /* end confdefs.h.  */
| #include <stdio.h>
| #include <string.h>
| #include <regex.h>
| 	  int
| 	  main ()
| 	  {
| 	    static struct re_pattern_buffer regex;
| 	    const char *s;
| 	    struct re_registers regs;
| 	    re_set_syntax (RE_SYNTAX_POSIX_EGREP);
| 	    memset (&regex, 0, sizeof (regex));
| 	    s = re_compile_pattern ("a[[:]:]]b\n", 9, &regex);
| 	    /* This should fail with _Invalid character class name_ error.  */
| 	    if (!s)
| 	      exit (1);
| 
| 	    /* This should succeed, but doesn't for e.g. glibc-2.1.3.  */
| 	    memset (&regex, 0, sizeof (regex));
| 	    s = re_compile_pattern ("{1", 2, &regex);
| 
| 	    if (s)
| 	      exit (1);
| 
| 	    /* The following example is derived from a problem report
|                against gawk from Jorge Stolfi <stolfi@ic.unicamp.br>.  */
| 	    memset (&regex, 0, sizeof (regex));
| 	    s = re_compile_pattern ("[an\371]*n", 7, &regex);
| 	    if (s)
| 	      exit (1);
| 
| 	    /* This should match, but doesn't for e.g. glibc-2.2.1.  */
| 	    if (re_match (&regex, "an", 2, 0, &regs) != 2)
| 	      exit (1);
| 
| 	    memset (&regex, 0, sizeof (regex));
| 	    s = re_compile_pattern ("x", 1, &regex);
| 	    if (s)
| 	      exit (1);
| 
| 	    /* The version of regex.c in e.g. GNU libc-2.2.93 didn't
| 	       work with a negative RANGE argument.  */
| 	    if (re_search (&regex, "wxy", 3, 2, -2, &regs) != 1)
| 	      exit (1);
| 
| 	    exit (0);
| 	  }
| 
configure:34560: result: no
configure:34612: checking for btowc
configure:34700: result: yes
configure:34735: checking arpa/inet.h usability
configure:34747: gcc -c  -Wall -O3 -fms-extensions -mms-bitfields  -fno-exceptions -fomit-frame-pointer -march=i386 -mcpu=i686     -D__GW32__ -D_LARGEFILE_SOURCE=1 -D_LARGEFILE64_SOURCE=1 -D_FILE_OFFSET_BITS=64 -D_MSC_VER    -idirafter e:/progra~1/gnuwin32/include -idirafter h:/glibc/include    conftest.c >&5
configure:34753: $? = 0
configure:34757: test -z 
			 || test ! -s conftest.err
configure:34760: $? = 0
configure:34763: test -s conftest.o
configure:34766: $? = 0
configure:34776: result: yes
configure:34780: checking arpa/inet.h presence
configure:34790: gcc -E   -D__GW32__ -D_LARGEFILE_SOURCE=1 -D_LARGEFILE64_SOURCE=1 -D_FILE_OFFSET_BITS=64 -D_MSC_VER    -idirafter e:/progra~1/gnuwin32/include -idirafter h:/glibc/include    conftest.c
configure:34796: $? = 0
configure:34816: result: yes
configure:34851: checking for arpa/inet.h
configure:34858: result: yes
configure:34877: checking for gethostname
configure:34965: result: yes
configure:34877: checking for gethostbyname
configure:34965: result: yes
configure:34877: checking for inet_ntop
configure:34934: gcc -o conftest.exe  -Wall -O3 -fms-extensions -mms-bitfields  -fno-exceptions -fomit-frame-pointer -march=i386 -mcpu=i686     -D__GW32__ -D_LARGEFILE_SOURCE=1 -D_LARGEFILE64_SOURCE=1 -D_FILE_OFFSET_BITS=64 -D_MSC_VER    -idirafter e:/progra~1/gnuwin32/include -idirafter h:/glibc/include     -Wl,-s -Wl,--force-exe-suffix -Wl,--enable-auto-import -Wl,--enable-runtime-pseudo-reloc -Wl,--allow-multiple-definition   conftest.c  -Wl,-s  -Le:/progra~1/gnuwin32/lib -lgw32c  -liberty -lintl -liconv -lwsock32 -lole32 -luuid -lmsvcp60   >&5
m:\temp/ccU3aaaa.o(.text+0x1d):conftest.c: undefined reference to `inet_ntop'
m:\temp/ccU3aaaa.o(.data+0x0):conftest.c: undefined reference to `inet_ntop'
configure:34940: $? = 1
configure: failed program was:
| /* confdefs.h.  */
| 
| #define PACKAGE_NAME ""
| #define PACKAGE_TARNAME ""
| #define PACKAGE_VERSION ""
| #define PACKAGE_STRING ""
| #define PACKAGE_BUGREPORT ""
| #define PACKAGE "gettext-tools"
| #define VERSION "0.14.4"
| #define _GNU_SOURCE 1
| #define STDC_HEADERS 1
| #define HAVE_SYS_TYPES_H 1
| #define HAVE_SYS_STAT_H 1
| #define HAVE_STDLIB_H 1
| #define HAVE_STRING_H 1
| #define HAVE_MEMORY_H 1
| #define HAVE_STRINGS_H 1
| #define HAVE_INTTYPES_H 1
| #define HAVE_STDINT_H 1
| #define HAVE_UNISTD_H 1
| #define __EXTENSIONS__ 1
| #define HAVE_DLFCN_H 1
| #ifdef __cplusplus
| extern "C" void std::exit (int) throw (); using std::exit;
| #endif
| #define INSTALLPREFIX "c:/progra~1/Gettext"
| #define ENABLE_RELOCATABLE 1
| #define STDC_HEADERS 1
| #define HAVE_LIMITS_H 1
| #define HAVE_MALLOC_H 1
| #define HAVE_PWD_H 1
| #define HAVE_STRING_H 1
| #define HAVE_UNISTD_H 1
| #define HAVE_UTIME_H 1
| #define HAVE_VALUES_H 1
| #define HAVE__BOOL 1
| #define HAVE_STDBOOL_H 1
| #define HAVE_UNSIGNED_LONG_LONG 1
| #define HAVE_PTRDIFF_T 1
| #define HAVE_INTTYPES_H_WITH_UINTMAX 1
| #define HAVE_STDINT_H_WITH_UINTMAX 1
| #define HAVE_UINTMAX_T 1
| #define HAVE_SIG_ATOMIC_T 1
| #define HAVE_ALLOCA_H 1
| #define HAVE_ALLOCA 1
| #define HAVE_STDLIB_H 1
| #define HAVE_STRING_H 1
| #define HAVE_STDLIB_H 1
| #define MALLOC_0_IS_NONNULL 1
| #define HAVE_LONG_LONG 1
| #define HAVE_LONG_DOUBLE 1
| #define HAVE_VPRINTF 1
| #define HAVE_CHOWN 1
| #define HAVE_GETCWD 1
| #define HAVE_RAISE 1
| #define HAVE_STRERROR 1
| #define HAVE_STRTOUL 1
| #define HAVE_UNAME 1
| #define HAVE_UTIME 1
| #define HAVE_UTIMES 1
| #define HAVE_WAITID 1
| #define HAVE_ATEXIT 1
| #define HAVE_MEMMOVE 1
| #define HAVE_MEMSET 1
| #define HAVE_STPCPY 1
| #define HAVE_STRCSPN 1
| #define HAVE_STRPBRK 1
| #define HAVE_STRSTR 1
| #define HAVE_VASPRINTF 1
| #define HAVE_MBSTATE_T 1
| #define HAVE_DECL_GETENV 1
| #define HAVE_BTOWC 1
| #define HAVE_MBSRTOWCS 1
| #define HAVE_MEMPCPY 1
| #define HAVE_WMEMCHR 1
| #define HAVE_WMEMCPY 1
| #define HAVE_WCHAR_H 1
| #define HAVE_WCTYPE_H 1
| #define fnmatch posix_fnmatch
| #define HAVE_GETOPT_H 1
| #define HAVE_GETOPT_LONG_ONLY 1
| #define __GETOPT_PREFIX rpl_
| #define eaccess access
| #define HAVE_STPNCPY 1
| #define HAVE_STRCASECMP 1
| #define HAVE_STRNCASECMP 1
| #define HAVE_ISASCII 1
| #define HAVE_STRTOUL 1
| #define HAVE_WCHAR_H 1
| #define HAVE_WCTYPE_H 1
| #define HAVE_ISWPRINT 1
| #define HAVE_MBSINIT 1
| #define HAVE_ISWCNTRL 1
| #define HAVE_WCWIDTH 1
| #define HAVE_MBRTOWC 1
| #define HAVE_DECL_WCWIDTH 0
| #define HAVE_DECL_MBSWIDTH_IN_WCHAR_H 0
| #define HAVE_MBSTATE_T 1
| #define HAVE_DIRENT_H 1
| #define CLOSEDIR_VOID 1
| #define HAVE_STRING_H 1
| #define HAVE_LONG_FILE_NAMES 1
| #define HAVE_PATHCONF 1
| #define HAVE_STRING_H 1
| #define HAVE_UNISTD_H 1
| #define HAVE_UNISTD_H 1
| #define vfork fork
| #define HAVE_WAITPID 1
| #define HAVE___SECURE_GETENV 1
| #define HAVE_SYS_TIME_H 1
| #define HAVE_UNISTD_H 1
| #define HAVE_MKDTEMP 1
| #define HAVE_POSIX_SIGNALBLOCKING 1
| #define HAVE_SETENV 1
| #define HAVE_UNSETENV 1
| #define HAVE_STRERROR 1
| #define HAVE_DECL_CLEARERR_UNLOCKED 0
| #define HAVE_DECL_FEOF_UNLOCKED 1
| #define HAVE_DECL_FERROR_UNLOCKED 1
| #define HAVE_DECL_FFLUSH_UNLOCKED 0
| #define HAVE_DECL_FGETS_UNLOCKED 1
| #define HAVE_DECL_FPUTC_UNLOCKED 1
| #define HAVE_DECL_FPUTS_UNLOCKED 1
| #define HAVE_DECL_FREAD_UNLOCKED 1
| #define HAVE_DECL_FWRITE_UNLOCKED 1
| #define HAVE_DECL_GETC_UNLOCKED 1
| #define HAVE_DECL_GETCHAR_UNLOCKED 1
| #define HAVE_DECL_PUTC_UNLOCKED 1
| #define HAVE_DECL_PUTCHAR_UNLOCKED 1
| #define USE_UNLOCKED_IO 1
| #define HAVE_DECL_STRERROR_R 0
| #define HAVE_STRERROR_R 1
| #define STRERROR_R_CHAR_P 1
| #define HAVE_MBSTATE_T 1
| #define HAVE_MBRTOWC 1
| #define HAVE_SYS_PARAM_H 1
| #define HAVE_READLINK 1
| #define HAVE_CANONICALIZE_FILE_NAME 1
| #define HAVE_LOCALE_H 1
| #define SETLOCALE_CONST const
| #define HAVE_STDINT_H 1
| #define HAVE_STDINT_H 1
| #define HAVE_DECL_STRDUP 1
| #define restrict __restrict
| #define HAVE_MEMPCPY 1
| #define HAVE_MEMCHR 1
| #define HAVE_STRDUP 1
| #define HAVE_BTOWC 1
| #define HAVE_ARPA_INET_H 1
| #define HAVE_GETHOSTNAME 1
| #define HAVE_GETHOSTBYNAME 1
| /* end confdefs.h.  */
| /* Define inet_ntop to an innocuous variant, in case <limits.h> declares inet_ntop.
|    For example, HP-UX 11i <limits.h> declares gettimeofday.  */
| #define inet_ntop innocuous_inet_ntop
| 
| /* System header to define __stub macros and hopefully few prototypes,
|     which can conflict with char inet_ntop (); below.
|     Prefer <limits.h> to <assert.h> if __STDC__ is defined, since
|     <limits.h> exists even on freestanding compilers.  */
| 
| #ifdef __STDC__
| # include <limits.h>
| #else
| # include <assert.h>
| #endif
| 
| #undef inet_ntop
| 
| /* Override any gcc2 internal prototype to avoid an error.  */
| #ifdef __cplusplus
| extern "C"
| {
| #endif
| /* We use char because int might match the return type of a gcc2
|    builtin and then its argument prototype would still apply.  */
| char inet_ntop ();
| /* The GNU C library defines this for functions which it implements
|     to always fail with ENOSYS.  Some functions are actually named
|     something starting with __ and the normal name is an alias.  */
| #if defined (__stub_inet_ntop) || defined (__stub___inet_ntop)
| choke me
| #else
| char (*f) () = inet_ntop;
| #endif
| #ifdef __cplusplus
| }
| #endif
| 
| int
| main ()
| {
| return f != inet_ntop;
|   ;
|   return 0;
| }
configure:34965: result: no
configure:34976: checking for IPv6 sockets
configure:35001: gcc -c  -Wall -O3 -fms-extensions -mms-bitfields  -fno-exceptions -fomit-frame-pointer -march=i386 -mcpu=i686     -D__GW32__ -D_LARGEFILE_SOURCE=1 -D_LARGEFILE64_SOURCE=1 -D_FILE_OFFSET_BITS=64 -D_MSC_VER    -idirafter e:/progra~1/gnuwin32/include -idirafter h:/glibc/include    conftest.c >&5
conftest.c: In function `main':
conftest.c:160: error: storage size of `y' isn't known
conftest.c:160: error: storage size of `z' isn't known
conftest.c:160: warning: unused variable `x'
conftest.c:160: warning: unused variable `y'
conftest.c:160: warning: unused variable `z'
configure:35007: $? = 1
configure: failed program was:
| /* confdefs.h.  */
| 
| #define PACKAGE_NAME ""
| #define PACKAGE_TARNAME ""
| #define PACKAGE_VERSION ""
| #define PACKAGE_STRING ""
| #define PACKAGE_BUGREPORT ""
| #define PACKAGE "gettext-tools"
| #define VERSION "0.14.4"
| #define _GNU_SOURCE 1
| #define STDC_HEADERS 1
| #define HAVE_SYS_TYPES_H 1
| #define HAVE_SYS_STAT_H 1
| #define HAVE_STDLIB_H 1
| #define HAVE_STRING_H 1
| #define HAVE_MEMORY_H 1
| #define HAVE_STRINGS_H 1
| #define HAVE_INTTYPES_H 1
| #define HAVE_STDINT_H 1
| #define HAVE_UNISTD_H 1
| #define __EXTENSIONS__ 1
| #define HAVE_DLFCN_H 1
| #ifdef __cplusplus
| extern "C" void std::exit (int) throw (); using std::exit;
| #endif
| #define INSTALLPREFIX "c:/progra~1/Gettext"
| #define ENABLE_RELOCATABLE 1
| #define STDC_HEADERS 1
| #define HAVE_LIMITS_H 1
| #define HAVE_MALLOC_H 1
| #define HAVE_PWD_H 1
| #define HAVE_STRING_H 1
| #define HAVE_UNISTD_H 1
| #define HAVE_UTIME_H 1
| #define HAVE_VALUES_H 1
| #define HAVE__BOOL 1
| #define HAVE_STDBOOL_H 1
| #define HAVE_UNSIGNED_LONG_LONG 1
| #define HAVE_PTRDIFF_T 1
| #define HAVE_INTTYPES_H_WITH_UINTMAX 1
| #define HAVE_STDINT_H_WITH_UINTMAX 1
| #define HAVE_UINTMAX_T 1
| #define HAVE_SIG_ATOMIC_T 1
| #define HAVE_ALLOCA_H 1
| #define HAVE_ALLOCA 1
| #define HAVE_STDLIB_H 1
| #define HAVE_STRING_H 1
| #define HAVE_STDLIB_H 1
| #define MALLOC_0_IS_NONNULL 1
| #define HAVE_LONG_LONG 1
| #define HAVE_LONG_DOUBLE 1
| #define HAVE_VPRINTF 1
| #define HAVE_CHOWN 1
| #define HAVE_GETCWD 1
| #define HAVE_RAISE 1
| #define HAVE_STRERROR 1
| #define HAVE_STRTOUL 1
| #define HAVE_UNAME 1
| #define HAVE_UTIME 1
| #define HAVE_UTIMES 1
| #define HAVE_WAITID 1
| #define HAVE_ATEXIT 1
| #define HAVE_MEMMOVE 1
| #define HAVE_MEMSET 1
| #define HAVE_STPCPY 1
| #define HAVE_STRCSPN 1
| #define HAVE_STRPBRK 1
| #define HAVE_STRSTR 1
| #define HAVE_VASPRINTF 1
| #define HAVE_MBSTATE_T 1
| #define HAVE_DECL_GETENV 1
| #define HAVE_BTOWC 1
| #define HAVE_MBSRTOWCS 1
| #define HAVE_MEMPCPY 1
| #define HAVE_WMEMCHR 1
| #define HAVE_WMEMCPY 1
| #define HAVE_WCHAR_H 1
| #define HAVE_WCTYPE_H 1
| #define fnmatch posix_fnmatch
| #define HAVE_GETOPT_H 1
| #define HAVE_GETOPT_LONG_ONLY 1
| #define __GETOPT_PREFIX rpl_
| #define eaccess access
| #define HAVE_STPNCPY 1
| #define HAVE_STRCASECMP 1
| #define HAVE_STRNCASECMP 1
| #define HAVE_ISASCII 1
| #define HAVE_STRTOUL 1
| #define HAVE_WCHAR_H 1
| #define HAVE_WCTYPE_H 1
| #define HAVE_ISWPRINT 1
| #define HAVE_MBSINIT 1
| #define HAVE_ISWCNTRL 1
| #define HAVE_WCWIDTH 1
| #define HAVE_MBRTOWC 1
| #define HAVE_DECL_WCWIDTH 0
| #define HAVE_DECL_MBSWIDTH_IN_WCHAR_H 0
| #define HAVE_MBSTATE_T 1
| #define HAVE_DIRENT_H 1
| #define CLOSEDIR_VOID 1
| #define HAVE_STRING_H 1
| #define HAVE_LONG_FILE_NAMES 1
| #define HAVE_PATHCONF 1
| #define HAVE_STRING_H 1
| #define HAVE_UNISTD_H 1
| #define HAVE_UNISTD_H 1
| #define vfork fork
| #define HAVE_WAITPID 1
| #define HAVE___SECURE_GETENV 1
| #define HAVE_SYS_TIME_H 1
| #define HAVE_UNISTD_H 1
| #define HAVE_MKDTEMP 1
| #define HAVE_POSIX_SIGNALBLOCKING 1
| #define HAVE_SETENV 1
| #define HAVE_UNSETENV 1
| #define HAVE_STRERROR 1
| #define HAVE_DECL_CLEARERR_UNLOCKED 0
| #define HAVE_DECL_FEOF_UNLOCKED 1
| #define HAVE_DECL_FERROR_UNLOCKED 1
| #define HAVE_DECL_FFLUSH_UNLOCKED 0
| #define HAVE_DECL_FGETS_UNLOCKED 1
| #define HAVE_DECL_FPUTC_UNLOCKED 1
| #define HAVE_DECL_FPUTS_UNLOCKED 1
| #define HAVE_DECL_FREAD_UNLOCKED 1
| #define HAVE_DECL_FWRITE_UNLOCKED 1
| #define HAVE_DECL_GETC_UNLOCKED 1
| #define HAVE_DECL_GETCHAR_UNLOCKED 1
| #define HAVE_DECL_PUTC_UNLOCKED 1
| #define HAVE_DECL_PUTCHAR_UNLOCKED 1
| #define USE_UNLOCKED_IO 1
| #define HAVE_DECL_STRERROR_R 0
| #define HAVE_STRERROR_R 1
| #define STRERROR_R_CHAR_P 1
| #define HAVE_MBSTATE_T 1
| #define HAVE_MBRTOWC 1
| #define HAVE_SYS_PARAM_H 1
| #define HAVE_READLINK 1
| #define HAVE_CANONICALIZE_FILE_NAME 1
| #define HAVE_LOCALE_H 1
| #define SETLOCALE_CONST const
| #define HAVE_STDINT_H 1
| #define HAVE_STDINT_H 1
| #define HAVE_DECL_STRDUP 1
| #define restrict __restrict
| #define HAVE_MEMPCPY 1
| #define HAVE_MEMCHR 1
| #define HAVE_STRDUP 1
| #define HAVE_BTOWC 1
| #define HAVE_ARPA_INET_H 1
| #define HAVE_GETHOSTNAME 1
| #define HAVE_GETHOSTBYNAME 1
| /* end confdefs.h.  */
| 
| #include <sys/types.h>
| #include <sys/socket.h>
| #include <netinet/in.h>
| int
| main ()
| {
| int x = AF_INET6; struct in6_addr y; struct sockaddr_in6 z;
|   ;
|   return 0;
| }
configure:35033: result: no
configure:35059: checking whether NLS is requested
configure:35068: result: yes
configure:35106: checking for msgfmt
configure: trying /usr/bin/msgfmt...
0 translated messages.
configure:35138: result: /usr/bin/msgfmt
configure:35147: checking for gmsgfmt
configure:35178: result: /usr/bin/msgfmt
configure:35217: checking for xgettext
configure: trying /usr/bin/xgettext...
/usr/bin/xgettext: unrecognized option `--msgid-bugs-address='
Try `/usr/bin/xgettext --help' for more information.
configure: trying /usr/bin/xgettext...
/usr/bin/xgettext: unrecognized option `--msgid-bugs-address='
Try `/usr/bin/xgettext --help' for more information.
configure: trying /cygdrive/e/program files/gnuwin32/bin/xgettext...
../../gettext-0.14.4-src/gettext-tools/configure: line 35234: /cygdrive/e/program: No such file or directory
configure: trying /cygdrive/e/program files/gnuwin32/bin/xgettext...
../../gettext-0.14.4-src/gettext-tools/configure: line 35234: /cygdrive/e/program: No such file or directory
configure: trying /usr/bin/xgettext...
/usr/bin/xgettext: unrecognized option `--msgid-bugs-address='
Try `/usr/bin/xgettext --help' for more information.
configure: trying /usr/bin/xgettext...
/usr/bin/xgettext: unrecognized option `--msgid-bugs-address='
Try `/usr/bin/xgettext --help' for more information.
configure:35252: result: no
configure:35289: checking for msgmerge
configure: trying /usr/bin/msgmerge...
configure:35320: result: /usr/bin/msgmerge
configure:35356: checking whether we are using the GNU C Library 2 or newer
configure:35387: result: yes
configure:35434: checking for ranlib
configure:35461: result: ranlib
configure:35473: checking for off_t
configure:35497: gcc -c  -Wall -O3 -fms-extensions -mms-bitfields  -fno-exceptions -fomit-frame-pointer -march=i386 -mcpu=i686     -D__GW32__ -D_LARGEFILE_SOURCE=1 -D_LARGEFILE64_SOURCE=1 -D_FILE_OFFSET_BITS=64 -D_MSC_VER    -idirafter e:/progra~1/gnuwin32/include -idirafter h:/glibc/include    conftest.c >&5
configure:35503: $? = 0
configure:35507: test -z 
			 || test ! -s conftest.err
configure:35510: $? = 0
configure:35513: test -s conftest.o
configure:35516: $? = 0
configure:35527: result: yes
configure:35540: checking for wchar_t
configure:35562: gcc -c  -Wall -O3 -fms-extensions -mms-bitfields  -fno-exceptions -fomit-frame-pointer -march=i386 -mcpu=i686     -D__GW32__ -D_LARGEFILE_SOURCE=1 -D_LARGEFILE64_SOURCE=1 -D_FILE_OFFSET_BITS=64 -D_MSC_VER    -idirafter e:/progra~1/gnuwin32/include -idirafter h:/glibc/include    conftest.c >&5
configure:35568: $? = 0
configure:35572: test -z 
			 || test ! -s conftest.err
configure:35575: $? = 0
configure:35578: test -s conftest.o
configure:35581: $? = 0
configure:35592: result: yes
configure:35603: checking for wint_t
configure:35625: gcc -c  -Wall -O3 -fms-extensions -mms-bitfields  -fno-exceptions -fomit-frame-pointer -march=i386 -mcpu=i686     -D__GW32__ -D_LARGEFILE_SOURCE=1 -D_LARGEFILE64_SOURCE=1 -D_FILE_OFFSET_BITS=64 -D_MSC_VER    -idirafter e:/progra~1/gnuwin32/include -idirafter h:/glibc/include    conftest.c >&5
configure:35631: $? = 0
configure:35635: test -z 
			 || test ! -s conftest.err
configure:35638: $? = 0
configure:35641: test -s conftest.o
configure:35644: $? = 0
configure:35655: result: yes
configure:35668: checking for intmax_t
configure:35698: gcc -c  -Wall -O3 -fms-extensions -mms-bitfields  -fno-exceptions -fomit-frame-pointer -march=i386 -mcpu=i686     -D__GW32__ -D_LARGEFILE_SOURCE=1 -D_LARGEFILE64_SOURCE=1 -D_FILE_OFFSET_BITS=64 -D_MSC_VER    -idirafter e:/progra~1/gnuwin32/include -idirafter h:/glibc/include    conftest.c >&5
conftest.c: In function `main':
conftest.c:168: warning: unused variable `x'
configure:35704: $? = 0
configure:35708: test -z 
			 || test ! -s conftest.err
configure:35711: $? = 0
configure:35714: test -s conftest.o
configure:35717: $? = 0
configure:35728: result: yes
configure:35740: checking whether printf() supports POSIX/XSI format strings
configure:35790: gcc -o conftest.exe  -Wall -O3 -fms-extensions -mms-bitfields  -fno-exceptions -fomit-frame-pointer -march=i386 -mcpu=i686     -D__GW32__ -D_LARGEFILE_SOURCE=1 -D_LARGEFILE64_SOURCE=1 -D_FILE_OFFSET_BITS=64 -D_MSC_VER    -idirafter e:/progra~1/gnuwin32/include -idirafter h:/glibc/include     -Wl,-s -Wl,--force-exe-suffix -Wl,--enable-auto-import -Wl,--enable-runtime-pseudo-reloc -Wl,--allow-multiple-definition   conftest.c  -Wl,-s  -Le:/progra~1/gnuwin32/lib -lgw32c  -liberty -lintl -liconv -lwsock32 -lole32 -luuid -lmsvcp60   >&5
configure:35793: $? = 0
configure:35795: ./conftest.exe
configure:35798: $? = 1
configure: program exited with status 1
configure: failed program was:
| /* confdefs.h.  */
| 
| #define PACKAGE_NAME ""
| #define PACKAGE_TARNAME ""
| #define PACKAGE_VERSION ""
| #define PACKAGE_STRING ""
| #define PACKAGE_BUGREPORT ""
| #define PACKAGE "gettext-tools"
| #define VERSION "0.14.4"
| #define _GNU_SOURCE 1
| #define STDC_HEADERS 1
| #define HAVE_SYS_TYPES_H 1
| #define HAVE_SYS_STAT_H 1
| #define HAVE_STDLIB_H 1
| #define HAVE_STRING_H 1
| #define HAVE_MEMORY_H 1
| #define HAVE_STRINGS_H 1
| #define HAVE_INTTYPES_H 1
| #define HAVE_STDINT_H 1
| #define HAVE_UNISTD_H 1
| #define __EXTENSIONS__ 1
| #define HAVE_DLFCN_H 1
| #ifdef __cplusplus
| extern "C" void std::exit (int) throw (); using std::exit;
| #endif
| #define INSTALLPREFIX "c:/progra~1/Gettext"
| #define ENABLE_RELOCATABLE 1
| #define STDC_HEADERS 1
| #define HAVE_LIMITS_H 1
| #define HAVE_MALLOC_H 1
| #define HAVE_PWD_H 1
| #define HAVE_STRING_H 1
| #define HAVE_UNISTD_H 1
| #define HAVE_UTIME_H 1
| #define HAVE_VALUES_H 1
| #define HAVE__BOOL 1
| #define HAVE_STDBOOL_H 1
| #define HAVE_UNSIGNED_LONG_LONG 1
| #define HAVE_PTRDIFF_T 1
| #define HAVE_INTTYPES_H_WITH_UINTMAX 1
| #define HAVE_STDINT_H_WITH_UINTMAX 1
| #define HAVE_UINTMAX_T 1
| #define HAVE_SIG_ATOMIC_T 1
| #define HAVE_ALLOCA_H 1
| #define HAVE_ALLOCA 1
| #define HAVE_STDLIB_H 1
| #define HAVE_STRING_H 1
| #define HAVE_STDLIB_H 1
| #define MALLOC_0_IS_NONNULL 1
| #define HAVE_LONG_LONG 1
| #define HAVE_LONG_DOUBLE 1
| #define HAVE_VPRINTF 1
| #define HAVE_CHOWN 1
| #define HAVE_GETCWD 1
| #define HAVE_RAISE 1
| #define HAVE_STRERROR 1
| #define HAVE_STRTOUL 1
| #define HAVE_UNAME 1
| #define HAVE_UTIME 1
| #define HAVE_UTIMES 1
| #define HAVE_WAITID 1
| #define HAVE_ATEXIT 1
| #define HAVE_MEMMOVE 1
| #define HAVE_MEMSET 1
| #define HAVE_STPCPY 1
| #define HAVE_STRCSPN 1
| #define HAVE_STRPBRK 1
| #define HAVE_STRSTR 1
| #define HAVE_VASPRINTF 1
| #define HAVE_MBSTATE_T 1
| #define HAVE_DECL_GETENV 1
| #define HAVE_BTOWC 1
| #define HAVE_MBSRTOWCS 1
| #define HAVE_MEMPCPY 1
| #define HAVE_WMEMCHR 1
| #define HAVE_WMEMCPY 1
| #define HAVE_WCHAR_H 1
| #define HAVE_WCTYPE_H 1
| #define fnmatch posix_fnmatch
| #define HAVE_GETOPT_H 1
| #define HAVE_GETOPT_LONG_ONLY 1
| #define __GETOPT_PREFIX rpl_
| #define eaccess access
| #define HAVE_STPNCPY 1
| #define HAVE_STRCASECMP 1
| #define HAVE_STRNCASECMP 1
| #define HAVE_ISASCII 1
| #define HAVE_STRTOUL 1
| #define HAVE_WCHAR_H 1
| #define HAVE_WCTYPE_H 1
| #define HAVE_ISWPRINT 1
| #define HAVE_MBSINIT 1
| #define HAVE_ISWCNTRL 1
| #define HAVE_WCWIDTH 1
| #define HAVE_MBRTOWC 1
| #define HAVE_DECL_WCWIDTH 0
| #define HAVE_DECL_MBSWIDTH_IN_WCHAR_H 0
| #define HAVE_MBSTATE_T 1
| #define HAVE_DIRENT_H 1
| #define CLOSEDIR_VOID 1
| #define HAVE_STRING_H 1
| #define HAVE_LONG_FILE_NAMES 1
| #define HAVE_PATHCONF 1
| #define HAVE_STRING_H 1
| #define HAVE_UNISTD_H 1
| #define HAVE_UNISTD_H 1
| #define vfork fork
| #define HAVE_WAITPID 1
| #define HAVE___SECURE_GETENV 1
| #define HAVE_SYS_TIME_H 1
| #define HAVE_UNISTD_H 1
| #define HAVE_MKDTEMP 1
| #define HAVE_POSIX_SIGNALBLOCKING 1
| #define HAVE_SETENV 1
| #define HAVE_UNSETENV 1
| #define HAVE_STRERROR 1
| #define HAVE_DECL_CLEARERR_UNLOCKED 0
| #define HAVE_DECL_FEOF_UNLOCKED 1
| #define HAVE_DECL_FERROR_UNLOCKED 1
| #define HAVE_DECL_FFLUSH_UNLOCKED 0
| #define HAVE_DECL_FGETS_UNLOCKED 1
| #define HAVE_DECL_FPUTC_UNLOCKED 1
| #define HAVE_DECL_FPUTS_UNLOCKED 1
| #define HAVE_DECL_FREAD_UNLOCKED 1
| #define HAVE_DECL_FWRITE_UNLOCKED 1
| #define HAVE_DECL_GETC_UNLOCKED 1
| #define HAVE_DECL_GETCHAR_UNLOCKED 1
| #define HAVE_DECL_PUTC_UNLOCKED 1
| #define HAVE_DECL_PUTCHAR_UNLOCKED 1
| #define USE_UNLOCKED_IO 1
| #define HAVE_DECL_STRERROR_R 0
| #define HAVE_STRERROR_R 1
| #define STRERROR_R_CHAR_P 1
| #define HAVE_MBSTATE_T 1
| #define HAVE_MBRTOWC 1
| #define HAVE_SYS_PARAM_H 1
| #define HAVE_READLINK 1
| #define HAVE_CANONICALIZE_FILE_NAME 1
| #define HAVE_LOCALE_H 1
| #define SETLOCALE_CONST const
| #define HAVE_STDINT_H 1
| #define HAVE_STDINT_H 1
| #define HAVE_DECL_STRDUP 1
| #define restrict __restrict
| #define HAVE_MEMPCPY 1
| #define HAVE_MEMCHR 1
| #define HAVE_STRDUP 1
| #define HAVE_BTOWC 1
| #define HAVE_ARPA_INET_H 1
| #define HAVE_GETHOSTNAME 1
| #define HAVE_GETHOSTBYNAME 1
| #define HAVE_WCHAR_T 1
| #define HAVE_WINT_T 1
| #define HAVE_INTMAX_T 1
| /* end confdefs.h.  */
| 
| #include <stdio.h>
| #include <string.h>
| /* The string "%2 %1", with dollar characters protected from the shell's
|    dollar expansion (possibly an autoconf bug).  */
| static char format[] = { '%', '2', '$', 'd', ' ', '%', '1', '$', 'd', '\0' };
| static char buf[100];
| int main ()
| {
|   sprintf (buf, format, 33, 55);
|   return (strcmp (buf, "55 33") != 0);
| }
configure:35813: result: no
configure:35831: checking for stdlib.h
configure:35836: result: yes
configure:35831: checking for unistd.h
configure:35836: result: yes
configure:35980: checking for getpagesize
configure:36037: gcc -o conftest.exe  -Wall -O3 -fms-extensions -mms-bitfields  -fno-exceptions -fomit-frame-pointer -march=i386 -mcpu=i686     -D__GW32__ -D_LARGEFILE_SOURCE=1 -D_LARGEFILE64_SOURCE=1 -D_FILE_OFFSET_BITS=64 -D_MSC_VER    -idirafter e:/progra~1/gnuwin32/include -idirafter h:/glibc/include     -Wl,-s -Wl,--force-exe-suffix -Wl,--enable-auto-import -Wl,--enable-runtime-pseudo-reloc -Wl,--allow-multiple-definition   conftest.c  -Wl,-s  -Le:/progra~1/gnuwin32/lib -lgw32c  -liberty -lintl -liconv -lwsock32 -lole32 -luuid -lmsvcp60   >&5
configure:36043: $? = 0
configure:36047: test -z 
			 || test ! -s conftest.err
configure:36050: $? = 0
configure:36053: test -s conftest.exe
configure:36056: $? = 0
configure:36068: result: yes
configure:36078: checking for working mmap
configure:36220: gcc -o conftest.exe  -Wall -O3 -fms-extensions -mms-bitfields  -fno-exceptions -fomit-frame-pointer -march=i386 -mcpu=i686     -D__GW32__ -D_LARGEFILE_SOURCE=1 -D_LARGEFILE64_SOURCE=1 -D_FILE_OFFSET_BITS=64 -D_MSC_VER    -idirafter e:/progra~1/gnuwin32/include -idirafter h:/glibc/include     -Wl,-s -Wl,--force-exe-suffix -Wl,--enable-auto-import -Wl,--enable-runtime-pseudo-reloc -Wl,--allow-multiple-definition   conftest.c  -Wl,-s  -Le:/progra~1/gnuwin32/lib -lgw32c  -liberty -lintl -liconv -lwsock32 -lole32 -luuid -lmsvcp60   >&5
configure:36223: $? = 0
configure:36225: ./conftest.exe
configure:36228: $? = 1
configure: program exited with status 1
configure: failed program was:
| /* confdefs.h.  */
| 
| #define PACKAGE_NAME ""
| #define PACKAGE_TARNAME ""
| #define PACKAGE_VERSION ""
| #define PACKAGE_STRING ""
| #define PACKAGE_BUGREPORT ""
| #define PACKAGE "gettext-tools"
| #define VERSION "0.14.4"
| #define _GNU_SOURCE 1
| #define STDC_HEADERS 1
| #define HAVE_SYS_TYPES_H 1
| #define HAVE_SYS_STAT_H 1
| #define HAVE_STDLIB_H 1
| #define HAVE_STRING_H 1
| #define HAVE_MEMORY_H 1
| #define HAVE_STRINGS_H 1
| #define HAVE_INTTYPES_H 1
| #define HAVE_STDINT_H 1
| #define HAVE_UNISTD_H 1
| #define __EXTENSIONS__ 1
| #define HAVE_DLFCN_H 1
| #ifdef __cplusplus
| extern "C" void std::exit (int) throw (); using std::exit;
| #endif
| #define INSTALLPREFIX "c:/progra~1/Gettext"
| #define ENABLE_RELOCATABLE 1
| #define STDC_HEADERS 1
| #define HAVE_LIMITS_H 1
| #define HAVE_MALLOC_H 1
| #define HAVE_PWD_H 1
| #define HAVE_STRING_H 1
| #define HAVE_UNISTD_H 1
| #define HAVE_UTIME_H 1
| #define HAVE_VALUES_H 1
| #define HAVE__BOOL 1
| #define HAVE_STDBOOL_H 1
| #define HAVE_UNSIGNED_LONG_LONG 1
| #define HAVE_PTRDIFF_T 1
| #define HAVE_INTTYPES_H_WITH_UINTMAX 1
| #define HAVE_STDINT_H_WITH_UINTMAX 1
| #define HAVE_UINTMAX_T 1
| #define HAVE_SIG_ATOMIC_T 1
| #define HAVE_ALLOCA_H 1
| #define HAVE_ALLOCA 1
| #define HAVE_STDLIB_H 1
| #define HAVE_STRING_H 1
| #define HAVE_STDLIB_H 1
| #define MALLOC_0_IS_NONNULL 1
| #define HAVE_LONG_LONG 1
| #define HAVE_LONG_DOUBLE 1
| #define HAVE_VPRINTF 1
| #define HAVE_CHOWN 1
| #define HAVE_GETCWD 1
| #define HAVE_RAISE 1
| #define HAVE_STRERROR 1
| #define HAVE_STRTOUL 1
| #define HAVE_UNAME 1
| #define HAVE_UTIME 1
| #define HAVE_UTIMES 1
| #define HAVE_WAITID 1
| #define HAVE_ATEXIT 1
| #define HAVE_MEMMOVE 1
| #define HAVE_MEMSET 1
| #define HAVE_STPCPY 1
| #define HAVE_STRCSPN 1
| #define HAVE_STRPBRK 1
| #define HAVE_STRSTR 1
| #define HAVE_VASPRINTF 1
| #define HAVE_MBSTATE_T 1
| #define HAVE_DECL_GETENV 1
| #define HAVE_BTOWC 1
| #define HAVE_MBSRTOWCS 1
| #define HAVE_MEMPCPY 1
| #define HAVE_WMEMCHR 1
| #define HAVE_WMEMCPY 1
| #define HAVE_WCHAR_H 1
| #define HAVE_WCTYPE_H 1
| #define fnmatch posix_fnmatch
| #define HAVE_GETOPT_H 1
| #define HAVE_GETOPT_LONG_ONLY 1
| #define __GETOPT_PREFIX rpl_
| #define eaccess access
| #define HAVE_STPNCPY 1
| #define HAVE_STRCASECMP 1
| #define HAVE_STRNCASECMP 1
| #define HAVE_ISASCII 1
| #define HAVE_STRTOUL 1
| #define HAVE_WCHAR_H 1
| #define HAVE_WCTYPE_H 1
| #define HAVE_ISWPRINT 1
| #define HAVE_MBSINIT 1
| #define HAVE_ISWCNTRL 1
| #define HAVE_WCWIDTH 1
| #define HAVE_MBRTOWC 1
| #define HAVE_DECL_WCWIDTH 0
| #define HAVE_DECL_MBSWIDTH_IN_WCHAR_H 0
| #define HAVE_MBSTATE_T 1
| #define HAVE_DIRENT_H 1
| #define CLOSEDIR_VOID 1
| #define HAVE_STRING_H 1
| #define HAVE_LONG_FILE_NAMES 1
| #define HAVE_PATHCONF 1
| #define HAVE_STRING_H 1
| #define HAVE_UNISTD_H 1
| #define HAVE_UNISTD_H 1
| #define vfork fork
| #define HAVE_WAITPID 1
| #define HAVE___SECURE_GETENV 1
| #define HAVE_SYS_TIME_H 1
| #define HAVE_UNISTD_H 1
| #define HAVE_MKDTEMP 1
| #define HAVE_POSIX_SIGNALBLOCKING 1
| #define HAVE_SETENV 1
| #define HAVE_UNSETENV 1
| #define HAVE_STRERROR 1
| #define HAVE_DECL_CLEARERR_UNLOCKED 0
| #define HAVE_DECL_FEOF_UNLOCKED 1
| #define HAVE_DECL_FERROR_UNLOCKED 1
| #define HAVE_DECL_FFLUSH_UNLOCKED 0
| #define HAVE_DECL_FGETS_UNLOCKED 1
| #define HAVE_DECL_FPUTC_UNLOCKED 1
| #define HAVE_DECL_FPUTS_UNLOCKED 1
| #define HAVE_DECL_FREAD_UNLOCKED 1
| #define HAVE_DECL_FWRITE_UNLOCKED 1
| #define HAVE_DECL_GETC_UNLOCKED 1
| #define HAVE_DECL_GETCHAR_UNLOCKED 1
| #define HAVE_DECL_PUTC_UNLOCKED 1
| #define HAVE_DECL_PUTCHAR_UNLOCKED 1
| #define USE_UNLOCKED_IO 1
| #define HAVE_DECL_STRERROR_R 0
| #define HAVE_STRERROR_R 1
| #define STRERROR_R_CHAR_P 1
| #define HAVE_MBSTATE_T 1
| #define HAVE_MBRTOWC 1
| #define HAVE_SYS_PARAM_H 1
| #define HAVE_READLINK 1
| #define HAVE_CANONICALIZE_FILE_NAME 1
| #define HAVE_LOCALE_H 1
| #define SETLOCALE_CONST const
| #define HAVE_STDINT_H 1
| #define HAVE_STDINT_H 1
| #define HAVE_DECL_STRDUP 1
| #define restrict __restrict
| #define HAVE_MEMPCPY 1
| #define HAVE_MEMCHR 1
| #define HAVE_STRDUP 1
| #define HAVE_BTOWC 1
| #define HAVE_ARPA_INET_H 1
| #define HAVE_GETHOSTNAME 1
| #define HAVE_GETHOSTBYNAME 1
| #define HAVE_WCHAR_T 1
| #define HAVE_WINT_T 1
| #define HAVE_INTMAX_T 1
| #define HAVE_STDLIB_H 1
| #define HAVE_UNISTD_H 1
| #define HAVE_GETPAGESIZE 1
| /* end confdefs.h.  */
| #include <stdio.h>
| #if HAVE_SYS_TYPES_H
| # include <sys/types.h>
| #endif
| #if HAVE_SYS_STAT_H
| # include <sys/stat.h>
| #endif
| #if STDC_HEADERS
| # include <stdlib.h>
| # include <stddef.h>
| #else
| # if HAVE_STDLIB_H
| #  include <stdlib.h>
| # endif
| #endif
| #if HAVE_STRING_H
| # if !STDC_HEADERS && HAVE_MEMORY_H
| #  include <memory.h>
| # endif
| # include <string.h>
| #endif
| #if HAVE_STRINGS_H
| # include <strings.h>
| #endif
| #if HAVE_INTTYPES_H
| # include <inttypes.h>
| #else
| # if HAVE_STDINT_H
| #  include <stdint.h>
| # endif
| #endif
| #if HAVE_UNISTD_H
| # include <unistd.h>
| #endif
| /* malloc might have been renamed as rpl_malloc. */
| #undef malloc
| 
| /* Thanks to Mike Haertel and Jim Avera for this test.
|    Here is a matrix of mmap possibilities:
| 	mmap private not fixed
| 	mmap private fixed at somewhere currently unmapped
| 	mmap private fixed at somewhere already mapped
| 	mmap shared not fixed
| 	mmap shared fixed at somewhere currently unmapped
| 	mmap shared fixed at somewhere already mapped
|    For private mappings, we should verify that changes cannot be read()
|    back from the file, nor mmap's back from the file at a different
|    address.  (There have been systems where private was not correctly
|    implemented like the infamous i386 svr4.0, and systems where the
|    VM page cache was not coherent with the file system buffer cache
|    like early versions of FreeBSD and possibly contemporary NetBSD.)
|    For shared mappings, we should conversely verify that changes get
|    propagated back to all the places they're supposed to be.
| 
|    Grep wants private fixed already mapped.
|    The main things grep needs to know about mmap are:
|    * does it exist and is it safe to write into the mmap'd area
|    * how to use it (BSD variants)  */
| 
| #include <fcntl.h>
| #include <sys/mman.h>
| 
| #if !STDC_HEADERS && !HAVE_STDLIB_H
| char *malloc ();
| #endif
| 
| /* This mess was copied from the GNU getpagesize.h.  */
| #if !HAVE_GETPAGESIZE
| /* Assume that all systems that can run configure have sys/param.h.  */
| # if !HAVE_SYS_PARAM_H
| #  define HAVE_SYS_PARAM_H 1
| # endif
| 
| # ifdef _SC_PAGESIZE
| #  define getpagesize() sysconf(_SC_PAGESIZE)
| # else /* no _SC_PAGESIZE */
| #  if HAVE_SYS_PARAM_H
| #   include <sys/param.h>
| #   ifdef EXEC_PAGESIZE
| #    define getpagesize() EXEC_PAGESIZE
| #   else /* no EXEC_PAGESIZE */
| #    ifdef NBPG
| #     define getpagesize() NBPG * CLSIZE
| #     ifndef CLSIZE
| #      define CLSIZE 1
| #     endif /* no CLSIZE */
| #    else /* no NBPG */
| #     ifdef NBPC
| #      define getpagesize() NBPC
| #     else /* no NBPC */
| #      ifdef PAGESIZE
| #       define getpagesize() PAGESIZE
| #      endif /* PAGESIZE */
| #     endif /* no NBPC */
| #    endif /* no NBPG */
| #   endif /* no EXEC_PAGESIZE */
| #  else /* no HAVE_SYS_PARAM_H */
| #   define getpagesize() 8192	/* punt totally */
| #  endif /* no HAVE_SYS_PARAM_H */
| # endif /* no _SC_PAGESIZE */
| 
| #endif /* no HAVE_GETPAGESIZE */
| 
| int
| main ()
| {
|   char *data, *data2, *data3;
|   int i, pagesize;
|   int fd;
| 
|   pagesize = getpagesize ();
| 
|   /* First, make a file with some known garbage in it. */
|   data = (char *) malloc (pagesize);
|   if (!data)
|     exit (1);
|   for (i = 0; i < pagesize; ++i)
|     *(data + i) = rand ();
|   umask (0);
|   fd = creat ("conftest.mmap", 0600);
|   if (fd < 0)
|     exit (1);
|   if (write (fd, data, pagesize) != pagesize)
|     exit (1);
|   close (fd);
| 
|   /* Next, try to mmap the file at a fixed address which already has
|      something else allocated at it.  If we can, also make sure that
|      we see the same garbage.  */
|   fd = open ("conftest.mmap", O_RDWR);
|   if (fd < 0)
|     exit (1);
|   data2 = (char *) malloc (2 * pagesize);
|   if (!data2)
|     exit (1);
|   data2 += (pagesize - ((long) data2 & (pagesize - 1))) & (pagesize - 1);
|   if (data2 != mmap (data2, pagesize, PROT_READ | PROT_WRITE,
| 		     MAP_PRIVATE | MAP_FIXED, fd, 0L))
|     exit (1);
|   for (i = 0; i < pagesize; ++i)
|     if (*(data + i) != *(data2 + i))
|       exit (1);
| 
|   /* Finally, make sure that changes to the mapped area do not
|      percolate back to the file as seen by read().  (This is a bug on
|      some variants of i386 svr4.0.)  */
|   for (i = 0; i < pagesize; ++i)
|     *(data2 + i) = *(data2 + i) + 1;
|   data3 = (char *) malloc (pagesize);
|   if (!data3)
|     exit (1);
|   if (read (fd, data3, pagesize) != pagesize)
|     exit (1);
|   for (i = 0; i < pagesize; ++i)
|     if (*(data + i) != *(data3 + i))
|       exit (1);
|   close (fd);
|   exit (0);
| }
configure:36242: result: no
configure:36254: checking whether we are using the GNU C Library 2.1 or newer
configure:36285: result: yes
configure:36293: checking whether integer division by zero raises SIGFPE
configure:36355: gcc -o conftest.exe  -Wall -O3 -fms-extensions -mms-bitfields  -fno-exceptions -fomit-frame-pointer -march=i386 -mcpu=i686     -D__GW32__ -D_LARGEFILE_SOURCE=1 -D_LARGEFILE64_SOURCE=1 -D_FILE_OFFSET_BITS=64 -D_MSC_VER    -idirafter e:/progra~1/gnuwin32/include -idirafter h:/glibc/include     -Wl,-s -Wl,--force-exe-suffix -Wl,--enable-auto-import -Wl,--enable-runtime-pseudo-reloc -Wl,--allow-multiple-definition   conftest.c  -Wl,-s  -Le:/progra~1/gnuwin32/lib -lgw32c  -liberty -lintl -liconv -lwsock32 -lole32 -luuid -lmsvcp60   >&5
conftest.c:177: warning: built-in function `nan' declared as non-function
configure:36358: $? = 0
configure:36360: ./conftest.exe
configure:36363: $? = 0
configure:36378: result: yes
configure:36391: checking for inttypes.h
configure:36414: gcc -c  -Wall -O3 -fms-extensions -mms-bitfields  -fno-exceptions -fomit-frame-pointer -march=i386 -mcpu=i686     -D__GW32__ -D_LARGEFILE_SOURCE=1 -D_LARGEFILE64_SOURCE=1 -D_FILE_OFFSET_BITS=64 -D_MSC_VER    -idirafter e:/progra~1/gnuwin32/include -idirafter h:/glibc/include    conftest.c >&5
configure:36420: $? = 0
configure:36424: test -z 
			 || test ! -s conftest.err
configure:36427: $? = 0
configure:36430: test -s conftest.o
configure:36433: $? = 0
configure:36445: result: yes
configure:36458: checking whether the inttypes.h PRIxNN macros are broken
configure:36484: gcc -c  -Wall -O3 -fms-extensions -mms-bitfields  -fno-exceptions -fomit-frame-pointer -march=i386 -mcpu=i686     -D__GW32__ -D_LARGEFILE_SOURCE=1 -D_LARGEFILE64_SOURCE=1 -D_FILE_OFFSET_BITS=64 -D_MSC_VER    -idirafter e:/progra~1/gnuwin32/include -idirafter h:/glibc/include    conftest.c >&5
configure:36490: $? = 0
configure:36494: test -z 
			 || test ! -s conftest.err
configure:36497: $? = 0
configure:36500: test -s conftest.o
configure:36503: $? = 0
configure:36515: result: no
configure:36527: checking for CFPreferencesCopyAppValue
configure:36552: gcc -o conftest.exe  -Wall -O3 -fms-extensions -mms-bitfields  -fno-exceptions -fomit-frame-pointer -march=i386 -mcpu=i686     -D__GW32__ -D_LARGEFILE_SOURCE=1 -D_LARGEFILE64_SOURCE=1 -D_FILE_OFFSET_BITS=64 -D_MSC_VER    -idirafter e:/progra~1/gnuwin32/include -idirafter h:/glibc/include    -I/System/Library/Frameworks/CoreFoundation.framework/Headers  -Wl,-s -Wl,--force-exe-suffix -Wl,--enable-auto-import -Wl,--enable-runtime-pseudo-reloc -Wl,--allow-multiple-definition   conftest.c  -Wl,-s  -Le:/progra~1/gnuwin32/lib -lgw32c  -liberty -lintl -liconv -lwsock32 -lole32 -luuid -lmsvcp60   -framework CoreFoundation >&5
cc1.exe: error: unrecognized option `-framework'
gcc.exe: CoreFoundation: No such file or directory
configure:36558: $? = 1
configure: failed program was:
| /* confdefs.h.  */
| 
| #define PACKAGE_NAME ""
| #define PACKAGE_TARNAME ""
| #define PACKAGE_VERSION ""
| #define PACKAGE_STRING ""
| #define PACKAGE_BUGREPORT ""
| #define PACKAGE "gettext-tools"
| #define VERSION "0.14.4"
| #define _GNU_SOURCE 1
| #define STDC_HEADERS 1
| #define HAVE_SYS_TYPES_H 1
| #define HAVE_SYS_STAT_H 1
| #define HAVE_STDLIB_H 1
| #define HAVE_STRING_H 1
| #define HAVE_MEMORY_H 1
| #define HAVE_STRINGS_H 1
| #define HAVE_INTTYPES_H 1
| #define HAVE_STDINT_H 1
| #define HAVE_UNISTD_H 1
| #define __EXTENSIONS__ 1
| #define HAVE_DLFCN_H 1
| #ifdef __cplusplus
| extern "C" void std::exit (int) throw (); using std::exit;
| #endif
| #define INSTALLPREFIX "c:/progra~1/Gettext"
| #define ENABLE_RELOCATABLE 1
| #define STDC_HEADERS 1
| #define HAVE_LIMITS_H 1
| #define HAVE_MALLOC_H 1
| #define HAVE_PWD_H 1
| #define HAVE_STRING_H 1
| #define HAVE_UNISTD_H 1
| #define HAVE_UTIME_H 1
| #define HAVE_VALUES_H 1
| #define HAVE__BOOL 1
| #define HAVE_STDBOOL_H 1
| #define HAVE_UNSIGNED_LONG_LONG 1
| #define HAVE_PTRDIFF_T 1
| #define HAVE_INTTYPES_H_WITH_UINTMAX 1
| #define HAVE_STDINT_H_WITH_UINTMAX 1
| #define HAVE_UINTMAX_T 1
| #define HAVE_SIG_ATOMIC_T 1
| #define HAVE_ALLOCA_H 1
| #define HAVE_ALLOCA 1
| #define HAVE_STDLIB_H 1
| #define HAVE_STRING_H 1
| #define HAVE_STDLIB_H 1
| #define MALLOC_0_IS_NONNULL 1
| #define HAVE_LONG_LONG 1
| #define HAVE_LONG_DOUBLE 1
| #define HAVE_VPRINTF 1
| #define HAVE_CHOWN 1
| #define HAVE_GETCWD 1
| #define HAVE_RAISE 1
| #define HAVE_STRERROR 1
| #define HAVE_STRTOUL 1
| #define HAVE_UNAME 1
| #define HAVE_UTIME 1
| #define HAVE_UTIMES 1
| #define HAVE_WAITID 1
| #define HAVE_ATEXIT 1
| #define HAVE_MEMMOVE 1
| #define HAVE_MEMSET 1
| #define HAVE_STPCPY 1
| #define HAVE_STRCSPN 1
| #define HAVE_STRPBRK 1
| #define HAVE_STRSTR 1
| #define HAVE_VASPRINTF 1
| #define HAVE_MBSTATE_T 1
| #define HAVE_DECL_GETENV 1
| #define HAVE_BTOWC 1
| #define HAVE_MBSRTOWCS 1
| #define HAVE_MEMPCPY 1
| #define HAVE_WMEMCHR 1
| #define HAVE_WMEMCPY 1
| #define HAVE_WCHAR_H 1
| #define HAVE_WCTYPE_H 1
| #define fnmatch posix_fnmatch
| #define HAVE_GETOPT_H 1
| #define HAVE_GETOPT_LONG_ONLY 1
| #define __GETOPT_PREFIX rpl_
| #define eaccess access
| #define HAVE_STPNCPY 1
| #define HAVE_STRCASECMP 1
| #define HAVE_STRNCASECMP 1
| #define HAVE_ISASCII 1
| #define HAVE_STRTOUL 1
| #define HAVE_WCHAR_H 1
| #define HAVE_WCTYPE_H 1
| #define HAVE_ISWPRINT 1
| #define HAVE_MBSINIT 1
| #define HAVE_ISWCNTRL 1
| #define HAVE_WCWIDTH 1
| #define HAVE_MBRTOWC 1
| #define HAVE_DECL_WCWIDTH 0
| #define HAVE_DECL_MBSWIDTH_IN_WCHAR_H 0
| #define HAVE_MBSTATE_T 1
| #define HAVE_DIRENT_H 1
| #define CLOSEDIR_VOID 1
| #define HAVE_STRING_H 1
| #define HAVE_LONG_FILE_NAMES 1
| #define HAVE_PATHCONF 1
| #define HAVE_STRING_H 1
| #define HAVE_UNISTD_H 1
| #define HAVE_UNISTD_H 1
| #define vfork fork
| #define HAVE_WAITPID 1
| #define HAVE___SECURE_GETENV 1
| #define HAVE_SYS_TIME_H 1
| #define HAVE_UNISTD_H 1
| #define HAVE_MKDTEMP 1
| #define HAVE_POSIX_SIGNALBLOCKING 1
| #define HAVE_SETENV 1
| #define HAVE_UNSETENV 1
| #define HAVE_STRERROR 1
| #define HAVE_DECL_CLEARERR_UNLOCKED 0
| #define HAVE_DECL_FEOF_UNLOCKED 1
| #define HAVE_DECL_FERROR_UNLOCKED 1
| #define HAVE_DECL_FFLUSH_UNLOCKED 0
| #define HAVE_DECL_FGETS_UNLOCKED 1
| #define HAVE_DECL_FPUTC_UNLOCKED 1
| #define HAVE_DECL_FPUTS_UNLOCKED 1
| #define HAVE_DECL_FREAD_UNLOCKED 1
| #define HAVE_DECL_FWRITE_UNLOCKED 1
| #define HAVE_DECL_GETC_UNLOCKED 1
| #define HAVE_DECL_GETCHAR_UNLOCKED 1
| #define HAVE_DECL_PUTC_UNLOCKED 1
| #define HAVE_DECL_PUTCHAR_UNLOCKED 1
| #define USE_UNLOCKED_IO 1
| #define HAVE_DECL_STRERROR_R 0
| #define HAVE_STRERROR_R 1
| #define STRERROR_R_CHAR_P 1
| #define HAVE_MBSTATE_T 1
| #define HAVE_MBRTOWC 1
| #define HAVE_SYS_PARAM_H 1
| #define HAVE_READLINK 1
| #define HAVE_CANONICALIZE_FILE_NAME 1
| #define HAVE_LOCALE_H 1
| #define SETLOCALE_CONST const
| #define HAVE_STDINT_H 1
| #define HAVE_STDINT_H 1
| #define HAVE_DECL_STRDUP 1
| #define restrict __restrict
| #define HAVE_MEMPCPY 1
| #define HAVE_MEMCHR 1
| #define HAVE_STRDUP 1
| #define HAVE_BTOWC 1
| #define HAVE_ARPA_INET_H 1
| #define HAVE_GETHOSTNAME 1
| #define HAVE_GETHOSTBYNAME 1
| #define HAVE_WCHAR_T 1
| #define HAVE_WINT_T 1
| #define HAVE_INTMAX_T 1
| #define HAVE_STDLIB_H 1
| #define HAVE_UNISTD_H 1
| #define HAVE_GETPAGESIZE 1
| #define INTDIV0_RAISES_SIGFPE 1
| #define HAVE_INTTYPES_H 1
| /* end confdefs.h.  */
| #include <CFPreferences.h>
| int
| main ()
| {
| CFPreferencesCopyAppValue(NULL, NULL)
|   ;
|   return 0;
| }
configure:36585: result: no
configure:36594: checking for CFLocaleCopyCurrent
configure:36619: gcc -o conftest.exe  -Wall -O3 -fms-extensions -mms-bitfields  -fno-exceptions -fomit-frame-pointer -march=i386 -mcpu=i686     -D__GW32__ -D_LARGEFILE_SOURCE=1 -D_LARGEFILE64_SOURCE=1 -D_FILE_OFFSET_BITS=64 -D_MSC_VER    -idirafter e:/progra~1/gnuwin32/include -idirafter h:/glibc/include    -I/System/Library/Frameworks/CoreFoundation.framework/Headers  -Wl,-s -Wl,--force-exe-suffix -Wl,--enable-auto-import -Wl,--enable-runtime-pseudo-reloc -Wl,--allow-multiple-definition   conftest.c  -Wl,-s  -Le:/progra~1/gnuwin32/lib -lgw32c  -liberty -lintl -liconv -lwsock32 -lole32 -luuid -lmsvcp60   -framework CoreFoundation >&5
cc1.exe: error: unrecognized option `-framework'
gcc.exe: CoreFoundation: No such file or directory
configure:36625: $? = 1
configure: failed program was:
| /* confdefs.h.  */
| 
| #define PACKAGE_NAME ""
| #define PACKAGE_TARNAME ""
| #define PACKAGE_VERSION ""
| #define PACKAGE_STRING ""
| #define PACKAGE_BUGREPORT ""
| #define PACKAGE "gettext-tools"
| #define VERSION "0.14.4"
| #define _GNU_SOURCE 1
| #define STDC_HEADERS 1
| #define HAVE_SYS_TYPES_H 1
| #define HAVE_SYS_STAT_H 1
| #define HAVE_STDLIB_H 1
| #define HAVE_STRING_H 1
| #define HAVE_MEMORY_H 1
| #define HAVE_STRINGS_H 1
| #define HAVE_INTTYPES_H 1
| #define HAVE_STDINT_H 1
| #define HAVE_UNISTD_H 1
| #define __EXTENSIONS__ 1
| #define HAVE_DLFCN_H 1
| #ifdef __cplusplus
| extern "C" void std::exit (int) throw (); using std::exit;
| #endif
| #define INSTALLPREFIX "c:/progra~1/Gettext"
| #define ENABLE_RELOCATABLE 1
| #define STDC_HEADERS 1
| #define HAVE_LIMITS_H 1
| #define HAVE_MALLOC_H 1
| #define HAVE_PWD_H 1
| #define HAVE_STRING_H 1
| #define HAVE_UNISTD_H 1
| #define HAVE_UTIME_H 1
| #define HAVE_VALUES_H 1
| #define HAVE__BOOL 1
| #define HAVE_STDBOOL_H 1
| #define HAVE_UNSIGNED_LONG_LONG 1
| #define HAVE_PTRDIFF_T 1
| #define HAVE_INTTYPES_H_WITH_UINTMAX 1
| #define HAVE_STDINT_H_WITH_UINTMAX 1
| #define HAVE_UINTMAX_T 1
| #define HAVE_SIG_ATOMIC_T 1
| #define HAVE_ALLOCA_H 1
| #define HAVE_ALLOCA 1
| #define HAVE_STDLIB_H 1
| #define HAVE_STRING_H 1
| #define HAVE_STDLIB_H 1
| #define MALLOC_0_IS_NONNULL 1
| #define HAVE_LONG_LONG 1
| #define HAVE_LONG_DOUBLE 1
| #define HAVE_VPRINTF 1
| #define HAVE_CHOWN 1
| #define HAVE_GETCWD 1
| #define HAVE_RAISE 1
| #define HAVE_STRERROR 1
| #define HAVE_STRTOUL 1
| #define HAVE_UNAME 1
| #define HAVE_UTIME 1
| #define HAVE_UTIMES 1
| #define HAVE_WAITID 1
| #define HAVE_ATEXIT 1
| #define HAVE_MEMMOVE 1
| #define HAVE_MEMSET 1
| #define HAVE_STPCPY 1
| #define HAVE_STRCSPN 1
| #define HAVE_STRPBRK 1
| #define HAVE_STRSTR 1
| #define HAVE_VASPRINTF 1
| #define HAVE_MBSTATE_T 1
| #define HAVE_DECL_GETENV 1
| #define HAVE_BTOWC 1
| #define HAVE_MBSRTOWCS 1
| #define HAVE_MEMPCPY 1
| #define HAVE_WMEMCHR 1
| #define HAVE_WMEMCPY 1
| #define HAVE_WCHAR_H 1
| #define HAVE_WCTYPE_H 1
| #define fnmatch posix_fnmatch
| #define HAVE_GETOPT_H 1
| #define HAVE_GETOPT_LONG_ONLY 1
| #define __GETOPT_PREFIX rpl_
| #define eaccess access
| #define HAVE_STPNCPY 1
| #define HAVE_STRCASECMP 1
| #define HAVE_STRNCASECMP 1
| #define HAVE_ISASCII 1
| #define HAVE_STRTOUL 1
| #define HAVE_WCHAR_H 1
| #define HAVE_WCTYPE_H 1
| #define HAVE_ISWPRINT 1
| #define HAVE_MBSINIT 1
| #define HAVE_ISWCNTRL 1
| #define HAVE_WCWIDTH 1
| #define HAVE_MBRTOWC 1
| #define HAVE_DECL_WCWIDTH 0
| #define HAVE_DECL_MBSWIDTH_IN_WCHAR_H 0
| #define HAVE_MBSTATE_T 1
| #define HAVE_DIRENT_H 1
| #define CLOSEDIR_VOID 1
| #define HAVE_STRING_H 1
| #define HAVE_LONG_FILE_NAMES 1
| #define HAVE_PATHCONF 1
| #define HAVE_STRING_H 1
| #define HAVE_UNISTD_H 1
| #define HAVE_UNISTD_H 1
| #define vfork fork
| #define HAVE_WAITPID 1
| #define HAVE___SECURE_GETENV 1
| #define HAVE_SYS_TIME_H 1
| #define HAVE_UNISTD_H 1
| #define HAVE_MKDTEMP 1
| #define HAVE_POSIX_SIGNALBLOCKING 1
| #define HAVE_SETENV 1
| #define HAVE_UNSETENV 1
| #define HAVE_STRERROR 1
| #define HAVE_DECL_CLEARERR_UNLOCKED 0
| #define HAVE_DECL_FEOF_UNLOCKED 1
| #define HAVE_DECL_FERROR_UNLOCKED 1
| #define HAVE_DECL_FFLUSH_UNLOCKED 0
| #define HAVE_DECL_FGETS_UNLOCKED 1
| #define HAVE_DECL_FPUTC_UNLOCKED 1
| #define HAVE_DECL_FPUTS_UNLOCKED 1
| #define HAVE_DECL_FREAD_UNLOCKED 1
| #define HAVE_DECL_FWRITE_UNLOCKED 1
| #define HAVE_DECL_GETC_UNLOCKED 1
| #define HAVE_DECL_GETCHAR_UNLOCKED 1
| #define HAVE_DECL_PUTC_UNLOCKED 1
| #define HAVE_DECL_PUTCHAR_UNLOCKED 1
| #define USE_UNLOCKED_IO 1
| #define HAVE_DECL_STRERROR_R 0
| #define HAVE_STRERROR_R 1
| #define STRERROR_R_CHAR_P 1
| #define HAVE_MBSTATE_T 1
| #define HAVE_MBRTOWC 1
| #define HAVE_SYS_PARAM_H 1
| #define HAVE_READLINK 1
| #define HAVE_CANONICALIZE_FILE_NAME 1
| #define HAVE_LOCALE_H 1
| #define SETLOCALE_CONST const
| #define HAVE_STDINT_H 1
| #define HAVE_STDINT_H 1
| #define HAVE_DECL_STRDUP 1
| #define restrict __restrict
| #define HAVE_MEMPCPY 1
| #define HAVE_MEMCHR 1
| #define HAVE_STRDUP 1
| #define HAVE_BTOWC 1
| #define HAVE_ARPA_INET_H 1
| #define HAVE_GETHOSTNAME 1
| #define HAVE_GETHOSTBYNAME 1
| #define HAVE_WCHAR_T 1
| #define HAVE_WINT_T 1
| #define HAVE_INTMAX_T 1
| #define HAVE_STDLIB_H 1
| #define HAVE_UNISTD_H 1
| #define HAVE_GETPAGESIZE 1
| #define INTDIV0_RAISES_SIGFPE 1
| #define HAVE_INTTYPES_H 1
| /* end confdefs.h.  */
| #include <CFLocale.h>
| int
| main ()
| {
| CFLocaleCopyCurrent();
|   ;
|   return 0;
| }
configure:36652: result: no
configure:36685: checking for shared library run path origin
configure:36698: result: done
configure:37104: checking for ptrdiff_t
configure:37158: result: yes
configure:37195: checking argz.h usability
configure:37207: gcc -c  -Wall -O3 -fms-extensions -mms-bitfields  -fno-exceptions -fomit-frame-pointer -march=i386 -mcpu=i686     -D__GW32__ -D_LARGEFILE_SOURCE=1 -D_LARGEFILE64_SOURCE=1 -D_FILE_OFFSET_BITS=64 -D_MSC_VER    -idirafter e:/progra~1/gnuwin32/include -idirafter h:/glibc/include    conftest.c >&5
configure:37213: $? = 0
configure:37217: test -z 
			 || test ! -s conftest.err
configure:37220: $? = 0
configure:37223: test -s conftest.o
configure:37226: $? = 0
configure:37236: result: yes
configure:37240: checking argz.h presence
configure:37250: gcc -E   -D__GW32__ -D_LARGEFILE_SOURCE=1 -D_LARGEFILE64_SOURCE=1 -D_FILE_OFFSET_BITS=64 -D_MSC_VER    -idirafter e:/progra~1/gnuwin32/include -idirafter h:/glibc/include    conftest.c
configure:37256: $? = 0
configure:37276: result: yes
configure:37311: checking for argz.h
configure:37318: result: yes
configure:37186: checking for limits.h
configure:37191: result: yes
configure:37186: checking for locale.h
configure:37191: result: yes
configure:37195: checking nl_types.h usability
configure:37207: gcc -c  -Wall -O3 -fms-extensions -mms-bitfields  -fno-exceptions -fomit-frame-pointer -march=i386 -mcpu=i686     -D__GW32__ -D_LARGEFILE_SOURCE=1 -D_LARGEFILE64_SOURCE=1 -D_FILE_OFFSET_BITS=64 -D_MSC_VER    -idirafter e:/progra~1/gnuwin32/include -idirafter h:/glibc/include    conftest.c >&5
configure:37213: $? = 0
configure:37217: test -z 
			 || test ! -s conftest.err
configure:37220: $? = 0
configure:37223: test -s conftest.o
configure:37226: $? = 0
configure:37236: result: yes
configure:37240: checking nl_types.h presence
configure:37250: gcc -E   -D__GW32__ -D_LARGEFILE_SOURCE=1 -D_LARGEFILE64_SOURCE=1 -D_FILE_OFFSET_BITS=64 -D_MSC_VER    -idirafter e:/progra~1/gnuwin32/include -idirafter h:/glibc/include    conftest.c
configure:37256: $? = 0
configure:37276: result: yes
configure:37311: checking for nl_types.h
configure:37318: result: yes
configure:37186: checking for malloc.h
configure:37191: result: yes
configure:37195: checking stddef.h usability
configure:37207: gcc -c  -Wall -O3 -fms-extensions -mms-bitfields  -fno-exceptions -fomit-frame-pointer -march=i386 -mcpu=i686     -D__GW32__ -D_LARGEFILE_SOURCE=1 -D_LARGEFILE64_SOURCE=1 -D_FILE_OFFSET_BITS=64 -D_MSC_VER    -idirafter e:/progra~1/gnuwin32/include -idirafter h:/glibc/include    conftest.c >&5
configure:37213: $? = 0
configure:37217: test -z 
			 || test ! -s conftest.err
configure:37220: $? = 0
configure:37223: test -s conftest.o
configure:37226: $? = 0
configure:37236: result: yes
configure:37240: checking stddef.h presence
configure:37250: gcc -E   -D__GW32__ -D_LARGEFILE_SOURCE=1 -D_LARGEFILE64_SOURCE=1 -D_FILE_OFFSET_BITS=64 -D_MSC_VER    -idirafter e:/progra~1/gnuwin32/include -idirafter h:/glibc/include    conftest.c
configure:37256: $? = 0
configure:37276: result: yes
configure:37311: checking for stddef.h
configure:37318: result: yes
configure:37186: checking for stdlib.h
configure:37191: result: yes
configure:37186: checking for string.h
configure:37191: result: yes
configure:37186: checking for unistd.h
configure:37191: result: yes
configure:37186: checking for sys/param.h
configure:37191: result: yes
configure:37360: checking for asprintf
configure:37417: gcc -o conftest.exe  -Wall -O3 -fms-extensions -mms-bitfields  -fno-exceptions -fomit-frame-pointer -march=i386 -mcpu=i686     -D__GW32__ -D_LARGEFILE_SOURCE=1 -D_LARGEFILE64_SOURCE=1 -D_FILE_OFFSET_BITS=64 -D_MSC_VER    -idirafter e:/progra~1/gnuwin32/include -idirafter h:/glibc/include     -Wl,-s -Wl,--force-exe-suffix -Wl,--enable-auto-import -Wl,--enable-runtime-pseudo-reloc -Wl,--allow-multiple-definition   conftest.c  -Wl,-s  -Le:/progra~1/gnuwin32/lib -lgw32c  -liberty -lintl -liconv -lwsock32 -lole32 -luuid -lmsvcp60   >&5
configure:37423: $? = 0
configure:37427: test -z 
			 || test ! -s conftest.err
configure:37430: $? = 0
configure:37433: test -s conftest.exe
configure:37436: $? = 0
configure:37448: result: yes
configure:37360: checking for fwprintf
configure:37417: gcc -o conftest.exe  -Wall -O3 -fms-extensions -mms-bitfields  -fno-exceptions -fomit-frame-pointer -march=i386 -mcpu=i686     -D__GW32__ -D_LARGEFILE_SOURCE=1 -D_LARGEFILE64_SOURCE=1 -D_FILE_OFFSET_BITS=64 -D_MSC_VER    -idirafter e:/progra~1/gnuwin32/include -idirafter h:/glibc/include     -Wl,-s -Wl,--force-exe-suffix -Wl,--enable-auto-import -Wl,--enable-runtime-pseudo-reloc -Wl,--allow-multiple-definition   conftest.c  -Wl,-s  -Le:/progra~1/gnuwin32/lib -lgw32c  -liberty -lintl -liconv -lwsock32 -lole32 -luuid -lmsvcp60   >&5
configure:37423: $? = 0
configure:37427: test -z 
			 || test ! -s conftest.err
configure:37430: $? = 0
configure:37433: test -s conftest.exe
configure:37436: $? = 0
configure:37448: result: yes
configure:37360: checking for getcwd
configure:37448: result: yes
configure:37360: checking for getegid
configure:37417: gcc -o conftest.exe  -Wall -O3 -fms-extensions -mms-bitfields  -fno-exceptions -fomit-frame-pointer -march=i386 -mcpu=i686     -D__GW32__ -D_LARGEFILE_SOURCE=1 -D_LARGEFILE64_SOURCE=1 -D_FILE_OFFSET_BITS=64 -D_MSC_VER    -idirafter e:/progra~1/gnuwin32/include -idirafter h:/glibc/include     -Wl,-s -Wl,--force-exe-suffix -Wl,--enable-auto-import -Wl,--enable-runtime-pseudo-reloc -Wl,--allow-multiple-definition   conftest.c  -Wl,-s  -Le:/progra~1/gnuwin32/lib -lgw32c  -liberty -lintl -liconv -lwsock32 -lole32 -luuid -lmsvcp60   >&5
configure:37423: $? = 0
configure:37427: test -z 
			 || test ! -s conftest.err
configure:37430: $? = 0
configure:37433: test -s conftest.exe
configure:37436: $? = 0
configure:37448: result: yes
configure:37360: checking for geteuid
configure:37417: gcc -o conftest.exe  -Wall -O3 -fms-extensions -mms-bitfields  -fno-exceptions -fomit-frame-pointer -march=i386 -mcpu=i686     -D__GW32__ -D_LARGEFILE_SOURCE=1 -D_LARGEFILE64_SOURCE=1 -D_FILE_OFFSET_BITS=64 -D_MSC_VER    -idirafter e:/progra~1/gnuwin32/include -idirafter h:/glibc/include     -Wl,-s -Wl,--force-exe-suffix -Wl,--enable-auto-import -Wl,--enable-runtime-pseudo-reloc -Wl,--allow-multiple-definition   conftest.c  -Wl,-s  -Le:/progra~1/gnuwin32/lib -lgw32c  -liberty -lintl -liconv -lwsock32 -lole32 -luuid -lmsvcp60   >&5
configure:37423: $? = 0
configure:37427: test -z 
			 || test ! -s conftest.err
configure:37430: $? = 0
configure:37433: test -s conftest.exe
configure:37436: $? = 0
configure:37448: result: yes
configure:37360: checking for getgid
configure:37417: gcc -o conftest.exe  -Wall -O3 -fms-extensions -mms-bitfields  -fno-exceptions -fomit-frame-pointer -march=i386 -mcpu=i686     -D__GW32__ -D_LARGEFILE_SOURCE=1 -D_LARGEFILE64_SOURCE=1 -D_FILE_OFFSET_BITS=64 -D_MSC_VER    -idirafter e:/progra~1/gnuwin32/include -idirafter h:/glibc/include     -Wl,-s -Wl,--force-exe-suffix -Wl,--enable-auto-import -Wl,--enable-runtime-pseudo-reloc -Wl,--allow-multiple-definition   conftest.c  -Wl,-s  -Le:/progra~1/gnuwin32/lib -lgw32c  -liberty -lintl -liconv -lwsock32 -lole32 -luuid -lmsvcp60   >&5
configure:37423: $? = 0
configure:37427: test -z 
			 || test ! -s conftest.err
configure:37430: $? = 0
configure:37433: test -s conftest.exe
configure:37436: $? = 0
configure:37448: result: yes
configure:37360: checking for getuid
configure:37417: gcc -o conftest.exe  -Wall -O3 -fms-extensions -mms-bitfields  -fno-exceptions -fomit-frame-pointer -march=i386 -mcpu=i686     -D__GW32__ -D_LARGEFILE_SOURCE=1 -D_LARGEFILE64_SOURCE=1 -D_FILE_OFFSET_BITS=64 -D_MSC_VER    -idirafter e:/progra~1/gnuwin32/include -idirafter h:/glibc/include     -Wl,-s -Wl,--force-exe-suffix -Wl,--enable-auto-import -Wl,--enable-runtime-pseudo-reloc -Wl,--allow-multiple-definition   conftest.c  -Wl,-s  -Le:/progra~1/gnuwin32/lib -lgw32c  -liberty -lintl -liconv -lwsock32 -lole32 -luuid -lmsvcp60   >&5
configure:37423: $? = 0
configure:37427: test -z 
			 || test ! -s conftest.err
configure:37430: $? = 0
configure:37433: test -s conftest.exe
configure:37436: $? = 0
configure:37448: result: yes
configure:37360: checking for mempcpy
configure:37448: result: yes
configure:37360: checking for munmap
configure:37417: gcc -o conftest.exe  -Wall -O3 -fms-extensions -mms-bitfields  -fno-exceptions -fomit-frame-pointer -march=i386 -mcpu=i686     -D__GW32__ -D_LARGEFILE_SOURCE=1 -D_LARGEFILE64_SOURCE=1 -D_FILE_OFFSET_BITS=64 -D_MSC_VER    -idirafter e:/progra~1/gnuwin32/include -idirafter h:/glibc/include     -Wl,-s -Wl,--force-exe-suffix -Wl,--enable-auto-import -Wl,--enable-runtime-pseudo-reloc -Wl,--allow-multiple-definition   conftest.c  -Wl,-s  -Le:/progra~1/gnuwin32/lib -lgw32c  -liberty -lintl -liconv -lwsock32 -lole32 -luuid -lmsvcp60   >&5
configure:37423: $? = 0
configure:37427: test -z 
			 || test ! -s conftest.err
configure:37430: $? = 0
configure:37433: test -s conftest.exe
configure:37436: $? = 0
configure:37448: result: yes
configure:37360: checking for putenv
configure:37417: gcc -o conftest.exe  -Wall -O3 -fms-extensions -mms-bitfields  -fno-exceptions -fomit-frame-pointer -march=i386 -mcpu=i686     -D__GW32__ -D_LARGEFILE_SOURCE=1 -D_LARGEFILE64_SOURCE=1 -D_FILE_OFFSET_BITS=64 -D_MSC_VER    -idirafter e:/progra~1/gnuwin32/include -idirafter h:/glibc/include     -Wl,-s -Wl,--force-exe-suffix -Wl,--enable-auto-import -Wl,--enable-runtime-pseudo-reloc -Wl,--allow-multiple-definition   conftest.c  -Wl,-s  -Le:/progra~1/gnuwin32/lib -lgw32c  -liberty -lintl -liconv -lwsock32 -lole32 -luuid -lmsvcp60   >&5
configure:37423: $? = 0
configure:37427: test -z 
			 || test ! -s conftest.err
configure:37430: $? = 0
configure:37433: test -s conftest.exe
configure:37436: $? = 0
configure:37448: result: yes
configure:37360: checking for setenv
configure:37448: result: yes
configure:37360: checking for setlocale
configure:37417: gcc -o conftest.exe  -Wall -O3 -fms-extensions -mms-bitfields  -fno-exceptions -fomit-frame-pointer -march=i386 -mcpu=i686     -D__GW32__ -D_LARGEFILE_SOURCE=1 -D_LARGEFILE64_SOURCE=1 -D_FILE_OFFSET_BITS=64 -D_MSC_VER    -idirafter e:/progra~1/gnuwin32/include -idirafter h:/glibc/include     -Wl,-s -Wl,--force-exe-suffix -Wl,--enable-auto-import -Wl,--enable-runtime-pseudo-reloc -Wl,--allow-multiple-definition   conftest.c  -Wl,-s  -Le:/progra~1/gnuwin32/lib -lgw32c  -liberty -lintl -liconv -lwsock32 -lole32 -luuid -lmsvcp60   >&5
configure:37423: $? = 0
configure:37427: test -z 
			 || test ! -s conftest.err
configure:37430: $? = 0
configure:37433: test -s conftest.exe
configure:37436: $? = 0
configure:37448: result: yes
configure:37360: checking for snprintf
configure:37417: gcc -o conftest.exe  -Wall -O3 -fms-extensions -mms-bitfields  -fno-exceptions -fomit-frame-pointer -march=i386 -mcpu=i686     -D__GW32__ -D_LARGEFILE_SOURCE=1 -D_LARGEFILE64_SOURCE=1 -D_FILE_OFFSET_BITS=64 -D_MSC_VER    -idirafter e:/progra~1/gnuwin32/include -idirafter h:/glibc/include     -Wl,-s -Wl,--force-exe-suffix -Wl,--enable-auto-import -Wl,--enable-runtime-pseudo-reloc -Wl,--allow-multiple-definition   conftest.c  -Wl,-s  -Le:/progra~1/gnuwin32/lib -lgw32c  -liberty -lintl -liconv -lwsock32 -lole32 -luuid -lmsvcp60   >&5
conftest.c:207: warning: conflicting types for built-in function `snprintf'
configure:37423: $? = 0
configure:37427: test -z 
			 || test ! -s conftest.err
configure:37430: $? = 0
configure:37433: test -s conftest.exe
configure:37436: $? = 0
configure:37448: result: yes
configure:37360: checking for stpcpy
configure:37448: result: yes
configure:37360: checking for strcasecmp
configure:37448: result: yes
configure:37360: checking for strdup
configure:37448: result: yes
configure:37360: checking for strtoul
configure:37448: result: yes
configure:37360: checking for tsearch
configure:37417: gcc -o conftest.exe  -Wall -O3 -fms-extensions -mms-bitfields  -fno-exceptions -fomit-frame-pointer -march=i386 -mcpu=i686     -D__GW32__ -D_LARGEFILE_SOURCE=1 -D_LARGEFILE64_SOURCE=1 -D_FILE_OFFSET_BITS=64 -D_MSC_VER    -idirafter e:/progra~1/gnuwin32/include -idirafter h:/glibc/include     -Wl,-s -Wl,--force-exe-suffix -Wl,--enable-auto-import -Wl,--enable-runtime-pseudo-reloc -Wl,--allow-multiple-definition   conftest.c  -Wl,-s  -Le:/progra~1/gnuwin32/lib -lgw32c  -liberty -lintl -liconv -lwsock32 -lole32 -luuid -lmsvcp60   >&5
configure:37423: $? = 0
configure:37427: test -z 
			 || test ! -s conftest.err
configure:37430: $? = 0
configure:37433: test -s conftest.exe
configure:37436: $? = 0
configure:37448: result: yes
configure:37360: checking for wcslen
configure:37417: gcc -o conftest.exe  -Wall -O3 -fms-extensions -mms-bitfields  -fno-exceptions -fomit-frame-pointer -march=i386 -mcpu=i686     -D__GW32__ -D_LARGEFILE_SOURCE=1 -D_LARGEFILE64_SOURCE=1 -D_FILE_OFFSET_BITS=64 -D_MSC_VER    -idirafter e:/progra~1/gnuwin32/include -idirafter h:/glibc/include     -Wl,-s -Wl,--force-exe-suffix -Wl,--enable-auto-import -Wl,--enable-runtime-pseudo-reloc -Wl,--allow-multiple-definition   conftest.c  -Wl,-s  -Le:/progra~1/gnuwin32/lib -lgw32c  -liberty -lintl -liconv -lwsock32 -lole32 -luuid -lmsvcp60   >&5
configure:37423: $? = 0
configure:37427: test -z 
			 || test ! -s conftest.err
configure:37430: $? = 0
configure:37433: test -s conftest.exe
configure:37436: $? = 0
configure:37448: result: yes
configure:37360: checking for __argz_count
configure:37417: gcc -o conftest.exe  -Wall -O3 -fms-extensions -mms-bitfields  -fno-exceptions -fomit-frame-pointer -march=i386 -mcpu=i686     -D__GW32__ -D_LARGEFILE_SOURCE=1 -D_LARGEFILE64_SOURCE=1 -D_FILE_OFFSET_BITS=64 -D_MSC_VER    -idirafter e:/progra~1/gnuwin32/include -idirafter h:/glibc/include     -Wl,-s -Wl,--force-exe-suffix -Wl,--enable-auto-import -Wl,--enable-runtime-pseudo-reloc -Wl,--allow-multiple-definition   conftest.c  -Wl,-s  -Le:/progra~1/gnuwin32/lib -lgw32c  -liberty -lintl -liconv -lwsock32 -lole32 -luuid -lmsvcp60   >&5
configure:37423: $? = 0
configure:37427: test -z 
			 || test ! -s conftest.err
configure:37430: $? = 0
configure:37433: test -s conftest.exe
configure:37436: $? = 0
configure:37448: result: yes
configure:37360: checking for __argz_stringify
configure:37417: gcc -o conftest.exe  -Wall -O3 -fms-extensions -mms-bitfields  -fno-exceptions -fomit-frame-pointer -march=i386 -mcpu=i686     -D__GW32__ -D_LARGEFILE_SOURCE=1 -D_LARGEFILE64_SOURCE=1 -D_FILE_OFFSET_BITS=64 -D_MSC_VER    -idirafter e:/progra~1/gnuwin32/include -idirafter h:/glibc/include     -Wl,-s -Wl,--force-exe-suffix -Wl,--enable-auto-import -Wl,--enable-runtime-pseudo-reloc -Wl,--allow-multiple-definition   conftest.c  -Wl,-s  -Le:/progra~1/gnuwin32/lib -lgw32c  -liberty -lintl -liconv -lwsock32 -lole32 -luuid -lmsvcp60   >&5
configure:37423: $? = 0
configure:37427: test -z 
			 || test ! -s conftest.err
configure:37430: $? = 0
configure:37433: test -s conftest.exe
configure:37436: $? = 0
configure:37448: result: yes
configure:37360: checking for __argz_next
configure:37417: gcc -o conftest.exe  -Wall -O3 -fms-extensions -mms-bitfields  -fno-exceptions -fomit-frame-pointer -march=i386 -mcpu=i686     -D__GW32__ -D_LARGEFILE_SOURCE=1 -D_LARGEFILE64_SOURCE=1 -D_FILE_OFFSET_BITS=64 -D_MSC_VER    -idirafter e:/progra~1/gnuwin32/include -idirafter h:/glibc/include     -Wl,-s -Wl,--force-exe-suffix -Wl,--enable-auto-import -Wl,--enable-runtime-pseudo-reloc -Wl,--allow-multiple-definition   conftest.c  -Wl,-s  -Le:/progra~1/gnuwin32/lib -lgw32c  -liberty -lintl -liconv -lwsock32 -lole32 -luuid -lmsvcp60   >&5
configure:37423: $? = 0
configure:37427: test -z 
			 || test ! -s conftest.err
configure:37430: $? = 0
configure:37433: test -s conftest.exe
configure:37436: $? = 0
configure:37448: result: yes
configure:37360: checking for __fsetlocking
configure:37417: gcc -o conftest.exe  -Wall -O3 -fms-extensions -mms-bitfields  -fno-exceptions -fomit-frame-pointer -march=i386 -mcpu=i686     -D__GW32__ -D_LARGEFILE_SOURCE=1 -D_LARGEFILE64_SOURCE=1 -D_FILE_OFFSET_BITS=64 -D_MSC_VER    -idirafter e:/progra~1/gnuwin32/include -idirafter h:/glibc/include     -Wl,-s -Wl,--force-exe-suffix -Wl,--enable-auto-import -Wl,--enable-runtime-pseudo-reloc -Wl,--allow-multiple-definition   conftest.c  -Wl,-s  -Le:/progra~1/gnuwin32/lib -lgw32c  -liberty -lintl -liconv -lwsock32 -lole32 -luuid -lmsvcp60   >&5
configure:37423: $? = 0
configure:37427: test -z 
			 || test ! -s conftest.err
configure:37430: $? = 0
configure:37433: test -s conftest.exe
configure:37436: $? = 0
configure:37448: result: yes
configure:37460: checking whether _snprintf is declared
configure:37485: gcc -c  -Wall -O3 -fms-extensions -mms-bitfields  -fno-exceptions -fomit-frame-pointer -march=i386 -mcpu=i686     -D__GW32__ -D_LARGEFILE_SOURCE=1 -D_LARGEFILE64_SOURCE=1 -D_FILE_OFFSET_BITS=64 -D_MSC_VER    -idirafter e:/progra~1/gnuwin32/include -idirafter h:/glibc/include    conftest.c >&5
conftest.c: In function `main':
conftest.c:200: warning: unused variable `p'
configure:37491: $? = 0
configure:37495: test -z 
			 || test ! -s conftest.err
configure:37498: $? = 0
configure:37501: test -s conftest.o
configure:37504: $? = 0
configure:37515: result: yes
configure:37529: checking whether _snwprintf is declared
configure:37554: gcc -c  -Wall -O3 -fms-extensions -mms-bitfields  -fno-exceptions -fomit-frame-pointer -march=i386 -mcpu=i686     -D__GW32__ -D_LARGEFILE_SOURCE=1 -D_LARGEFILE64_SOURCE=1 -D_FILE_OFFSET_BITS=64 -D_MSC_VER    -idirafter e:/progra~1/gnuwin32/include -idirafter h:/glibc/include    conftest.c >&5
conftest.c: In function `main':
conftest.c:201: warning: unused variable `p'
configure:37560: $? = 0
configure:37564: test -z 
			 || test ! -s conftest.err
configure:37567: $? = 0
configure:37570: test -s conftest.o
configure:37573: $? = 0
configure:37584: result: yes
configure:37599: checking whether feof_unlocked is declared
configure:37654: result: yes
configure:37668: checking whether fgets_unlocked is declared
configure:37723: result: yes
configure:37737: checking whether getc_unlocked is declared
configure:37792: result: yes
configure:37860: checking for iconv
configure:37887: gcc -o conftest.exe  -Wall -O3 -fms-extensions -mms-bitfields  -fno-exceptions -fomit-frame-pointer -march=i386 -mcpu=i686     -D__GW32__ -D_LARGEFILE_SOURCE=1 -D_LARGEFILE64_SOURCE=1 -D_FILE_OFFSET_BITS=64 -D_MSC_VER    -idirafter e:/progra~1/gnuwin32/include -idirafter h:/glibc/include     -Wl,-s -Wl,--force-exe-suffix -Wl,--enable-auto-import -Wl,--enable-runtime-pseudo-reloc -Wl,--allow-multiple-definition   conftest.c  -Wl,-s  -Le:/progra~1/gnuwin32/lib -lgw32c  -liberty -lintl -liconv -lwsock32 -lole32 -luuid -lmsvcp60   >&5
configure:37893: $? = 0
configure:37897: test -z 
			 || test ! -s conftest.err
configure:37900: $? = 0
configure:37903: test -s conftest.exe
configure:37906: $? = 0
configure:37972: result: yes
configure:37995: checking for iconv declaration
configure:38029: gcc -c  -Wall -O3 -fms-extensions -mms-bitfields  -fno-exceptions -fomit-frame-pointer -march=i386 -mcpu=i686     -D__GW32__ -D_LARGEFILE_SOURCE=1 -D_LARGEFILE64_SOURCE=1 -D_FILE_OFFSET_BITS=64 -D_MSC_VER    -idirafter e:/progra~1/gnuwin32/include -idirafter h:/glibc/include    conftest.c >&5
conftest.c:208: error: conflicting types for `libiconv'
e:/progra~1/gnuwin32/include/iconv.h:92: error: previous declaration of `libiconv'
configure:38035: $? = 1
configure: failed program was:
| /* confdefs.h.  */
| 
| #define PACKAGE_NAME ""
| #define PACKAGE_TARNAME ""
| #define PACKAGE_VERSION ""
| #define PACKAGE_STRING ""
| #define PACKAGE_BUGREPORT ""
| #define PACKAGE "gettext-tools"
| #define VERSION "0.14.4"
| #define _GNU_SOURCE 1
| #define STDC_HEADERS 1
| #define HAVE_SYS_TYPES_H 1
| #define HAVE_SYS_STAT_H 1
| #define HAVE_STDLIB_H 1
| #define HAVE_STRING_H 1
| #define HAVE_MEMORY_H 1
| #define HAVE_STRINGS_H 1
| #define HAVE_INTTYPES_H 1
| #define HAVE_STDINT_H 1
| #define HAVE_UNISTD_H 1
| #define __EXTENSIONS__ 1
| #define HAVE_DLFCN_H 1
| #ifdef __cplusplus
| extern "C" void std::exit (int) throw (); using std::exit;
| #endif
| #define INSTALLPREFIX "c:/progra~1/Gettext"
| #define ENABLE_RELOCATABLE 1
| #define STDC_HEADERS 1
| #define HAVE_LIMITS_H 1
| #define HAVE_MALLOC_H 1
| #define HAVE_PWD_H 1
| #define HAVE_STRING_H 1
| #define HAVE_UNISTD_H 1
| #define HAVE_UTIME_H 1
| #define HAVE_VALUES_H 1
| #define HAVE__BOOL 1
| #define HAVE_STDBOOL_H 1
| #define HAVE_UNSIGNED_LONG_LONG 1
| #define HAVE_PTRDIFF_T 1
| #define HAVE_INTTYPES_H_WITH_UINTMAX 1
| #define HAVE_STDINT_H_WITH_UINTMAX 1
| #define HAVE_UINTMAX_T 1
| #define HAVE_SIG_ATOMIC_T 1
| #define HAVE_ALLOCA_H 1
| #define HAVE_ALLOCA 1
| #define HAVE_STDLIB_H 1
| #define HAVE_STRING_H 1
| #define HAVE_STDLIB_H 1
| #define MALLOC_0_IS_NONNULL 1
| #define HAVE_LONG_LONG 1
| #define HAVE_LONG_DOUBLE 1
| #define HAVE_VPRINTF 1
| #define HAVE_CHOWN 1
| #define HAVE_GETCWD 1
| #define HAVE_RAISE 1
| #define HAVE_STRERROR 1
| #define HAVE_STRTOUL 1
| #define HAVE_UNAME 1
| #define HAVE_UTIME 1
| #define HAVE_UTIMES 1
| #define HAVE_WAITID 1
| #define HAVE_ATEXIT 1
| #define HAVE_MEMMOVE 1
| #define HAVE_MEMSET 1
| #define HAVE_STPCPY 1
| #define HAVE_STRCSPN 1
| #define HAVE_STRPBRK 1
| #define HAVE_STRSTR 1
| #define HAVE_VASPRINTF 1
| #define HAVE_MBSTATE_T 1
| #define HAVE_DECL_GETENV 1
| #define HAVE_BTOWC 1
| #define HAVE_MBSRTOWCS 1
| #define HAVE_MEMPCPY 1
| #define HAVE_WMEMCHR 1
| #define HAVE_WMEMCPY 1
| #define HAVE_WCHAR_H 1
| #define HAVE_WCTYPE_H 1
| #define fnmatch posix_fnmatch
| #define HAVE_GETOPT_H 1
| #define HAVE_GETOPT_LONG_ONLY 1
| #define __GETOPT_PREFIX rpl_
| #define eaccess access
| #define HAVE_STPNCPY 1
| #define HAVE_STRCASECMP 1
| #define HAVE_STRNCASECMP 1
| #define HAVE_ISASCII 1
| #define HAVE_STRTOUL 1
| #define HAVE_WCHAR_H 1
| #define HAVE_WCTYPE_H 1
| #define HAVE_ISWPRINT 1
| #define HAVE_MBSINIT 1
| #define HAVE_ISWCNTRL 1
| #define HAVE_WCWIDTH 1
| #define HAVE_MBRTOWC 1
| #define HAVE_DECL_WCWIDTH 0
| #define HAVE_DECL_MBSWIDTH_IN_WCHAR_H 0
| #define HAVE_MBSTATE_T 1
| #define HAVE_DIRENT_H 1
| #define CLOSEDIR_VOID 1
| #define HAVE_STRING_H 1
| #define HAVE_LONG_FILE_NAMES 1
| #define HAVE_PATHCONF 1
| #define HAVE_STRING_H 1
| #define HAVE_UNISTD_H 1
| #define HAVE_UNISTD_H 1
| #define vfork fork
| #define HAVE_WAITPID 1
| #define HAVE___SECURE_GETENV 1
| #define HAVE_SYS_TIME_H 1
| #define HAVE_UNISTD_H 1
| #define HAVE_MKDTEMP 1
| #define HAVE_POSIX_SIGNALBLOCKING 1
| #define HAVE_SETENV 1
| #define HAVE_UNSETENV 1
| #define HAVE_STRERROR 1
| #define HAVE_DECL_CLEARERR_UNLOCKED 0
| #define HAVE_DECL_FEOF_UNLOCKED 1
| #define HAVE_DECL_FERROR_UNLOCKED 1
| #define HAVE_DECL_FFLUSH_UNLOCKED 0
| #define HAVE_DECL_FGETS_UNLOCKED 1
| #define HAVE_DECL_FPUTC_UNLOCKED 1
| #define HAVE_DECL_FPUTS_UNLOCKED 1
| #define HAVE_DECL_FREAD_UNLOCKED 1
| #define HAVE_DECL_FWRITE_UNLOCKED 1
| #define HAVE_DECL_GETC_UNLOCKED 1
| #define HAVE_DECL_GETCHAR_UNLOCKED 1
| #define HAVE_DECL_PUTC_UNLOCKED 1
| #define HAVE_DECL_PUTCHAR_UNLOCKED 1
| #define USE_UNLOCKED_IO 1
| #define HAVE_DECL_STRERROR_R 0
| #define HAVE_STRERROR_R 1
| #define STRERROR_R_CHAR_P 1
| #define HAVE_MBSTATE_T 1
| #define HAVE_MBRTOWC 1
| #define HAVE_SYS_PARAM_H 1
| #define HAVE_READLINK 1
| #define HAVE_CANONICALIZE_FILE_NAME 1
| #define HAVE_LOCALE_H 1
| #define SETLOCALE_CONST const
| #define HAVE_STDINT_H 1
| #define HAVE_STDINT_H 1
| #define HAVE_DECL_STRDUP 1
| #define restrict __restrict
| #define HAVE_MEMPCPY 1
| #define HAVE_MEMCHR 1
| #define HAVE_STRDUP 1
| #define HAVE_BTOWC 1
| #define HAVE_ARPA_INET_H 1
| #define HAVE_GETHOSTNAME 1
| #define HAVE_GETHOSTBYNAME 1
| #define HAVE_WCHAR_T 1
| #define HAVE_WINT_T 1
| #define HAVE_INTMAX_T 1
| #define HAVE_STDLIB_H 1
| #define HAVE_UNISTD_H 1
| #define HAVE_GETPAGESIZE 1
| #define INTDIV0_RAISES_SIGFPE 1
| #define HAVE_INTTYPES_H 1
| #define HAVE_ARGZ_H 1
| #define HAVE_LIMITS_H 1
| #define HAVE_LOCALE_H 1
| #define HAVE_NL_TYPES_H 1
| #define HAVE_MALLOC_H 1
| #define HAVE_STDDEF_H 1
| #define HAVE_STDLIB_H 1
| #define HAVE_STRING_H 1
| #define HAVE_UNISTD_H 1
| #define HAVE_SYS_PARAM_H 1
| #define HAVE_ASPRINTF 1
| #define HAVE_FWPRINTF 1
| #define HAVE_GETCWD 1
| #define HAVE_GETEGID 1
| #define HAVE_GETEUID 1
| #define HAVE_GETGID 1
| #define HAVE_GETUID 1
| #define HAVE_MEMPCPY 1
| #define HAVE_MUNMAP 1
| #define HAVE_PUTENV 1
| #define HAVE_SETENV 1
| #define HAVE_SETLOCALE 1
| #define HAVE_SNPRINTF 1
| #define HAVE_STPCPY 1
| #define HAVE_STRCASECMP 1
| #define HAVE_STRDUP 1
| #define HAVE_STRTOUL 1
| #define HAVE_TSEARCH 1
| #define HAVE_WCSLEN 1
| #define HAVE___ARGZ_COUNT 1
| #define HAVE___ARGZ_STRINGIFY 1
| #define HAVE___ARGZ_NEXT 1
| #define HAVE___FSETLOCKING 1
| #define HAVE_DECL__SNPRINTF 1
| #define HAVE_DECL__SNWPRINTF 1
| #define HAVE_DECL_FEOF_UNLOCKED 1
| #define HAVE_DECL_FGETS_UNLOCKED 1
| #define HAVE_DECL_GETC_UNLOCKED 1
| #define HAVE_ICONV 1
| /* end confdefs.h.  */
| 
| #include <stdlib.h>
| #include <iconv.h>
| extern
| #ifdef __cplusplus
| "C"
| #endif
| #if defined(__STDC__) || defined(__cplusplus)
| size_t iconv (iconv_t cd, char * *inbuf, size_t *inbytesleft, char * *outbuf, size_t *outbytesleft);
| #else
| size_t iconv();
| #endif
| 
| int
| main ()
| {
| 
|   ;
|   return 0;
| }
configure:38063: result: 
         extern size_t iconv (iconv_t cd, const char * *inbuf, size_t *inbytesleft, char * *outbuf, size_t *outbytesleft);
configure:38074: checking for nl_langinfo and CODESET
configure:38095: gcc -o conftest.exe  -Wall -O3 -fms-extensions -mms-bitfields  -fno-exceptions -fomit-frame-pointer -march=i386 -mcpu=i686     -D__GW32__ -D_LARGEFILE_SOURCE=1 -D_LARGEFILE64_SOURCE=1 -D_FILE_OFFSET_BITS=64 -D_MSC_VER    -idirafter e:/progra~1/gnuwin32/include -idirafter h:/glibc/include     -Wl,-s -Wl,--force-exe-suffix -Wl,--enable-auto-import -Wl,--enable-runtime-pseudo-reloc -Wl,--allow-multiple-definition   conftest.c  -Wl,-s  -Le:/progra~1/gnuwin32/lib -lgw32c  -liberty -lintl -liconv -lwsock32 -lole32 -luuid -lmsvcp60   >&5
conftest.c: In function `main':
conftest.c:205: warning: unused variable `cs'
configure:38101: $? = 0
configure:38105: test -z 
			 || test ! -s conftest.err
configure:38108: $? = 0
configure:38111: test -s conftest.exe
configure:38114: $? = 0
configure:38127: result: yes
configure:38139: checking for LC_MESSAGES
configure:38160: gcc -o conftest.exe  -Wall -O3 -fms-extensions -mms-bitfields  -fno-exceptions -fomit-frame-pointer -march=i386 -mcpu=i686     -D__GW32__ -D_LARGEFILE_SOURCE=1 -D_LARGEFILE64_SOURCE=1 -D_FILE_OFFSET_BITS=64 -D_MSC_VER    -idirafter e:/progra~1/gnuwin32/include -idirafter h:/glibc/include     -Wl,-s -Wl,--force-exe-suffix -Wl,--enable-auto-import -Wl,--enable-runtime-pseudo-reloc -Wl,--allow-multiple-definition   conftest.c  -Wl,-s  -Le:/progra~1/gnuwin32/lib -lgw32c  -liberty -lintl -liconv -lwsock32 -lole32 -luuid -lmsvcp60   >&5
configure:38166: $? = 0
configure:38170: test -z 
			 || test ! -s conftest.err
configure:38173: $? = 0
configure:38176: test -s conftest.exe
configure:38179: $? = 0
configure:38191: result: yes
configure:38211: checking for bison
configure:38227: found /usr/bin/bison
configure:38237: result: bison
configure:38250: checking version of bison
configure:38259: result: 1.875, ok
configure:38281: checking for CFPreferencesCopyAppValue
configure:38339: result: no
configure:38348: checking for CFLocaleCopyCurrent
configure:38406: result: no
configure:38423: checking whether NLS is requested
configure:38432: result: yes
configure:38448: checking whether included gettext is requested
configure:38458: result: no
configure:38469: checking for GNU gettext in libc
configure:38493: gcc -o conftest.exe  -Wall -O3 -fms-extensions -mms-bitfields  -fno-exceptions -fomit-frame-pointer -march=i386 -mcpu=i686     -D__GW32__ -D_LARGEFILE_SOURCE=1 -D_LARGEFILE64_SOURCE=1 -D_FILE_OFFSET_BITS=64 -D_MSC_VER    -idirafter e:/progra~1/gnuwin32/include -idirafter h:/glibc/include     -Wl,-s -Wl,--force-exe-suffix -Wl,--enable-auto-import -Wl,--enable-runtime-pseudo-reloc -Wl,--allow-multiple-definition   conftest.c  -Wl,-s  -Le:/progra~1/gnuwin32/lib -lgw32c  -liberty -lintl -liconv -lwsock32 -lole32 -luuid -lmsvcp60   >&5
m:\temp/ccCgaaaa.o(.text+0x77):conftest.c: undefined reference to `_nl_domain_bindings'
configure:38499: $? = 1
configure: failed program was:
| /* confdefs.h.  */
| 
| #define PACKAGE_NAME ""
| #define PACKAGE_TARNAME ""
| #define PACKAGE_VERSION ""
| #define PACKAGE_STRING ""
| #define PACKAGE_BUGREPORT ""
| #define PACKAGE "gettext-tools"
| #define VERSION "0.14.4"
| #define _GNU_SOURCE 1
| #define STDC_HEADERS 1
| #define HAVE_SYS_TYPES_H 1
| #define HAVE_SYS_STAT_H 1
| #define HAVE_STDLIB_H 1
| #define HAVE_STRING_H 1
| #define HAVE_MEMORY_H 1
| #define HAVE_STRINGS_H 1
| #define HAVE_INTTYPES_H 1
| #define HAVE_STDINT_H 1
| #define HAVE_UNISTD_H 1
| #define __EXTENSIONS__ 1
| #define HAVE_DLFCN_H 1
| #ifdef __cplusplus
| extern "C" void std::exit (int) throw (); using std::exit;
| #endif
| #define INSTALLPREFIX "c:/progra~1/Gettext"
| #define ENABLE_RELOCATABLE 1
| #define STDC_HEADERS 1
| #define HAVE_LIMITS_H 1
| #define HAVE_MALLOC_H 1
| #define HAVE_PWD_H 1
| #define HAVE_STRING_H 1
| #define HAVE_UNISTD_H 1
| #define HAVE_UTIME_H 1
| #define HAVE_VALUES_H 1
| #define HAVE__BOOL 1
| #define HAVE_STDBOOL_H 1
| #define HAVE_UNSIGNED_LONG_LONG 1
| #define HAVE_PTRDIFF_T 1
| #define HAVE_INTTYPES_H_WITH_UINTMAX 1
| #define HAVE_STDINT_H_WITH_UINTMAX 1
| #define HAVE_UINTMAX_T 1
| #define HAVE_SIG_ATOMIC_T 1
| #define HAVE_ALLOCA_H 1
| #define HAVE_ALLOCA 1
| #define HAVE_STDLIB_H 1
| #define HAVE_STRING_H 1
| #define HAVE_STDLIB_H 1
| #define MALLOC_0_IS_NONNULL 1
| #define HAVE_LONG_LONG 1
| #define HAVE_LONG_DOUBLE 1
| #define HAVE_VPRINTF 1
| #define HAVE_CHOWN 1
| #define HAVE_GETCWD 1
| #define HAVE_RAISE 1
| #define HAVE_STRERROR 1
| #define HAVE_STRTOUL 1
| #define HAVE_UNAME 1
| #define HAVE_UTIME 1
| #define HAVE_UTIMES 1
| #define HAVE_WAITID 1
| #define HAVE_ATEXIT 1
| #define HAVE_MEMMOVE 1
| #define HAVE_MEMSET 1
| #define HAVE_STPCPY 1
| #define HAVE_STRCSPN 1
| #define HAVE_STRPBRK 1
| #define HAVE_STRSTR 1
| #define HAVE_VASPRINTF 1
| #define HAVE_MBSTATE_T 1
| #define HAVE_DECL_GETENV 1
| #define HAVE_BTOWC 1
| #define HAVE_MBSRTOWCS 1
| #define HAVE_MEMPCPY 1
| #define HAVE_WMEMCHR 1
| #define HAVE_WMEMCPY 1
| #define HAVE_WCHAR_H 1
| #define HAVE_WCTYPE_H 1
| #define fnmatch posix_fnmatch
| #define HAVE_GETOPT_H 1
| #define HAVE_GETOPT_LONG_ONLY 1
| #define __GETOPT_PREFIX rpl_
| #define eaccess access
| #define HAVE_STPNCPY 1
| #define HAVE_STRCASECMP 1
| #define HAVE_STRNCASECMP 1
| #define HAVE_ISASCII 1
| #define HAVE_STRTOUL 1
| #define HAVE_WCHAR_H 1
| #define HAVE_WCTYPE_H 1
| #define HAVE_ISWPRINT 1
| #define HAVE_MBSINIT 1
| #define HAVE_ISWCNTRL 1
| #define HAVE_WCWIDTH 1
| #define HAVE_MBRTOWC 1
| #define HAVE_DECL_WCWIDTH 0
| #define HAVE_DECL_MBSWIDTH_IN_WCHAR_H 0
| #define HAVE_MBSTATE_T 1
| #define HAVE_DIRENT_H 1
| #define CLOSEDIR_VOID 1
| #define HAVE_STRING_H 1
| #define HAVE_LONG_FILE_NAMES 1
| #define HAVE_PATHCONF 1
| #define HAVE_STRING_H 1
| #define HAVE_UNISTD_H 1
| #define HAVE_UNISTD_H 1
| #define vfork fork
| #define HAVE_WAITPID 1
| #define HAVE___SECURE_GETENV 1
| #define HAVE_SYS_TIME_H 1
| #define HAVE_UNISTD_H 1
| #define HAVE_MKDTEMP 1
| #define HAVE_POSIX_SIGNALBLOCKING 1
| #define HAVE_SETENV 1
| #define HAVE_UNSETENV 1
| #define HAVE_STRERROR 1
| #define HAVE_DECL_CLEARERR_UNLOCKED 0
| #define HAVE_DECL_FEOF_UNLOCKED 1
| #define HAVE_DECL_FERROR_UNLOCKED 1
| #define HAVE_DECL_FFLUSH_UNLOCKED 0
| #define HAVE_DECL_FGETS_UNLOCKED 1
| #define HAVE_DECL_FPUTC_UNLOCKED 1
| #define HAVE_DECL_FPUTS_UNLOCKED 1
| #define HAVE_DECL_FREAD_UNLOCKED 1
| #define HAVE_DECL_FWRITE_UNLOCKED 1
| #define HAVE_DECL_GETC_UNLOCKED 1
| #define HAVE_DECL_GETCHAR_UNLOCKED 1
| #define HAVE_DECL_PUTC_UNLOCKED 1
| #define HAVE_DECL_PUTCHAR_UNLOCKED 1
| #define USE_UNLOCKED_IO 1
| #define HAVE_DECL_STRERROR_R 0
| #define HAVE_STRERROR_R 1
| #define STRERROR_R_CHAR_P 1
| #define HAVE_MBSTATE_T 1
| #define HAVE_MBRTOWC 1
| #define HAVE_SYS_PARAM_H 1
| #define HAVE_READLINK 1
| #define HAVE_CANONICALIZE_FILE_NAME 1
| #define HAVE_LOCALE_H 1
| #define SETLOCALE_CONST const
| #define HAVE_STDINT_H 1
| #define HAVE_STDINT_H 1
| #define HAVE_DECL_STRDUP 1
| #define restrict __restrict
| #define HAVE_MEMPCPY 1
| #define HAVE_MEMCHR 1
| #define HAVE_STRDUP 1
| #define HAVE_BTOWC 1
| #define HAVE_ARPA_INET_H 1
| #define HAVE_GETHOSTNAME 1
| #define HAVE_GETHOSTBYNAME 1
| #define HAVE_WCHAR_T 1
| #define HAVE_WINT_T 1
| #define HAVE_INTMAX_T 1
| #define HAVE_STDLIB_H 1
| #define HAVE_UNISTD_H 1
| #define HAVE_GETPAGESIZE 1
| #define INTDIV0_RAISES_SIGFPE 1
| #define HAVE_INTTYPES_H 1
| #define HAVE_ARGZ_H 1
| #define HAVE_LIMITS_H 1
| #define HAVE_LOCALE_H 1
| #define HAVE_NL_TYPES_H 1
| #define HAVE_MALLOC_H 1
| #define HAVE_STDDEF_H 1
| #define HAVE_STDLIB_H 1
| #define HAVE_STRING_H 1
| #define HAVE_UNISTD_H 1
| #define HAVE_SYS_PARAM_H 1
| #define HAVE_ASPRINTF 1
| #define HAVE_FWPRINTF 1
| #define HAVE_GETCWD 1
| #define HAVE_GETEGID 1
| #define HAVE_GETEUID 1
| #define HAVE_GETGID 1
| #define HAVE_GETUID 1
| #define HAVE_MEMPCPY 1
| #define HAVE_MUNMAP 1
| #define HAVE_PUTENV 1
| #define HAVE_SETENV 1
| #define HAVE_SETLOCALE 1
| #define HAVE_SNPRINTF 1
| #define HAVE_STPCPY 1
| #define HAVE_STRCASECMP 1
| #define HAVE_STRDUP 1
| #define HAVE_STRTOUL 1
| #define HAVE_TSEARCH 1
| #define HAVE_WCSLEN 1
| #define HAVE___ARGZ_COUNT 1
| #define HAVE___ARGZ_STRINGIFY 1
| #define HAVE___ARGZ_NEXT 1
| #define HAVE___FSETLOCKING 1
| #define HAVE_DECL__SNPRINTF 1
| #define HAVE_DECL__SNWPRINTF 1
| #define HAVE_DECL_FEOF_UNLOCKED 1
| #define HAVE_DECL_FGETS_UNLOCKED 1
| #define HAVE_DECL_GETC_UNLOCKED 1
| #define HAVE_ICONV 1
| #define ICONV_CONST const
| #define HAVE_LANGINFO_CODESET 1
| #define HAVE_LC_MESSAGES 1
| /* end confdefs.h.  */
| #include <libintl.h>
| extern int _nl_msg_cat_cntr;
| extern int *_nl_domain_bindings;
| int
| main ()
| {
| bindtextdomain ("", "");
| return * gettext ("") + * ngettext ("", "", 0) + _nl_msg_cat_cntr + *_nl_domain_bindings
|   ;
|   return 0;
| }
configure:38524: result: no
configure:38907: checking for GNU gettext in libintl
configure:38939: gcc -o conftest.exe  -Wall -O3 -fms-extensions -mms-bitfields  -fno-exceptions -fomit-frame-pointer -march=i386 -mcpu=i686     -D__GW32__ -D_LARGEFILE_SOURCE=1 -D_LARGEFILE64_SOURCE=1 -D_FILE_OFFSET_BITS=64 -D_MSC_VER    -idirafter e:/progra~1/gnuwin32/include -idirafter h:/glibc/include      -Wl,-s -Wl,--force-exe-suffix -Wl,--enable-auto-import -Wl,--enable-runtime-pseudo-reloc -Wl,--allow-multiple-definition   conftest.c  -Wl,-s  -Le:/progra~1/gnuwin32/lib -lgw32c  -liberty -lintl -liconv -lwsock32 -lole32 -luuid -lmsvcp60   -lintl >&5
configure:38945: $? = 0
configure:38949: test -z 
			 || test ! -s conftest.err
configure:38952: $? = 0
configure:38955: test -s conftest.exe
configure:38958: $? = 0
configure:39030: result: yes
configure:39086: checking whether to use NLS
configure:39088: result: yes
configure:39091: checking where the gettext function comes from
configure:39102: result: included intl directory
configure:39621: checking for libexpat
configure:39645: gcc -o conftest.exe  -Wall -O3 -fms-extensions -mms-bitfields  -fno-exceptions -fomit-frame-pointer -march=i386 -mcpu=i686     -D__GW32__ -D_LARGEFILE_SOURCE=1 -D_LARGEFILE64_SOURCE=1 -D_FILE_OFFSET_BITS=64 -D_MSC_VER    -idirafter e:/progra~1/gnuwin32/include -idirafter h:/glibc/include     -Wl,-s -Wl,--force-exe-suffix -Wl,--enable-auto-import -Wl,--enable-runtime-pseudo-reloc -Wl,--allow-multiple-definition   conftest.c  -Wl,-s  -Le:/progra~1/gnuwin32/lib -lgw32c  -liberty -liconv -lwsock32 -lole32 -luuid -lmsvcp60   -lexpat >&5
configure:39651: $? = 0
configure:39655: test -z 
			 || test ! -s conftest.err
configure:39658: $? = 0
configure:39661: test -s conftest.exe
configure:39664: $? = 0
configure:39678: result: yes
configure:39687: checking how to link with libexpat
configure:39689: result: -lexpat
configure:39713: checking for emacs
configure:39742: result: no
configure:39713: checking for xemacs
configure:39742: result: no
configure:39763: checking where .elc files should go
configure:39792: result: ${datadir}/emacs/site-lisp
configure:39806: checking for dvips
configure:39824: found /cygdrive/h/tex/bin/win32/dvips
configure:39837: result: /cygdrive/h/tex/bin/win32/dvips
configure:39846: checking for texi2pdf
configure:39864: found /usr/bin/texi2pdf
configure:39877: result: /usr/bin/texi2pdf
configure:39886: checking for perl
configure:39904: found /usr/bin/perl
configure:39917: result: /usr/bin/perl
configure:39933: checking for g++
configure:39959: result: g++
configure:39971: checking whether the C++ compiler (g++   -Wall -O3 -fms-extensions -mms-bitfields  -fno-exceptions -fomit-frame-pointer -march=i386 -mcpu=i686    -fconserve-space -fno-rtti    -Wl,-s -Wl,--force-exe-suffix -Wl,--enable-auto-import -Wl,--enable-runtime-pseudo-reloc -Wl,--allow-multiple-definition  ) works
configure:39982: g++ -o conftest.exe   -Wall -O3 -fms-extensions -mms-bitfields  -fno-exceptions -fomit-frame-pointer -march=i386 -mcpu=i686    -fconserve-space -fno-rtti     -D__GW32__ -D_LARGEFILE_SOURCE=1 -D_LARGEFILE64_SOURCE=1 -D_FILE_OFFSET_BITS=64 -D_MSC_VER    -idirafter e:/progra~1/gnuwin32/include -idirafter h:/glibc/include     -Wl,-s -Wl,--force-exe-suffix -Wl,--enable-auto-import -Wl,--enable-runtime-pseudo-reloc -Wl,--allow-multiple-definition   conftest.cc  -Wl,-s  -Le:/progra~1/gnuwin32/lib -lgw32c  -liberty -liconv -lwsock32 -lole32 -luuid -lmsvcp60   >&5
configure:39985: $? = 0
configure:40003: result: yes
configure:40008: checking whether the C++ compiler supports namespaces
configure:40022: g++ -o conftest.exe   -Wall -O3 -fms-extensions -mms-bitfields  -fno-exceptions -fomit-frame-pointer -march=i386 -mcpu=i686    -fconserve-space -fno-rtti     -D__GW32__ -D_LARGEFILE_SOURCE=1 -D_LARGEFILE64_SOURCE=1 -D_FILE_OFFSET_BITS=64 -D_MSC_VER    -idirafter e:/progra~1/gnuwin32/include -idirafter h:/glibc/include     -Wl,-s -Wl,--force-exe-suffix -Wl,--enable-auto-import -Wl,--enable-runtime-pseudo-reloc -Wl,--allow-multiple-definition   conftest.cc  -Wl,-s  -Le:/progra~1/gnuwin32/lib -lgw32c  -liberty -liconv -lwsock32 -lole32 -luuid -lmsvcp60   >&5
configure:40025: $? = 0
configure:40038: result: yes
configure:40048: checking for a traditional french locale
configure:40086: gcc -o conftest.exe  -Wall -O3 -fms-extensions -mms-bitfields  -fno-exceptions -fomit-frame-pointer -march=i386 -mcpu=i686     -D__GW32__ -D_LARGEFILE_SOURCE=1 -D_LARGEFILE64_SOURCE=1 -D_FILE_OFFSET_BITS=64 -D_MSC_VER    -idirafter e:/progra~1/gnuwin32/include -idirafter h:/glibc/include     -Wl,-s -Wl,--force-exe-suffix -Wl,--enable-auto-import -Wl,--enable-runtime-pseudo-reloc -Wl,--allow-multiple-definition   conftest.c  -Wl,-s  -Le:/progra~1/gnuwin32/lib -lgw32c  -liberty -liconv -lwsock32 -lole32 -luuid -lmsvcp60   >&5
configure:40089: $? = 0
configure:40131: result: none
configure:40137: checking for a french Unicode locale
configure:40166: gcc -o conftest.exe  -Wall -O3 -fms-extensions -mms-bitfields  -fno-exceptions -fomit-frame-pointer -march=i386 -mcpu=i686     -D__GW32__ -D_LARGEFILE_SOURCE=1 -D_LARGEFILE64_SOURCE=1 -D_FILE_OFFSET_BITS=64 -D_MSC_VER    -idirafter e:/progra~1/gnuwin32/include -idirafter h:/glibc/include     -Wl,-s -Wl,--force-exe-suffix -Wl,--enable-auto-import -Wl,--enable-runtime-pseudo-reloc -Wl,--allow-multiple-definition   conftest.c  -Wl,-s  -Le:/progra~1/gnuwin32/lib -lgw32c  -liberty -liconv -lwsock32 -lole32 -luuid -lmsvcp60   >&5
configure:40169: $? = 0
configure:40195: result: none
configure:40405: creating ./config.status

## ---------------------- ##
## Running config.status. ##
## ---------------------- ##

This file was extended by config.status, which was
generated by GNU Autoconf 2.59.  Invocation command line was

  CONFIG_FILES    = 
  CONFIG_HEADERS  = 
  CONFIG_LINKS    = 
  CONFIG_COMMANDS = 
  $ ./config.status 

on gamma

config.status:847: creating Makefile
config.status:847: creating doc/Makefile
config.status:847: creating intl/Makefile
config.status:847: creating lib/Makefile
config.status:847: creating lib/javacomp.sh
config.status:847: creating lib/javaexec.sh
config.status:847: creating lib/csharpcomp.sh
config.status:847: creating lib/csharpexec.sh
config.status:847: creating libgrep/Makefile
config.status:847: creating libuniname/Makefile
config.status:847: creating src/Makefile
config.status:847: creating src/user-email
config.status:847: creating po/Makefile.in
config.status:847: creating projects/Makefile
config.status:847: creating misc/Makefile
config.status:847: creating misc/gettextize
config.status:847: creating misc/autopoint
config.status:847: creating man/Makefile
config.status:847: creating man/x-to-1
config.status:847: creating m4/Makefile
config.status:847: creating tests/Makefile
config.status:847: creating examples/Makefile
config.status:847: creating examples/installpaths
config.status:847: creating examples/po/Makefile
config.status:1209: creating config.h
config.status:1943: executing depfiles commands
config.status:1943: executing default-1 commands

## ---------------- ##
## Cache variables. ##
## ---------------- ##

ac_cv_build=i386-pc-mingw32
ac_cv_build_alias=i386-pc-mingw32
ac_cv_c_compiler_gnu=yes
ac_cv_c_const=yes
ac_cv_c_inline=inline
ac_cv_cxx_compiler_gnu=yes
ac_cv_env_CC_set=
ac_cv_env_CC_value=
ac_cv_env_CFLAGS_set=
ac_cv_env_CFLAGS_value=
ac_cv_env_CPPFLAGS_set=
ac_cv_env_CPPFLAGS_value=
ac_cv_env_CPP_set=
ac_cv_env_CPP_value=
ac_cv_env_CXXCPP_set=
ac_cv_env_CXXCPP_value=
ac_cv_env_CXXFLAGS_set=
ac_cv_env_CXXFLAGS_value=
ac_cv_env_CXX_set=
ac_cv_env_CXX_value=
ac_cv_env_EMACSLOADPATH_set=
ac_cv_env_EMACSLOADPATH_value=
ac_cv_env_EMACS_set=
ac_cv_env_EMACS_value=
ac_cv_env_F77_set=
ac_cv_env_F77_value=
ac_cv_env_FFLAGS_set=
ac_cv_env_FFLAGS_value=
ac_cv_env_GCJFLAGS_set=
ac_cv_env_GCJFLAGS_value=
ac_cv_env_GCJ_set=
ac_cv_env_GCJ_value=
ac_cv_env_LDFLAGS_set=
ac_cv_env_LDFLAGS_value=
ac_cv_env_build_alias_set=
ac_cv_env_build_alias_value=
ac_cv_env_host_alias_set=
ac_cv_env_host_alias_value=
ac_cv_env_target_alias_set=
ac_cv_env_target_alias_value=
ac_cv_exeext=.exe
ac_cv_f77_compiler_gnu=yes
ac_cv_func___argz_count=yes
ac_cv_func___argz_next=yes
ac_cv_func___argz_stringify=yes
ac_cv_func___fsetlocking=yes
ac_cv_func___secure_getenv=yes
ac_cv_func__doprnt=no
ac_cv_func_alloca_works=yes
ac_cv_func_asprintf=yes
ac_cv_func_atexit=yes
ac_cv_func_btowc=yes
ac_cv_func_canonicalize_file_name=yes
ac_cv_func_chown=yes
ac_cv_func_closedir_void=yes
ac_cv_func_connect=yes
ac_cv_func_eaccess=no
ac_cv_func_fchdir=no
ac_cv_func_fnmatch_posix=no
ac_cv_func_fork=no
ac_cv_func_fork_works=no
ac_cv_func_ftruncate=yes
ac_cv_func_fwprintf=yes
ac_cv_func_getcwd=yes
ac_cv_func_getegid=yes
ac_cv_func_geteuid=yes
ac_cv_func_getgid=yes
ac_cv_func_gethostbyaddr=yes
ac_cv_func_gethostbyname=yes
ac_cv_func_gethostname=yes
ac_cv_func_getline=yes
ac_cv_func_getopt_long_only=yes
ac_cv_func_getpagesize=yes
ac_cv_func_getuid=yes
ac_cv_func_inet_ntoa=yes
ac_cv_func_inet_ntop=no
ac_cv_func_isascii=yes
ac_cv_func_iswcntrl=yes
ac_cv_func_iswprint=yes
ac_cv_func_malloc_0_nonnull=yes
ac_cv_func_mbsinit=yes
ac_cv_func_mbsrtowcs=yes
ac_cv_func_memchr=yes
ac_cv_func_memmove=yes
ac_cv_func_mempcpy=yes
ac_cv_func_memset=yes
ac_cv_func_mkdtemp=yes
ac_cv_func_mkstemp=yes
ac_cv_func_mmap_fixed_mapped=no
ac_cv_func_munmap=yes
ac_cv_func_pathconf=yes
ac_cv_func_posix_spawn=no
ac_cv_func_putenv=yes
ac_cv_func_raise=yes
ac_cv_func_readlink=yes
ac_cv_func_select=no
ac_cv_func_setenv=yes
ac_cv_func_setlocale=yes
ac_cv_func_sigprocmask=yes
ac_cv_func_snprintf=yes
ac_cv_func_stpcpy=yes
ac_cv_func_strcasecmp=yes
ac_cv_func_strcspn=yes
ac_cv_func_strdup=yes
ac_cv_func_strerror=yes
ac_cv_func_strerror_r=yes
ac_cv_func_strerror_r_char_p=yes
ac_cv_func_strncasecmp=yes
ac_cv_func_strpbrk=yes
ac_cv_func_strstr=yes
ac_cv_func_strtoul=yes
ac_cv_func_tsearch=yes
ac_cv_func_uname=yes
ac_cv_func_unsetenv=yes
ac_cv_func_utime=yes
ac_cv_func_utimes=yes
ac_cv_func_vasprintf=yes
ac_cv_func_vfork=no
ac_cv_func_vfork_works=no
ac_cv_func_vprintf=yes
ac_cv_func_waitid=yes
ac_cv_func_waitpid=yes
ac_cv_func_wcslen=yes
ac_cv_func_wcwidth=yes
ac_cv_func_wmemchr=yes
ac_cv_func_wmemcpy=yes
ac_cv_func_wmempcpy=no
ac_cv_func_working_mktime=yes
ac_cv_gnu_library_2=yes
ac_cv_gnu_library_2_1=yes
ac_cv_have_decl__snprintf=yes
ac_cv_have_decl__snwprintf=yes
ac_cv_have_decl_clearerr_unlocked=no
ac_cv_have_decl_feof_unlocked=yes
ac_cv_have_decl_ferror_unlocked=yes
ac_cv_have_decl_fflush_unlocked=no
ac_cv_have_decl_fgets_unlocked=yes
ac_cv_have_decl_fputc_unlocked=yes
ac_cv_have_decl_fputs_unlocked=yes
ac_cv_have_decl_fread_unlocked=yes
ac_cv_have_decl_fwrite_unlocked=yes
ac_cv_have_decl_getc_unlocked=yes
ac_cv_have_decl_getchar_unlocked=yes
ac_cv_have_decl_getenv=yes
ac_cv_have_decl_mbswidth=no
ac_cv_have_decl_optreset=yes
ac_cv_have_decl_putc_unlocked=yes
ac_cv_have_decl_putchar_unlocked=yes
ac_cv_have_decl_strdup=yes
ac_cv_have_decl_strerror_r=no
ac_cv_have_decl_wcwidth=no
ac_cv_header_argz_h=yes
ac_cv_header_arpa_inet_h=yes
ac_cv_header_dirent_dirent_h=yes
ac_cv_header_dlfcn_h=yes
ac_cv_header_getopt_h=yes
ac_cv_header_inttypes_h=yes
ac_cv_header_limits_h=yes
ac_cv_header_locale_h=yes
ac_cv_header_malloc_h=yes
ac_cv_header_memory_h=yes
ac_cv_header_minix_config_h=no
ac_cv_header_nl_types_h=yes
ac_cv_header_pwd_h=yes
ac_cv_header_stat_broken=no
ac_cv_header_stdbool_h=yes
ac_cv_header_stdc=yes
ac_cv_header_stddef_h=yes
ac_cv_header_stdint_h=yes
ac_cv_header_stdlib_h=yes
ac_cv_header_string_h=yes
ac_cv_header_strings_h=yes
ac_cv_header_sys_param_h=yes
ac_cv_header_sys_stat_h=yes
ac_cv_header_sys_time_h=yes
ac_cv_header_sys_types_h=yes
ac_cv_header_unistd_h=yes
ac_cv_header_utime_h=yes
ac_cv_header_values_h=yes
ac_cv_header_vfork_h=no
ac_cv_header_wchar_h=yes
ac_cv_header_wctype_h=yes
ac_cv_host=i386-pc-mingw32
ac_cv_host_alias=i386-pc-mingw32
ac_cv_lib_error_at_line=yes
ac_cv_libexpat=yes
ac_cv_objext=o
ac_cv_path_DVIPS=/cygdrive/h/tex/bin/win32/dvips
ac_cv_path_GMSGFMT=/usr/bin/msgfmt
ac_cv_path_MSGFMT=/usr/bin/msgfmt
ac_cv_path_MSGMERGE=/usr/bin/msgmerge
ac_cv_path_PERL=/usr/bin/perl
ac_cv_path_TEXI2PDF=/usr/bin/texi2pdf
ac_cv_path_XGETTEXT=:
ac_cv_prog_AWK=gawk
ac_cv_prog_CPP='gcc -E'
ac_cv_prog_CXX=g++
ac_cv_prog_CXXCPP='g++ -E'
ac_cv_prog_HAVE_JAVA_IN_PATH=yes
ac_cv_prog_HAVE_JVIEW_IN_PATH=yes
ac_cv_prog_INTLBISON=bison
ac_cv_prog_LN_S='cp -fp'
ac_cv_prog_YACC='bison -y'
ac_cv_prog_ac_ct_AR=ar
ac_cv_prog_ac_ct_AS=as
ac_cv_prog_ac_ct_CC=gcc
ac_cv_prog_ac_ct_DLLTOOL=dlltool
ac_cv_prog_ac_ct_F77=g77
ac_cv_prog_ac_ct_OBJDUMP=objdump
ac_cv_prog_ac_ct_RANLIB=ranlib
ac_cv_prog_ac_ct_STRIP=strip
ac_cv_prog_cc_g=yes
ac_cv_prog_cc_stdc=
ac_cv_prog_cxx_cross=no
ac_cv_prog_cxx_g=yes
ac_cv_prog_cxx_works=yes
ac_cv_prog_egrep='grep -E'
ac_cv_prog_f77_g=yes
ac_cv_prog_make_make_set=yes
ac_cv_search_opendir='none required'
ac_cv_search_strerror='none required'
ac_cv_sys_file_offset_bits=64
ac_cv_sys_large_files=1
ac_cv_sys_largefile_source=1
ac_cv_sys_long_file_names=yes
ac_cv_type__Bool=yes
ac_cv_type_long_long=yes
ac_cv_type_mbstate_t=yes
ac_cv_type_mode_t=yes
ac_cv_type_off_t=yes
ac_cv_type_pid_t=yes
ac_cv_type_ptrdiff_t=yes
ac_cv_type_sig_atomic_t=yes
ac_cv_type_size_t=yes
ac_cv_type_unsigned_long_long=yes
ac_cv_var_tzname=yes
ac_cv_working_alloca_h=yes
acl_cv_hardcode_direct=no
acl_cv_hardcode_libdir_flag_spec='${wl}-rpath ${wl}$libdir'
acl_cv_hardcode_libdir_separator=
acl_cv_hardcode_minus_L=no
acl_cv_libext=a
acl_cv_libpath=PATH
acl_cv_path_LD=ld
acl_cv_prog_gnu_ld=yes
acl_cv_rpath=done
acl_cv_shlibext=dll
acl_cv_shlibpath_var=PATH
acl_cv_wl=-Wl,
am_cv_CC_dependencies_compiler_type=none
am_cv_CXX_dependencies_compiler_type=none
am_cv_func_iconv=yes
am_cv_func_working_getline=yes
am_cv_langinfo_codeset=yes
am_cv_lib_iconv=no
am_cv_lispdir='${datadir}/emacs/site-lisp'
am_cv_proto_iconv='extern size_t iconv (iconv_t cd, const char * *inbuf, size_t *inbytesleft, char * *outbuf, size_t *outbytesleft);'
am_cv_proto_iconv_arg1=const
bh_cv_c_signed=yes
cl_cv_prog_LN='cp -fp'
cl_cv_prog_LN_S='cp -fp'
gl_cv_c_restrict=__restrict
gl_cv_func_getcwd_null=yes
gl_cv_func_malloc_0_nonnull=1
gl_cv_func_mbrtowc=yes
gl_cv_func_stpncpy=yes
gl_cv_header_inttypes_h=yes
gl_cv_header_stdint_h=yes
gt_cv_c_intmax_t=yes
gt_cv_c_long_double=yes
gt_cv_c_wchar_t=yes
gt_cv_c_wint_t=yes
gt_cv_func_CFLocaleCopyCurrent=no
gt_cv_func_CFPreferencesCopyAppValue=no
gt_cv_func_gnugettext2_libc=no
gt_cv_func_gnugettext2_libintl=yes
gt_cv_func_printf_posix=no
gt_cv_func_unsetenv_ret=int
gt_cv_header_inttypes_h=yes
gt_cv_int_divbyzero_sigfpe=yes
gt_cv_inttypes_pri_broken=no
gt_cv_locale_fr=none
gt_cv_locale_fr_utf8=none
gt_cv_prog_cxx_namespaces=yes
gt_cv_proto_setlocale='extern char *setlocale (int category, const char *locale);'
gt_cv_proto_setlocale_arg1=const
gt_cv_siginfo_t=no
gt_cv_socket_ipv6=no
gt_cv_ssize_t=yes
gt_cv_union_wait=no
gt_cv_val_LC_MESSAGES=yes
jm_cv_func_working_re_compile_pattern=no
lt_cv_deplibs_check_method='file_magic file format pei*-i386(.*architecture: i386)?'
lt_cv_file_magic_cmd='$OBJDUMP -f'
lt_cv_file_magic_test_file=
lt_cv_ld_reload_flag=-r
lt_cv_objdir=.libs
lt_cv_path_LD=ld
lt_cv_path_LDCXX=ld
lt_cv_path_NM=nm
lt_cv_path_SED=/usr/bin/sed
lt_cv_prog_compiler_c_o=yes
lt_cv_prog_compiler_c_o_CXX=yes
lt_cv_prog_compiler_c_o_F77=yes
lt_cv_prog_compiler_rtti_exceptions=no
lt_cv_prog_gnu_ld=yes
lt_cv_prog_gnu_ldcxx=yes
lt_cv_sys_global_symbol_pipe='sed -n -e '\''s/^.*[ 	]\([ABCDGIRSTW][ABCDGIRSTW]*\)[ 	][ 	]*_\([_A-Za-z][_A-Za-z0-9]*\)\{0,1\}$/\1 _\2 \2/p'\'''
lt_cv_sys_global_symbol_to_c_name_address='sed -n -e '\''s/^: \([^ ]*\) $/  {\"\1\", (lt_ptr) 0},/p'\'' -e '\''s/^[BCDEGRST] \([^ ]*\) \([^ ]*\)$/  {"\2", (lt_ptr) \&\2},/p'\'''
lt_cv_sys_global_symbol_to_cdecl='sed -n -e '\''s/^. .* \(.*\)$/extern int \1;/p'\'''
lt_cv_sys_max_cmd_len=8192
lt_lt_cv_prog_compiler_c_o='"yes"'
lt_lt_cv_prog_compiler_c_o_CXX='"yes"'
lt_lt_cv_prog_compiler_c_o_F77='"yes"'
lt_lt_cv_sys_global_symbol_pipe='"sed -n -e '\''s/^.*[ 	]\\([ABCDGIRSTW][ABCDGIRSTW]*\\)[ 	][ 	]*_\\([_A-Za-z][_A-Za-z0-9]*\\)\\{0,1\\}\$/\\1 _\\2 \\2/p'\''"'
lt_lt_cv_sys_global_symbol_to_c_name_address='"sed -n -e '\''s/^: \\([^ ]*\\) \$/  {\\\"\\1\\\", (lt_ptr) 0},/p'\'' -e '\''s/^[BCDEGRST] \\([^ ]*\\) \\([^ ]*\\)\$/  {\"\\2\", (lt_ptr) \\&\\2},/p'\''"'
lt_lt_cv_sys_global_symbol_to_cdecl='"sed -n -e '\''s/^. .* \\(.*\\)\$/extern int \\1;/p'\''"'
nls_cv_force_use_gnu_gettext=no
nls_cv_header_intl=
nls_cv_header_libgt=
nls_cv_use_gnu_gettext=yes

## ----------------- ##
## Output variables. ##
## ----------------- ##

ACLOCAL='${SHELL} /cygdrive/k/Devel/gettext/0.14.4/gettext-0.14.4-src/build-aux/missing --run aclocal-1.9'
ALLOCA=''
ALLOCA_H='alloca.h'
AMDEPBACKSLASH='\'
AMDEP_FALSE='#'
AMDEP_TRUE=''
AMTAR='${SHELL} /cygdrive/k/Devel/gettext/0.14.4/gettext-0.14.4-src/build-aux/missing --run tar'
AR='ar'
AS='as'
AUTOCONF='${SHELL} /cygdrive/k/Devel/gettext/0.14.4/gettext-0.14.4-src/build-aux/missing --run autoconf'
AUTOHEADER='${SHELL} /cygdrive/k/Devel/gettext/0.14.4/gettext-0.14.4-src/build-aux/missing --run autoheader'
AUTOMAKE='${SHELL} /cygdrive/k/Devel/gettext/0.14.4/gettext-0.14.4-src/build-aux/missing --run automake-1.9'
AWK='gawk'
BUILDCSHARP='no'
BUILDJAVA='no'
BUILDJAVAEXE='no'
BUILD_INCLUDED_LIBINTL='yes'
CATOBJEXT='.gmo'
CC='gcc'
CCDEPMODE='depmode=none'
CFLAGS=' -Wall -O3 -fms-extensions -mms-bitfields  -fno-exceptions -fomit-frame-pointer -march=i386 -mcpu=i686  '
CLASSPATH='E:\Program Files\Sleepycat Software\Berkeley DB 4.3.28\jar\dbexamples.jar;E:\Program Files\Sleepycat Software\Berkeley DB 4.3.28\jar\db.jar;E:\Program Files\Sleepycat Software\Berkeley DB 4.3.28\jar\debug\dbexamples.jar;E:\Program Files\Sleepycat Software\Berkeley DB 4.3.28\jar\debug\db.jar'
CLASSPATH_SEPARATOR=';'
CPP='gcc -E'
CPPFLAGS='  -D__GW32__ -D_LARGEFILE_SOURCE=1 -D_LARGEFILE64_SOURCE=1 -D_FILE_OFFSET_BITS=64 -D_MSC_VER    -idirafter e:/progra~1/gnuwin32/include -idirafter h:/glibc/include   '
CROSS_COMPILING='no'
CSHARP_CHOICE='any'
CXX='g++'
CXXCPP='g++ -E'
CXXDEPMODE='depmode=none'
CXXFLAGS='  -Wall -O3 -fms-extensions -mms-bitfields  -fno-exceptions -fomit-frame-pointer -march=i386 -mcpu=i686    -fconserve-space -fno-rtti  '
CYGPATH_W='cygpath -w'
DATADIRNAME='share'
DEFS='-DHAVE_CONFIG_H'
DEPDIR='.deps'
DLLTOOL='dlltool'
DVIPS='/cygdrive/h/tex/bin/win32/dvips'
ECHO='echo'
ECHO_C=''
ECHO_N='-n'
ECHO_T=''
EGREP='grep -E'
EMACS='no'
EMACSLOADPATH=''
EXEEXT='.exe'
F77='g77'
FFLAGS='-g -O2'
FNMATCH_H='fnmatch.h'
GCJ='none'
GCJFLAGS=''
GENCAT='gencat'
GETOPT_H='getopt.h'
GLIBC21='yes'
GLIBC2='yes'
GMSGFMT='/usr/bin/msgfmt'
HAVE_ASPRINTF='1'
HAVE_CSC=''
HAVE_CSCC=''
HAVE_CSCC_IN_PATH=''
HAVE_CSC_IN_PATH=''
HAVE_GCJ=''
HAVE_GCJ_C=''
HAVE_GCJ_IN_PATH=''
HAVE_GIJ=''
HAVE_GIJ_IN_PATH=''
HAVE_ILRUN=''
HAVE_ILRUN_IN_PATH=''
HAVE_JAVA='1'
HAVE_JAVAC=''
HAVE_JAVAC_IN_PATH=''
HAVE_JAVA_IN_PATH='yes'
HAVE_JIKES=''
HAVE_JIKES_IN_PATH=''
HAVE_JRE=''
HAVE_JRE_IN_PATH=''
HAVE_JVIEW=''
HAVE_JVIEW_IN_PATH='yes'
HAVE_LIBEXPAT='yes'
HAVE_MCS=''
HAVE_MCS_IN_PATH=''
HAVE_MONO=''
HAVE_MONO_IN_PATH=''
HAVE_POSIX_PRINTF='0'
HAVE_SNPRINTF='1'
HAVE_WPRINTF='0'
HAVE__BOOL='1'
INSTALL_DATA='/bin/install.exe -cp'
INSTALL_PROGRAM='$(top_builddir)/../../gettext-0.14.4-src/gettext-tools/../build-aux/install-reloc'
INSTALL_SCRIPT='${INSTALL}'
INSTALL_STRIP_PROGRAM='${SHELL} $(install_sh) -c -s'
INSTOBJEXT='.mo'
INTLBISON='bison'
INTLLIBS='${top_builddir}/intl/libintl.la '
INTLOBJS='$(GETTOBJS)'
INTL_LIBTOOL_SUFFIX_PREFIX='l'
INTL_MACOSX_LIBS=''
JAR=''
JAVA=''
JAVAC=''
LDFLAGS=' -Wl,-s -Wl,--force-exe-suffix -Wl,--enable-auto-import -Wl,--enable-runtime-pseudo-reloc -Wl,--allow-multiple-definition  '
LIBEXPAT='-lexpat'
LIBGREPOBJS=' regex.o'
LIBICONV=''
LIBINTL='${top_builddir}/intl/libintl.la '
LIBOBJS=' relocatable$U.o fnmatch$U.o getopt$U.o getopt1$U.o'
LIBS=' -Wl,-s  -Le:/progra~1/gnuwin32/lib -lgw32c  -liberty -liconv -lwsock32 -lole32 -luuid -lmsvcp60  '
LIBTOOL='$(SHELL) $(top_builddir)/libtool'
LN_S='ln -s'
LOCALE_FR='none'
LOCALE_FR_UTF8='none'
LTLIBEXPAT='-lexpat'
LTLIBICONV=''
LTLIBINTL='${top_builddir}/intl/libintl.la '
LTLIBOBJS=' relocatable$U.lo fnmatch$U.lo getopt$U.lo getopt1$U.lo'
MAKEINFO='${SHELL} /cygdrive/k/Devel/gettext/0.14.4/gettext-0.14.4-src/build-aux/missing --run makeinfo'
MKINSTALLDIRS='$(top_builddir)/../../gettext-0.14.4-src/gettext-tools/../build-aux/mkinstalldirs'
MONO_PATH=''
MONO_PATH_SEPARATOR=';'
MSGFMT='/usr/bin/msgfmt'
MSGMERGE='/usr/bin/msgmerge'
OBJDUMP='objdump'
OBJEXT='o'
PACKAGE='gettext-tools'
PACKAGE_BUGREPORT=''
PACKAGE_NAME=''
PACKAGE_STRING=''
PACKAGE_TARNAME=''
PACKAGE_VERSION=''
PATH_SEPARATOR=':'
PERL='/usr/bin/perl'
POSUB='po'
RANLIB='ranlib'
RELOCATABLE='yes'
RELOCATABLE_VIA_LD_FALSE=''
RELOCATABLE_VIA_LD_TRUE='#'
SET_MAKE=''
SET_RELOCATABLE='INSTALL_PROGRAM_ENV = RELOC_LIBRARY_PATH_VAR="PATH" RELOC_LIBRARY_PATH_VALUE="$(RELOCATABLE_LIBRARY_PATH)" RELOC_PREFIX="$(prefix)" RELOC_COMPILE_COMMAND="$(CC) $(CPPFLAGS) $(CFLAGS) $(LDFLAGS)" RELOC_SRCDIR="$(RELOCATABLE_SRC_DIR)" RELOC_BUILDDIR="$(RELOCATABLE_BUILD_DIR)" RELOC_CONFIG_H_DIR="$(RELOCATABLE_CONFIG_H_DIR)" RELOC_INSTALL_PROG="/bin/install.exe -cp"'
SHELL='/bin/sh'
STDBOOL_H=''
STRIP='strip'
TESTCSHARP='no'
TESTJAVA='no'
TESTLIBASPRINTF='no'
TEXI2PDF='/usr/bin/texi2pdf'
USE_INCLUDED_LIBINTL='yes'
USE_NLS='yes'
VERSION='0.14.4'
XGETTEXT=':'
YACC='bison -y'
ac_ct_AR='ar'
ac_ct_AS='as'
ac_ct_CC='gcc'
ac_ct_CXX=''
ac_ct_DLLTOOL='dlltool'
ac_ct_F77='g77'
ac_ct_OBJDUMP='objdump'
ac_ct_RANLIB='ranlib'
ac_ct_STRIP='strip'
aclocaldir='${datadir}/aclocal'
am__fastdepCC_FALSE=''
am__fastdepCC_TRUE='#'
am__fastdepCXX_FALSE=''
am__fastdepCXX_TRUE='#'
am__include='include'
am__leading_dot='.'
am__quote=''
am__tar='${AMTAR} chof - "$$tardir"'
am__untar='${AMTAR} xf -'
bindir='${exec_prefix}/bin'
build='i386-pc-mingw32'
build_alias='i386-pc-mingw32'
build_cpu='i386'
build_os='mingw32'
build_vendor='pc'
datadir='${prefix}/share'
docdir='${datadir}/doc/gettext'
exec_prefix='${prefix}'
host='i386-pc-mingw32'
host_alias='i386-pc-mingw32'
host_cpu='i386'
host_os='mingw32'
host_vendor='pc'
includedir='${prefix}/include'
infodir='${prefix}/info'
install_sh='/cygdrive/k/Devel/gettext/0.14.4/gettext-0.14.4-src/build-aux/install-sh'
libdir='${exec_prefix}/lib'
libexecdir='${exec_prefix}/libexec'
lispdir='${datadir}/emacs/site-lisp'
localedir='${datadir}/locale'
localstatedir='${prefix}/var'
mandir='${datadir}/man'
mkdir_p='mkdir -p --'
oldincludedir='/usr/include'
prefix='c:/progra~1/Gettext'
program_transform_name='s,$$,,;s,^,,;s/i386-pc-mingw32//'
sbindir='${exec_prefix}/sbin'
sharedstatedir='${prefix}/com'
sysconfdir='${prefix}/etc'
target_alias='i386-pc-mingw32'

## ----------- ##
## confdefs.h. ##
## ----------- ##

#define CLOSEDIR_VOID 1
#define ENABLE_NLS 1
#define ENABLE_RELOCATABLE 1
#define HAVE_ALLOCA 1
#define HAVE_ALLOCA_H 1
#define HAVE_ARGZ_H 1
#define HAVE_ARPA_INET_H 1
#define HAVE_ASPRINTF 1
#define HAVE_ATEXIT 1
#define HAVE_BTOWC 1
#define HAVE_BTOWC 1
#define HAVE_CANONICALIZE_FILE_NAME 1
#define HAVE_CHOWN 1
#define HAVE_DECL_CLEARERR_UNLOCKED 0
#define HAVE_DECL_FEOF_UNLOCKED 1
#define HAVE_DECL_FEOF_UNLOCKED 1
#define HAVE_DECL_FERROR_UNLOCKED 1
#define HAVE_DECL_FFLUSH_UNLOCKED 0
#define HAVE_DECL_FGETS_UNLOCKED 1
#define HAVE_DECL_FGETS_UNLOCKED 1
#define HAVE_DECL_FPUTC_UNLOCKED 1
#define HAVE_DECL_FPUTS_UNLOCKED 1
#define HAVE_DECL_FREAD_UNLOCKED 1
#define HAVE_DECL_FWRITE_UNLOCKED 1
#define HAVE_DECL_GETCHAR_UNLOCKED 1
#define HAVE_DECL_GETC_UNLOCKED 1
#define HAVE_DECL_GETC_UNLOCKED 1
#define HAVE_DECL_GETENV 1
#define HAVE_DECL_MBSWIDTH_IN_WCHAR_H 0
#define HAVE_DECL_PUTCHAR_UNLOCKED 1
#define HAVE_DECL_PUTC_UNLOCKED 1
#define HAVE_DECL_STRDUP 1
#define HAVE_DECL_STRERROR_R 0
#define HAVE_DECL_WCWIDTH 0
#define HAVE_DECL__SNPRINTF 1
#define HAVE_DECL__SNWPRINTF 1
#define HAVE_DIRENT_H 1
#define HAVE_DLFCN_H 1
#define HAVE_FWPRINTF 1
#define HAVE_GETCWD 1
#define HAVE_GETCWD 1
#define HAVE_GETEGID 1
#define HAVE_GETEUID 1
#define HAVE_GETGID 1
#define HAVE_GETHOSTBYNAME 1
#define HAVE_GETHOSTNAME 1
#define HAVE_GETOPT_H 1
#define HAVE_GETOPT_LONG_ONLY 1
#define HAVE_GETPAGESIZE 1
#define HAVE_GETUID 1
#define HAVE_ICONV 1
#define HAVE_INTMAX_T 1
#define HAVE_INTTYPES_H 1
#define HAVE_INTTYPES_H 1
#define HAVE_INTTYPES_H_WITH_UINTMAX 1
#define HAVE_ISASCII 1
#define HAVE_ISWCNTRL 1
#define HAVE_ISWPRINT 1
#define HAVE_LANGINFO_CODESET 1
#define HAVE_LC_MESSAGES 1
#define HAVE_LIBEXPAT 1
#define HAVE_LIMITS_H 1
#define HAVE_LIMITS_H 1
#define HAVE_LOCALE_H 1
#define HAVE_LOCALE_H 1
#define HAVE_LONG_DOUBLE 1
#define HAVE_LONG_FILE_NAMES 1
#define HAVE_LONG_LONG 1
#define HAVE_MALLOC_H 1
#define HAVE_MALLOC_H 1
#define HAVE_MBRTOWC 1
#define HAVE_MBRTOWC 1
#define HAVE_MBSINIT 1
#define HAVE_MBSRTOWCS 1
#define HAVE_MBSTATE_T 1
#define HAVE_MBSTATE_T 1
#define HAVE_MBSTATE_T 1
#define HAVE_MEMCHR 1
#define HAVE_MEMMOVE 1
#define HAVE_MEMORY_H 1
#define HAVE_MEMPCPY 1
#define HAVE_MEMPCPY 1
#define HAVE_MEMPCPY 1
#define HAVE_MEMSET 1
#define HAVE_MKDTEMP 1
#define HAVE_MUNMAP 1
#define HAVE_NL_TYPES_H 1
#define HAVE_PATHCONF 1
#define HAVE_POSIX_SIGNALBLOCKING 1
#define HAVE_PTRDIFF_T 1
#define HAVE_PUTENV 1
#define HAVE_PWD_H 1
#define HAVE_RAISE 1
#define HAVE_READLINK 1
#define HAVE_SETENV 1
#define HAVE_SETENV 1
#define HAVE_SETLOCALE 1
#define HAVE_SIG_ATOMIC_T 1
#define HAVE_SNPRINTF 1
#define HAVE_STDBOOL_H 1
#define HAVE_STDDEF_H 1
#define HAVE_STDINT_H 1
#define HAVE_STDINT_H 1
#define HAVE_STDINT_H 1
#define HAVE_STDINT_H_WITH_UINTMAX 1
#define HAVE_STDLIB_H 1
#define HAVE_STDLIB_H 1
#define HAVE_STDLIB_H 1
#define HAVE_STDLIB_H 1
#define HAVE_STDLIB_H 1
#define HAVE_STPCPY 1
#define HAVE_STPCPY 1
#define HAVE_STPNCPY 1
#define HAVE_STRCASECMP 1
#define HAVE_STRCASECMP 1
#define HAVE_STRCSPN 1
#define HAVE_STRDUP 1
#define HAVE_STRDUP 1
#define HAVE_STRERROR 1
#define HAVE_STRERROR 1
#define HAVE_STRERROR_R 1
#define HAVE_STRINGS_H 1
#define HAVE_STRING_H 1
#define HAVE_STRING_H 1
#define HAVE_STRING_H 1
#define HAVE_STRING_H 1
#define HAVE_STRING_H 1
#define HAVE_STRING_H 1
#define HAVE_STRNCASECMP 1
#define HAVE_STRPBRK 1
#define HAVE_STRSTR 1
#define HAVE_STRTOUL 1
#define HAVE_STRTOUL 1
#define HAVE_STRTOUL 1
#define HAVE_SYS_PARAM_H 1
#define HAVE_SYS_PARAM_H 1
#define HAVE_SYS_STAT_H 1
#define HAVE_SYS_TIME_H 1
#define HAVE_SYS_TYPES_H 1
#define HAVE_TSEARCH 1
#define HAVE_UINTMAX_T 1
#define HAVE_UNAME 1
#define HAVE_UNISTD_H 1
#define HAVE_UNISTD_H 1
#define HAVE_UNISTD_H 1
#define HAVE_UNISTD_H 1
#define HAVE_UNISTD_H 1
#define HAVE_UNISTD_H 1
#define HAVE_UNISTD_H 1
#define HAVE_UNSETENV 1
#define HAVE_UNSIGNED_LONG_LONG 1
#define HAVE_UTIME 1
#define HAVE_UTIMES 1
#define HAVE_UTIME_H 1
#define HAVE_VALUES_H 1
#define HAVE_VASPRINTF 1
#define HAVE_VPRINTF 1
#define HAVE_WAITID 1
#define HAVE_WAITPID 1
#define HAVE_WCHAR_H 1
#define HAVE_WCHAR_H 1
#define HAVE_WCHAR_T 1
#define HAVE_WCSLEN 1
#define HAVE_WCTYPE_H 1
#define HAVE_WCTYPE_H 1
#define HAVE_WCWIDTH 1
#define HAVE_WINT_T 1
#define HAVE_WMEMCHR 1
#define HAVE_WMEMCPY 1
#define HAVE__BOOL 1
#define HAVE___ARGZ_COUNT 1
#define HAVE___ARGZ_NEXT 1
#define HAVE___ARGZ_STRINGIFY 1
#define HAVE___FSETLOCKING 1
#define HAVE___SECURE_GETENV 1
#define ICONV_CONST const
#define INSTALLPREFIX "c:/progra~1/Gettext"
#define INTDIV0_RAISES_SIGFPE 1
#define MALLOC_0_IS_NONNULL 1
#define PACKAGE "gettext-tools"
#define PACKAGE_BUGREPORT ""
#define PACKAGE_NAME ""
#define PACKAGE_STRING ""
#define PACKAGE_TARNAME ""
#define PACKAGE_VERSION ""
#define SETLOCALE_CONST const
#define STDC_HEADERS 1
#define STDC_HEADERS 1
#define STRERROR_R_CHAR_P 1
#define USE_UNLOCKED_IO 1
#define VERSION "0.14.4"
#define _GNU_SOURCE 1
#define __EXTENSIONS__ 1
#define __GETOPT_PREFIX rpl_
#define eaccess access
#define fnmatch posix_fnmatch
#define restrict __restrict
#define vfork fork
#endif
#ifdef __cplusplus
extern "C" void std::exit (int) throw (); using std::exit;

configure: exit 0

## ---------------------- ##
## Running config.status. ##
## ---------------------- ##

This file was extended by config.status, which was
generated by GNU Autoconf 2.59.  Invocation command line was

  CONFIG_FILES    = 
  CONFIG_HEADERS  = 
  CONFIG_LINKS    = 
  CONFIG_COMMANDS = 
  $ ./config.status 

on gamma

config.status:847: creating Makefile
config.status:847: creating doc/Makefile
config.status:847: creating intl/Makefile
config.status:847: creating lib/Makefile
config.status:847: creating lib/javacomp.sh
config.status:847: creating lib/javaexec.sh
config.status:847: creating lib/csharpcomp.sh
config.status:847: creating lib/csharpexec.sh
config.status:847: creating libgrep/Makefile
config.status:847: creating libuniname/Makefile
config.status:847: creating src/Makefile
config.status:847: creating src/user-email
config.status:847: creating po/Makefile.in
config.status:847: creating projects/Makefile
config.status:847: creating misc/Makefile
config.status:847: creating misc/gettextize
config.status:847: creating misc/autopoint
config.status:847: creating man/Makefile
config.status:847: creating man/x-to-1
config.status:847: creating m4/Makefile
config.status:847: creating tests/Makefile
config.status:847: creating examples/Makefile
config.status:847: creating examples/installpaths
config.status:847: creating examples/po/Makefile
config.status:1209: creating config.h
config.status:1943: executing depfiles commands
config.status:1943: executing default-1 commands

## ---------------------- ##
## Running config.status. ##
## ---------------------- ##

This file was extended by config.status, which was
generated by GNU Autoconf 2.59.  Invocation command line was

  CONFIG_FILES    = 
  CONFIG_HEADERS  = 
  CONFIG_LINKS    = 
  CONFIG_COMMANDS = 
  $ ./config.status lib/Makefile

on gamma

config.status:847: creating lib/Makefile

## ---------------------- ##
## Running config.status. ##
## ---------------------- ##

This file was extended by config.status, which was
generated by GNU Autoconf 2.59.  Invocation command line was

  CONFIG_FILES    = 
  CONFIG_HEADERS  = 
  CONFIG_LINKS    = 
  CONFIG_COMMANDS = 
  $ ./config.status lib/Makefile

on gamma

config.status:847: creating lib/Makefile

## ---------------------- ##
## Running config.status. ##
## ---------------------- ##

This file was extended by config.status, which was
generated by GNU Autoconf 2.59.  Invocation command line was

  CONFIG_FILES    = 
  CONFIG_HEADERS  = 
  CONFIG_LINKS    = 
  CONFIG_COMMANDS = 
  $ ./config.status lib/Makefile

on gamma

config.status:847: creating lib/Makefile

## ---------------------- ##
## Running config.status. ##
## ---------------------- ##

This file was extended by config.status, which was
generated by GNU Autoconf 2.59.  Invocation command line was

  CONFIG_FILES    = 
  CONFIG_HEADERS  = 
  CONFIG_LINKS    = 
  CONFIG_COMMANDS = 
  $ ./config.status lib/Makefile

on gamma

config.status:847: creating lib/Makefile

## ---------------------- ##
## Running config.status. ##
## ---------------------- ##

This file was extended by config.status, which was
generated by GNU Autoconf 2.59.  Invocation command line was

  CONFIG_FILES    = 
  CONFIG_HEADERS  = 
  CONFIG_LINKS    = 
  CONFIG_COMMANDS = 
  $ ./config.status lib/Makefile

on gamma

config.status:847: creating lib/Makefile

## ---------------------- ##
## Running config.status. ##
## ---------------------- ##

This file was extended by config.status, which was
generated by GNU Autoconf 2.59.  Invocation command line was

  CONFIG_FILES    = 
  CONFIG_HEADERS  = 
  CONFIG_LINKS    = 
  CONFIG_COMMANDS = 
  $ ./config.status lib/Makefile

on gamma

config.status:847: creating lib/Makefile

## ---------------------- ##
## Running config.status. ##
## ---------------------- ##

This file was extended by config.status, which was
generated by GNU Autoconf 2.59.  Invocation command line was

  CONFIG_FILES    = 
  CONFIG_HEADERS  = 
  CONFIG_LINKS    = 
  CONFIG_COMMANDS = 
  $ ./config.status src/Makefile

on gamma

config.status:847: creating src/Makefile

## ---------------------- ##
## Running config.status. ##
## ---------------------- ##

This file was extended by config.status, which was
generated by GNU Autoconf 2.59.  Invocation command line was

  CONFIG_FILES    = 
  CONFIG_HEADERS  = 
  CONFIG_LINKS    = 
  CONFIG_COMMANDS = 
  $ ./config.status src/Makefile

on gamma

config.status:847: creating src/Makefile

## ---------------------- ##
## Running config.status. ##
## ---------------------- ##

This file was extended by config.status, which was
generated by GNU Autoconf 2.59.  Invocation command line was

  CONFIG_FILES    = 
  CONFIG_HEADERS  = 
  CONFIG_LINKS    = 
  CONFIG_COMMANDS = 
  $ ./config.status src/Makefile

on gamma

config.status:847: creating src/Makefile

## ---------------------- ##
## Running config.status. ##
## ---------------------- ##

This file was extended by config.status, which was
generated by GNU Autoconf 2.59.  Invocation command line was

  CONFIG_FILES    = 
  CONFIG_HEADERS  = 
  CONFIG_LINKS    = 
  CONFIG_COMMANDS = 
  $ ./config.status tests/Makefile

on gamma

config.status:847: creating tests/Makefile

## ---------------------- ##
## Running config.status. ##
## ---------------------- ##

This file was extended by config.status, which was
generated by GNU Autoconf 2.59.  Invocation command line was

  CONFIG_FILES    = 
  CONFIG_HEADERS  = 
  CONFIG_LINKS    = 
  CONFIG_COMMANDS = 
  $ ./config.status src/Makefile

on gamma

config.status:847: creating src/Makefile

## ---------------------- ##
## Running config.status. ##
## ---------------------- ##

This file was extended by config.status, which was
generated by GNU Autoconf 2.59.  Invocation command line was

  CONFIG_FILES    = 
  CONFIG_HEADERS  = 
  CONFIG_LINKS    = 
  CONFIG_COMMANDS = 
  $ ./config.status src/Makefile

on gamma

config.status:847: creating src/Makefile
