This file contains any messages produced by compilers while
running configure, to aid debugging if configure makes a mistake.

It was created by configure, which was
generated by GNU Autoconf 2.59.  Invocation command line was

  $ ../../gettext-0.14.4-src/gettext-runtime/configure --prefix=c:/progra~1/Gettext --prefix=c:/progra~1/Gettext --srcdir=../gettext-0.14.4-src --disable-static --enable-shared --enable-relocatable --disable-libasprintf --cache-file=/dev/null --srcdir=../../gettext-0.14.4-src/gettext-runtime

## --------- ##
## Platform. ##
## --------- ##

hostname = gamma
uname -m = i686
uname -r = 1.5.16(0.128/4/2)
uname -s = CYGWIN_NT-5.1
uname -v = 2005-04-25 20:26

/usr/bin/uname -p = unknown
/bin/uname -X     = unknown

/bin/arch              = unknown
/usr/bin/arch -k       = unknown
/usr/convex/getsysinfo = unknown
hostinfo               = unknown
/bin/machine           = unknown
/usr/bin/oslevel       = unknown
/bin/universe          = unknown

PATH: /cygdrive/h/mingw/3.3.1/bin
PATH: /usr/bin
PATH: /usr/local/bin
PATH: /cygdrive/e/util
PATH: /cygdrive/e/program files/gnuwin32/bin
PATH: /cygdrive/h/mingw/3.3.1/bin
PATH: /cygdrive/h/tex/bin/win32
PATH: /usr/bin
PATH: /cygdrive/c/WINDOWS/system32
PATH: /cygdrive/c/WINDOWS
PATH: /cygdrive/c/WINDOWS/System32/Wbem
PATH: /cygdrive/h/SFU/common/
PATH: /cygdrive/e/PROGRA~1/CvsNT
PATH: /cygdrive/e/Program Files/Sleepycat Software/Berkeley DB 4.3.28/bin
PATH: /cygdrive/e/Program Files/Sleepycat Software/Berkeley DB 4.3.28/bin/debug


## ----------- ##
## Core tests. ##
## ----------- ##

configure:1410: loading site script k:/config.site
| # These two variables are required, otherwise looking for
| # programs along the PATH will not work.
| PATH_SEPARATOR=:
| PATH_EXPAND=y
| PWD=`pwd.sh`
| 
| # This is required in for "test -f foo" to find foo.exe
| export TEST_FINDS_EXE=y
| 
| # Install programs
| INSTALL=${INSTALL:='/bin/install.exe -cp'}
| INSTALL_DATA=${INSTALL_DATA:='/bin/install.exe -cp'}
| INSTALL_PROGRAM=${INSTALL_PROGRAM:='/bin/install.exe -cp'}
| 
| # Do not detect fork even if a stub is provided
| ac_cv_func_fork=no
| ac_cv_func_vfork=no
| 
| ac_cv_func_fchdir=no
| 
| # Detect socket functions 
| ac_cv_func_gethostbyname=${ac_cv_func_gethostbyname:=yes}
| ac_cv_func_inet_ntoa=${ac_cv_func_inet_ntoa:=yes}
| ac_cv_func_gethostbyaddr=${ac_cv_func_gethostbyaddr:=yes}
| ac_cv_func_gethostname=${ac_cv_func_gethostname:=yes}
| ac_cv_func_connect=${ac_cv_func_connect:=yes}
| 
| ac_cv_func_ftruncate=${ac_cv_func_ftruncate:=yes}
| ac_cv_func_mkstemp=${ac_cv_func_mkstemp:=yes}
| ac_cv_var_tzname=${ac_cv_var_tzname:=yes}
| ac_cv_func_working_mktime=${ac_cv_func_working_mktime:=yes}
| 
| ac_cv_sys_file_offset_bits=${ac_cv_sys_file_offset_bits:=64}
| ac_cv_sys_large_files=${ac_cv_sys_large_files:=1}
| ac_cv_sys_largefile_source=${ac_cv_sys_largefile_source:=1}
| enable_largefile=${enable_largefile:=yes}
| 
| gl_cv_func_getcwd_null=${gl_cv_func_getcwd_null:=yes}
| 
| # These are set here so the generated libtool will be good
| # for every installation, not only the one where the
| # package was configured.
| NM=${NM='nm'}
| LD=${LD='ld'}
| 
| # Force the test for 'ln -s' to report 'cp -fp'.
| ac_cv_prog_LN_S=${ac_cv_prog_LN_S:='cp -fp'}
| cl_cv_prog_LN=${cl_cv_prog_LN:='cp -fp'}
| cl_cv_prog_LN_S=${cl_cv_prog_LN_S:='cp -fp'}
| LN_S=${LN_S:='cp -fp'}
| LN=${LN:='cp -fp'}
| 
| ac_executable_extensions=${ac_executable_extensions:='.exe'}
| EXEEXT=${EXEEXT:='.exe'}
| EXE=${EXE:='.exe'}
| exeext=${exeext:='.exe'}
| 
| CC=${CC:=gcc}
| CXX=${CXX:=g++}
| #HOST_CC=gcc
| 
| GLIBCINCDIR=${GLIBCINCDIR=h:/glibc/include}
| if [ "$GLIBCINCDIR" != "" ]; then
| 	GLIBCINCL="-idirafter $GLIBCINCDIR"
| fi
| GNUWIN32DIR=${GNUWIN32DIR=e:/progra~1/gnuwin32}
| if [ "$GNUWIN32DIR" != "" ]; then
| 	GNUWIN32INCL="-idirafter $GNUWIN32DIR/include"
| 	GNUWIN32LIBS="-L$GNUWIN32DIR/lib -lgw32c"
| else
| 	enable_nls=no
| fi
| 
| STDEFS=${STDEFS=-D__GW32__ -D_LARGEFILE_SOURCE=1 -D_LARGEFILE64_SOURCE=1 -D_FILE_OFFSET_BITS=64}
| # -D__GTHREAD_HIDE_WIN32API
| DEFS=${DEFS= $STDEFS $DEFSPLUS }
| DEFINES=${DEFINES= $DEFS $DEFINESPLUS }
| INCLUDES=${INCLUDES= $INCLUDESPLUS $GNUWIN32INCL $GLIBCINCL }
| STCFLAGS=${STCFLAGS=-Wall -O3 -fms-extensions -mms-bitfields  -fno-exceptions -fomit-frame-pointer -march=i386 -mcpu=i686}
| CFLAGS=${CFLAGS= $STCFLAGS $CFLAGSPLUS }
| # -fnative-struct 
| 
| CXXFLAGS=${CXXFLAGS= $CFLAGS  -fconserve-space -fno-rtti $CXXFLAGSPLUS }
| CPPFLAGS=${CPPFLAGS= $DEFS $INCLUDES $CPPFLAGSPLUS }
| 
| STLDFLAGS=${STLDFLAGS=-Wl,-s -Wl,--force-exe-suffix -Wl,--enable-auto-import -Wl,--enable-runtime-pseudo-reloc -Wl,--allow-multiple-definition}
| LDFLAGS=${LDFLAGS= $STLDFLAGS $LDFLAGSPLUS }
| STLIBS=${STLIBS=$GNUWIN32LIBS  -liberty -lintl -liconv -lwsock32 -lole32 -luuid -lmsvcp60 }
| LIBS=${LIBS= -Wl,-s $LIBSPLUS $STLIBS }
| # 
| 
| host=${host:='i386-pc-mingw32'}
| build=${build:=$host}
| target=${target:=$host}
| host_alias=${host_alias:=$host}
| build_alias=${build_alias:=$build}
| target_alias=${target_alias:=$target}
| # The default values for transforming the program names cannot be the same
| # as the autoconf variables since these are set by configure before
| # config.site is read
| program_transform_name=${prog_transform_name:='s/i386-pc-mingw32//'}
| program_prefix=${prog_prefix:=''}
| program_suffix=${prog_suffix:=''}
| 
| # the following lines should ensure that NLS is used
| # by means of separate libintl instead of
| # the libintl provided with the package
| with_included_gettext=${with_included_gettext:=no}
| enable_nls=${enable_nls:=yes}
| nls_cv_use_gnu_gettext=${nls_cv_use_gnu_gettext:=yes}
| USE_NLS=${USE_NLS:=yes}
| LIBINTL=${LIBINTL:=' -lintl '}
| LTLIBINTL=${LTLIBINTL:=' -lintl '}
| BUILD_INCLUDED_LIBINTL=${BUILD_INCLUDED_LIBINTL:=no}
| USE_INCLUDED_LIBINTL=${USE_INCLUDED_LIBINTL:=no}
| 
| test "$prefix" = NONE && prefix=$PACKAGE_TARNAME
| prefix=${prefix:=c:/progra~1/GnuWin32}
configure:1550: checking for a BSD-compatible install
configure:1605: result: /bin/install.exe -cp
configure:1616: checking whether build environment is sane
configure:1659: result: yes
configure:1724: checking for gawk
configure:1740: found /usr/bin/gawk
configure:1750: result: gawk
configure:1760: checking whether make sets $(MAKE)
configure:1780: result: yes
configure:2001: checking for gcc
configure:2027: result: gcc
configure:2271: checking for C compiler version
configure:2274: gcc --version </dev/null >&5
gcc.exe (GCC) 3.3.1 (mingw special 20030804-1)
Copyright (C) 2003 Free Software Foundation, Inc.
This is free software; see the source for copying conditions.  There is NO
warranty; not even for MERCHANTABILITY or FITNESS FOR A PARTICULAR PURPOSE.

configure:2277: $? = 0
configure:2279: gcc -v </dev/null >&5
Reading specs from h:/mingw/3.3.1/bin/../lib/gcc-lib/mingw32/3.3.1/specs
Configured with: ../gcc/configure --with-gcc --with-gnu-ld --with-gnu-as --host=mingw32 --target=mingw32 --prefix=/mingw --enable-threads --disable-nls --enable-languages=c,c++,f77,objc,ada,java --disable-win32-registry --disable-shared --enable-sjlj-exceptions --enable-libgcj --disable-java-awt --without-x --enable-java-gc=boehm --disable-libgcj-debug --enable-interpreter --enable-hash-synchronization
Thread model: win32
gcc version 3.3.1 (mingw special 20030804-1)
configure:2282: $? = 0
configure:2284: gcc -V </dev/null >&5
gcc.exe: `-V' option must have argument
configure:2287: $? = 1
configure:2310: checking for C compiler default output file name
configure:2313: gcc  -Wall -O3 -fms-extensions -mms-bitfields  -fno-exceptions -fomit-frame-pointer -march=i386 -mcpu=i686     -D__GW32__ -D_LARGEFILE_SOURCE=1 -D_LARGEFILE64_SOURCE=1 -D_FILE_OFFSET_BITS=64 -D_MSC_VER    -idirafter e:/progra~1/gnuwin32/include -idirafter h:/glibc/include     -Wl,-s -Wl,--force-exe-suffix -Wl,--enable-auto-import -Wl,--enable-runtime-pseudo-reloc -Wl,--allow-multiple-definition   conftest.c  -Wl,-s  -Le:/progra~1/gnuwin32/lib -lgw32c  -liberty -lintl -liconv -lwsock32 -lole32 -luuid -lmsvcp60   >&5
configure:2316: $? = 0
configure:2362: result: a.exe
configure:2367: checking whether the C compiler works
configure:2373: ./a.exe
configure:2376: $? = 0
configure:2393: result: yes
configure:2400: checking whether we are cross compiling
configure:2402: result: no
configure:2405: checking for suffix of executables
configure:2407: gcc -o conftest.exe  -Wall -O3 -fms-extensions -mms-bitfields  -fno-exceptions -fomit-frame-pointer -march=i386 -mcpu=i686     -D__GW32__ -D_LARGEFILE_SOURCE=1 -D_LARGEFILE64_SOURCE=1 -D_FILE_OFFSET_BITS=64 -D_MSC_VER    -idirafter e:/progra~1/gnuwin32/include -idirafter h:/glibc/include     -Wl,-s -Wl,--force-exe-suffix -Wl,--enable-auto-import -Wl,--enable-runtime-pseudo-reloc -Wl,--allow-multiple-definition   conftest.c  -Wl,-s  -Le:/progra~1/gnuwin32/lib -lgw32c  -liberty -lintl -liconv -lwsock32 -lole32 -luuid -lmsvcp60   >&5
configure:2410: $? = 0
configure:2435: result: .exe
configure:2441: checking for suffix of object files
configure:2462: gcc -c  -Wall -O3 -fms-extensions -mms-bitfields  -fno-exceptions -fomit-frame-pointer -march=i386 -mcpu=i686     -D__GW32__ -D_LARGEFILE_SOURCE=1 -D_LARGEFILE64_SOURCE=1 -D_FILE_OFFSET_BITS=64 -D_MSC_VER    -idirafter e:/progra~1/gnuwin32/include -idirafter h:/glibc/include    conftest.c >&5
configure:2465: $? = 0
configure:2487: result: o
configure:2491: checking whether we are using the GNU C compiler
configure:2515: gcc -c  -Wall -O3 -fms-extensions -mms-bitfields  -fno-exceptions -fomit-frame-pointer -march=i386 -mcpu=i686     -D__GW32__ -D_LARGEFILE_SOURCE=1 -D_LARGEFILE64_SOURCE=1 -D_FILE_OFFSET_BITS=64 -D_MSC_VER    -idirafter e:/progra~1/gnuwin32/include -idirafter h:/glibc/include    conftest.c >&5
configure:2521: $? = 0
configure:2525: test -z 
			 || test ! -s conftest.err
configure:2528: $? = 0
configure:2531: test -s conftest.o
configure:2534: $? = 0
configure:2547: result: yes
configure:2553: checking whether gcc accepts -g
configure:2574: gcc -c -g   -D__GW32__ -D_LARGEFILE_SOURCE=1 -D_LARGEFILE64_SOURCE=1 -D_FILE_OFFSET_BITS=64 -D_MSC_VER    -idirafter e:/progra~1/gnuwin32/include -idirafter h:/glibc/include    conftest.c >&5
configure:2580: $? = 0
configure:2584: test -z 
			 || test ! -s conftest.err
configure:2587: $? = 0
configure:2590: test -s conftest.o
configure:2593: $? = 0
configure:2604: result: yes
configure:2621: checking for gcc option to accept ANSI C
configure:2691: gcc  -c  -Wall -O3 -fms-extensions -mms-bitfields  -fno-exceptions -fomit-frame-pointer -march=i386 -mcpu=i686     -D__GW32__ -D_LARGEFILE_SOURCE=1 -D_LARGEFILE64_SOURCE=1 -D_FILE_OFFSET_BITS=64 -D_MSC_VER    -idirafter e:/progra~1/gnuwin32/include -idirafter h:/glibc/include    conftest.c >&5
configure:2697: $? = 0
configure:2701: test -z 
			 || test ! -s conftest.err
configure:2704: $? = 0
configure:2707: test -s conftest.o
configure:2710: $? = 0
configure:2728: result: none needed
configure:2746: gcc -c  -Wall -O3 -fms-extensions -mms-bitfields  -fno-exceptions -fomit-frame-pointer -march=i386 -mcpu=i686     -D__GW32__ -D_LARGEFILE_SOURCE=1 -D_LARGEFILE64_SOURCE=1 -D_FILE_OFFSET_BITS=64 -D_MSC_VER    -idirafter e:/progra~1/gnuwin32/include -idirafter h:/glibc/include    conftest.c >&5
conftest.c:2: error: parse error before "me"
configure:2752: $? = 1
configure: failed program was:
| #ifndef __cplusplus
|   choke me
| #endif
configure:2896: checking for style of include used by make
configure:2924: result: GNU
configure:2952: checking dependency style of gcc
configure:3042: result: none
configure:3072: checking for a BSD-compatible install
configure:3127: result: /bin/install.exe -cp
configure:3142: checking for bison
configure:3158: found /usr/bin/bison
configure:3168: result: bison -y
configure:3186: checking how to run the C preprocessor
configure:3221: gcc -E   -D__GW32__ -D_LARGEFILE_SOURCE=1 -D_LARGEFILE64_SOURCE=1 -D_FILE_OFFSET_BITS=64 -D_MSC_VER    -idirafter e:/progra~1/gnuwin32/include -idirafter h:/glibc/include    conftest.c
configure:3227: $? = 0
configure:3259: gcc -E   -D__GW32__ -D_LARGEFILE_SOURCE=1 -D_LARGEFILE64_SOURCE=1 -D_FILE_OFFSET_BITS=64 -D_MSC_VER    -idirafter e:/progra~1/gnuwin32/include -idirafter h:/glibc/include    conftest.c
conftest.c:11:28: ac_nonexistent.h: No such file or directory
configure:3265: $? = 1
configure: failed program was:
| /* confdefs.h.  */
| 
| #define PACKAGE_NAME ""
| #define PACKAGE_TARNAME ""
| #define PACKAGE_VERSION ""
| #define PACKAGE_STRING ""
| #define PACKAGE_BUGREPORT ""
| #define PACKAGE "gettext-runtime"
| #define VERSION "0.14.4"
| /* end confdefs.h.  */
| #include <ac_nonexistent.h>
configure:3304: result: gcc -E
configure:3328: gcc -E   -D__GW32__ -D_LARGEFILE_SOURCE=1 -D_LARGEFILE64_SOURCE=1 -D_FILE_OFFSET_BITS=64 -D_MSC_VER    -idirafter e:/progra~1/gnuwin32/include -idirafter h:/glibc/include    conftest.c
configure:3334: $? = 0
configure:3366: gcc -E   -D__GW32__ -D_LARGEFILE_SOURCE=1 -D_LARGEFILE64_SOURCE=1 -D_FILE_OFFSET_BITS=64 -D_MSC_VER    -idirafter e:/progra~1/gnuwin32/include -idirafter h:/glibc/include    conftest.c
conftest.c:11:28: ac_nonexistent.h: No such file or directory
configure:3372: $? = 1
configure: failed program was:
| /* confdefs.h.  */
| 
| #define PACKAGE_NAME ""
| #define PACKAGE_TARNAME ""
| #define PACKAGE_VERSION ""
| #define PACKAGE_STRING ""
| #define PACKAGE_BUGREPORT ""
| #define PACKAGE "gettext-runtime"
| #define VERSION "0.14.4"
| /* end confdefs.h.  */
| #include <ac_nonexistent.h>
configure:3416: checking for egrep
configure:3426: result: grep -E
configure:3432: checking for Java compiler
configure:3612: result: no
configure:3623: checking for jar
configure:3652: result: no
configure:3664: checking for preferred C# implementation
configure:3674: result: any
configure:3695: checking for C# compiler
configure:3828: result: no
configure:3847: checking build system type
configure:3865: result: i386-pc-mingw32
configure:3873: checking host system type
configure:3887: result: i386-pc-mingw32
configure:3896: checking for library containing strerror
configure:3926: gcc -o conftest.exe  -Wall -O3 -fms-extensions -mms-bitfields  -fno-exceptions -fomit-frame-pointer -march=i386 -mcpu=i686     -D__GW32__ -D_LARGEFILE_SOURCE=1 -D_LARGEFILE64_SOURCE=1 -D_FILE_OFFSET_BITS=64 -D_MSC_VER    -idirafter e:/progra~1/gnuwin32/include -idirafter h:/glibc/include     -Wl,-s -Wl,--force-exe-suffix -Wl,--enable-auto-import -Wl,--enable-runtime-pseudo-reloc -Wl,--allow-multiple-definition   conftest.c  -Wl,-s  -Le:/progra~1/gnuwin32/lib -lgw32c  -liberty -lintl -liconv -lwsock32 -lole32 -luuid -lmsvcp60   >&5
configure:3932: $? = 0
configure:3936: test -z 
			 || test ! -s conftest.err
configure:3939: $? = 0
configure:3942: test -s conftest.exe
configure:3945: $? = 0
configure:4015: result: none required
configure:4033: checking for AIX
configure:4055: result: no
configure:4061: checking for ANSI C header files
configure:4086: gcc -c  -Wall -O3 -fms-extensions -mms-bitfields  -fno-exceptions -fomit-frame-pointer -march=i386 -mcpu=i686     -D__GW32__ -D_LARGEFILE_SOURCE=1 -D_LARGEFILE64_SOURCE=1 -D_FILE_OFFSET_BITS=64 -D_MSC_VER    -idirafter e:/progra~1/gnuwin32/include -idirafter h:/glibc/include    conftest.c >&5
configure:4092: $? = 0
configure:4096: test -z 
			 || test ! -s conftest.err
configure:4099: $? = 0
configure:4102: test -s conftest.o
configure:4105: $? = 0
configure:4191: gcc -o conftest.exe  -Wall -O3 -fms-extensions -mms-bitfields  -fno-exceptions -fomit-frame-pointer -march=i386 -mcpu=i686     -D__GW32__ -D_LARGEFILE_SOURCE=1 -D_LARGEFILE64_SOURCE=1 -D_FILE_OFFSET_BITS=64 -D_MSC_VER    -idirafter e:/progra~1/gnuwin32/include -idirafter h:/glibc/include     -Wl,-s -Wl,--force-exe-suffix -Wl,--enable-auto-import -Wl,--enable-runtime-pseudo-reloc -Wl,--allow-multiple-definition   conftest.c  -Wl,-s  -Le:/progra~1/gnuwin32/lib -lgw32c  -liberty -lintl -liconv -lwsock32 -lole32 -luuid -lmsvcp60   >&5
conftest.c: In function `main':
conftest.c:29: warning: implicit declaration of function `exit'
configure:4194: $? = 0
configure:4196: ./conftest.exe
configure:4199: $? = 0
configure:4214: result: yes
configure:4238: checking for sys/types.h
configure:4254: gcc -c  -Wall -O3 -fms-extensions -mms-bitfields  -fno-exceptions -fomit-frame-pointer -march=i386 -mcpu=i686     -D__GW32__ -D_LARGEFILE_SOURCE=1 -D_LARGEFILE64_SOURCE=1 -D_FILE_OFFSET_BITS=64 -D_MSC_VER    -idirafter e:/progra~1/gnuwin32/include -idirafter h:/glibc/include    conftest.c >&5
configure:4260: $? = 0
configure:4264: test -z 
			 || test ! -s conftest.err
configure:4267: $? = 0
configure:4270: test -s conftest.o
configure:4273: $? = 0
configure:4284: result: yes
configure:4238: checking for sys/stat.h
configure:4254: gcc -c  -Wall -O3 -fms-extensions -mms-bitfields  -fno-exceptions -fomit-frame-pointer -march=i386 -mcpu=i686     -D__GW32__ -D_LARGEFILE_SOURCE=1 -D_LARGEFILE64_SOURCE=1 -D_FILE_OFFSET_BITS=64 -D_MSC_VER    -idirafter e:/progra~1/gnuwin32/include -idirafter h:/glibc/include    conftest.c >&5
configure:4260: $? = 0
configure:4264: test -z 
			 || test ! -s conftest.err
configure:4267: $? = 0
configure:4270: test -s conftest.o
configure:4273: $? = 0
configure:4284: result: yes
configure:4238: checking for stdlib.h
configure:4254: gcc -c  -Wall -O3 -fms-extensions -mms-bitfields  -fno-exceptions -fomit-frame-pointer -march=i386 -mcpu=i686     -D__GW32__ -D_LARGEFILE_SOURCE=1 -D_LARGEFILE64_SOURCE=1 -D_FILE_OFFSET_BITS=64 -D_MSC_VER    -idirafter e:/progra~1/gnuwin32/include -idirafter h:/glibc/include    conftest.c >&5
configure:4260: $? = 0
configure:4264: test -z 
			 || test ! -s conftest.err
configure:4267: $? = 0
configure:4270: test -s conftest.o
configure:4273: $? = 0
configure:4284: result: yes
configure:4238: checking for string.h
configure:4254: gcc -c  -Wall -O3 -fms-extensions -mms-bitfields  -fno-exceptions -fomit-frame-pointer -march=i386 -mcpu=i686     -D__GW32__ -D_LARGEFILE_SOURCE=1 -D_LARGEFILE64_SOURCE=1 -D_FILE_OFFSET_BITS=64 -D_MSC_VER    -idirafter e:/progra~1/gnuwin32/include -idirafter h:/glibc/include    conftest.c >&5
configure:4260: $? = 0
configure:4264: test -z 
			 || test ! -s conftest.err
configure:4267: $? = 0
configure:4270: test -s conftest.o
configure:4273: $? = 0
configure:4284: result: yes
configure:4238: checking for memory.h
configure:4254: gcc -c  -Wall -O3 -fms-extensions -mms-bitfields  -fno-exceptions -fomit-frame-pointer -march=i386 -mcpu=i686     -D__GW32__ -D_LARGEFILE_SOURCE=1 -D_LARGEFILE64_SOURCE=1 -D_FILE_OFFSET_BITS=64 -D_MSC_VER    -idirafter e:/progra~1/gnuwin32/include -idirafter h:/glibc/include    conftest.c >&5
configure:4260: $? = 0
configure:4264: test -z 
			 || test ! -s conftest.err
configure:4267: $? = 0
configure:4270: test -s conftest.o
configure:4273: $? = 0
configure:4284: result: yes
configure:4238: checking for strings.h
configure:4254: gcc -c  -Wall -O3 -fms-extensions -mms-bitfields  -fno-exceptions -fomit-frame-pointer -march=i386 -mcpu=i686     -D__GW32__ -D_LARGEFILE_SOURCE=1 -D_LARGEFILE64_SOURCE=1 -D_FILE_OFFSET_BITS=64 -D_MSC_VER    -idirafter e:/progra~1/gnuwin32/include -idirafter h:/glibc/include    conftest.c >&5
configure:4260: $? = 0
configure:4264: test -z 
			 || test ! -s conftest.err
configure:4267: $? = 0
configure:4270: test -s conftest.o
configure:4273: $? = 0
configure:4284: result: yes
configure:4238: checking for inttypes.h
configure:4254: gcc -c  -Wall -O3 -fms-extensions -mms-bitfields  -fno-exceptions -fomit-frame-pointer -march=i386 -mcpu=i686     -D__GW32__ -D_LARGEFILE_SOURCE=1 -D_LARGEFILE64_SOURCE=1 -D_FILE_OFFSET_BITS=64 -D_MSC_VER    -idirafter e:/progra~1/gnuwin32/include -idirafter h:/glibc/include    conftest.c >&5
configure:4260: $? = 0
configure:4264: test -z 
			 || test ! -s conftest.err
configure:4267: $? = 0
configure:4270: test -s conftest.o
configure:4273: $? = 0
configure:4284: result: yes
configure:4238: checking for stdint.h
configure:4254: gcc -c  -Wall -O3 -fms-extensions -mms-bitfields  -fno-exceptions -fomit-frame-pointer -march=i386 -mcpu=i686     -D__GW32__ -D_LARGEFILE_SOURCE=1 -D_LARGEFILE64_SOURCE=1 -D_FILE_OFFSET_BITS=64 -D_MSC_VER    -idirafter e:/progra~1/gnuwin32/include -idirafter h:/glibc/include    conftest.c >&5
configure:4260: $? = 0
configure:4264: test -z 
			 || test ! -s conftest.err
configure:4267: $? = 0
configure:4270: test -s conftest.o
configure:4273: $? = 0
configure:4284: result: yes
configure:4238: checking for unistd.h
configure:4254: gcc -c  -Wall -O3 -fms-extensions -mms-bitfields  -fno-exceptions -fomit-frame-pointer -march=i386 -mcpu=i686     -D__GW32__ -D_LARGEFILE_SOURCE=1 -D_LARGEFILE64_SOURCE=1 -D_FILE_OFFSET_BITS=64 -D_MSC_VER    -idirafter e:/progra~1/gnuwin32/include -idirafter h:/glibc/include    conftest.c >&5
configure:4260: $? = 0
configure:4264: test -z 
			 || test ! -s conftest.err
configure:4267: $? = 0
configure:4270: test -s conftest.o
configure:4273: $? = 0
configure:4284: result: yes
configure:4306: checking minix/config.h usability
configure:4318: gcc -c  -Wall -O3 -fms-extensions -mms-bitfields  -fno-exceptions -fomit-frame-pointer -march=i386 -mcpu=i686     -D__GW32__ -D_LARGEFILE_SOURCE=1 -D_LARGEFILE64_SOURCE=1 -D_FILE_OFFSET_BITS=64 -D_MSC_VER    -idirafter e:/progra~1/gnuwin32/include -idirafter h:/glibc/include    conftest.c >&5
conftest.c:56:26: minix/config.h: No such file or directory
configure:4324: $? = 1
configure: failed program was:
| /* confdefs.h.  */
| 
| #define PACKAGE_NAME ""
| #define PACKAGE_TARNAME ""
| #define PACKAGE_VERSION ""
| #define PACKAGE_STRING ""
| #define PACKAGE_BUGREPORT ""
| #define PACKAGE "gettext-runtime"
| #define VERSION "0.14.4"
| #define _GNU_SOURCE 1
| #define STDC_HEADERS 1
| #define HAVE_SYS_TYPES_H 1
| #define HAVE_SYS_STAT_H 1
| #define HAVE_STDLIB_H 1
| #define HAVE_STRING_H 1
| #define HAVE_MEMORY_H 1
| #define HAVE_STRINGS_H 1
| #define HAVE_INTTYPES_H 1
| #define HAVE_STDINT_H 1
| #define HAVE_UNISTD_H 1
| /* end confdefs.h.  */
| #include <stdio.h>
| #if HAVE_SYS_TYPES_H
| # include <sys/types.h>
| #endif
| #if HAVE_SYS_STAT_H
| # include <sys/stat.h>
| #endif
| #if STDC_HEADERS
| # include <stdlib.h>
| # include <stddef.h>
| #else
| # if HAVE_STDLIB_H
| #  include <stdlib.h>
| # endif
| #endif
| #if HAVE_STRING_H
| # if !STDC_HEADERS && HAVE_MEMORY_H
| #  include <memory.h>
| # endif
| # include <string.h>
| #endif
| #if HAVE_STRINGS_H
| # include <strings.h>
| #endif
| #if HAVE_INTTYPES_H
| # include <inttypes.h>
| #else
| # if HAVE_STDINT_H
| #  include <stdint.h>
| # endif
| #endif
| #if HAVE_UNISTD_H
| # include <unistd.h>
| #endif
| #include <minix/config.h>
configure:4347: result: no
configure:4351: checking minix/config.h presence
configure:4361: gcc -E   -D__GW32__ -D_LARGEFILE_SOURCE=1 -D_LARGEFILE64_SOURCE=1 -D_FILE_OFFSET_BITS=64 -D_MSC_VER    -idirafter e:/progra~1/gnuwin32/include -idirafter h:/glibc/include    conftest.c
conftest.c:22:26: minix/config.h: No such file or directory
configure:4367: $? = 1
configure: failed program was:
| /* confdefs.h.  */
| 
| #define PACKAGE_NAME ""
| #define PACKAGE_TARNAME ""
| #define PACKAGE_VERSION ""
| #define PACKAGE_STRING ""
| #define PACKAGE_BUGREPORT ""
| #define PACKAGE "gettext-runtime"
| #define VERSION "0.14.4"
| #define _GNU_SOURCE 1
| #define STDC_HEADERS 1
| #define HAVE_SYS_TYPES_H 1
| #define HAVE_SYS_STAT_H 1
| #define HAVE_STDLIB_H 1
| #define HAVE_STRING_H 1
| #define HAVE_MEMORY_H 1
| #define HAVE_STRINGS_H 1
| #define HAVE_INTTYPES_H 1
| #define HAVE_STDINT_H 1
| #define HAVE_UNISTD_H 1
| /* end confdefs.h.  */
| #include <minix/config.h>
configure:4387: result: no
configure:4422: checking for minix/config.h
configure:4429: result: no
configure:4548: checking for a sed that does not truncate output
configure:4602: result: /usr/bin/sed
configure:4616: checking for ld used by gcc
configure:4683: result: ld
configure:4692: checking if the linker (ld) is GNU ld
configure:4707: result: yes
configure:4712: checking for ld option to reload object files
configure:4719: result: -r
configure:4737: checking for BSD-compatible nm
configure:4779: result: nm
configure:4783: checking whether ln -s works
configure:4787: result: yes
configure:4794: checking how to recognise dependent libraries
configure:4966: result: file_magic file format pei*-i386(.*architecture: i386)?
configure:5208: checking for dlltool
configure:5224: found /cygdrive/h/mingw/3.3.1/bin/dlltool
configure:5235: result: dlltool
configure:5288: checking for as
configure:5304: found /cygdrive/h/mingw/3.3.1/bin/as
configure:5315: result: as
configure:5368: checking for objdump
configure:5384: found /cygdrive/h/mingw/3.3.1/bin/objdump
configure:5395: result: objdump
configure:5428: checking dlfcn.h usability
configure:5440: gcc -c  -Wall -O3 -fms-extensions -mms-bitfields  -fno-exceptions -fomit-frame-pointer -march=i386 -mcpu=i686     -D__GW32__ -D_LARGEFILE_SOURCE=1 -D_LARGEFILE64_SOURCE=1 -D_FILE_OFFSET_BITS=64 -D_MSC_VER    -idirafter e:/progra~1/gnuwin32/include -idirafter h:/glibc/include    conftest.c >&5
configure:5446: $? = 0
configure:5450: test -z 
			 || test ! -s conftest.err
configure:5453: $? = 0
configure:5456: test -s conftest.o
configure:5459: $? = 0
configure:5469: result: yes
configure:5473: checking dlfcn.h presence
configure:5483: gcc -E   -D__GW32__ -D_LARGEFILE_SOURCE=1 -D_LARGEFILE64_SOURCE=1 -D_FILE_OFFSET_BITS=64 -D_MSC_VER    -idirafter e:/progra~1/gnuwin32/include -idirafter h:/glibc/include    conftest.c
configure:5489: $? = 0
configure:5509: result: yes
configure:5544: checking for dlfcn.h
configure:5551: result: yes
configure:5658: checking for C++ compiler version
configure:5661: g++ --version </dev/null >&5
g++.exe (GCC) 3.3.1 (mingw special 20030804-1)
Copyright (C) 2003 Free Software Foundation, Inc.
This is free software; see the source for copying conditions.  There is NO
warranty; not even for MERCHANTABILITY or FITNESS FOR A PARTICULAR PURPOSE.

configure:5664: $? = 0
configure:5666: g++ -v </dev/null >&5
Reading specs from h:/mingw/3.3.1/bin/../lib/gcc-lib/mingw32/3.3.1/specs
Configured with: ../gcc/configure --with-gcc --with-gnu-ld --with-gnu-as --host=mingw32 --target=mingw32 --prefix=/mingw --enable-threads --disable-nls --enable-languages=c,c++,f77,objc,ada,java --disable-win32-registry --disable-shared --enable-sjlj-exceptions --enable-libgcj --disable-java-awt --without-x --enable-java-gc=boehm --disable-libgcj-debug --enable-interpreter --enable-hash-synchronization
Thread model: win32
gcc version 3.3.1 (mingw special 20030804-1)
configure:5669: $? = 0
configure:5671: g++ -V </dev/null >&5
g++.exe: `-V' option must have argument
configure:5674: $? = 1
configure:5677: checking whether we are using the GNU C++ compiler
configure:5701: g++ -c   -Wall -O3 -fms-extensions -mms-bitfields  -fno-exceptions -fomit-frame-pointer -march=i386 -mcpu=i686    -fconserve-space -fno-rtti     -D__GW32__ -D_LARGEFILE_SOURCE=1 -D_LARGEFILE64_SOURCE=1 -D_FILE_OFFSET_BITS=64 -D_MSC_VER    -idirafter e:/progra~1/gnuwin32/include -idirafter h:/glibc/include    conftest.cc >&5
configure:5707: $? = 0
configure:5711: test -z 
			 || test ! -s conftest.err
configure:5714: $? = 0
configure:5717: test -s conftest.o
configure:5720: $? = 0
configure:5733: result: yes
configure:5739: checking whether g++ accepts -g
configure:5760: g++ -c -g   -D__GW32__ -D_LARGEFILE_SOURCE=1 -D_LARGEFILE64_SOURCE=1 -D_FILE_OFFSET_BITS=64 -D_MSC_VER    -idirafter e:/progra~1/gnuwin32/include -idirafter h:/glibc/include    conftest.cc >&5
configure:5766: $? = 0
configure:5770: test -z 
			 || test ! -s conftest.err
configure:5773: $? = 0
configure:5776: test -s conftest.o
configure:5779: $? = 0
configure:5790: result: yes
configure:5832: g++ -c   -Wall -O3 -fms-extensions -mms-bitfields  -fno-exceptions -fomit-frame-pointer -march=i386 -mcpu=i686    -fconserve-space -fno-rtti     -D__GW32__ -D_LARGEFILE_SOURCE=1 -D_LARGEFILE64_SOURCE=1 -D_FILE_OFFSET_BITS=64 -D_MSC_VER    -idirafter e:/progra~1/gnuwin32/include -idirafter h:/glibc/include    conftest.cc >&5
configure:5838: $? = 0
configure:5842: test -z 
			 || test ! -s conftest.err
configure:5845: $? = 0
configure:5848: test -s conftest.o
configure:5851: $? = 0
configure:5877: g++ -c   -Wall -O3 -fms-extensions -mms-bitfields  -fno-exceptions -fomit-frame-pointer -march=i386 -mcpu=i686    -fconserve-space -fno-rtti     -D__GW32__ -D_LARGEFILE_SOURCE=1 -D_LARGEFILE64_SOURCE=1 -D_FILE_OFFSET_BITS=64 -D_MSC_VER    -idirafter e:/progra~1/gnuwin32/include -idirafter h:/glibc/include    conftest.cc >&5
conftest.cc: In function `int main()':
conftest.cc:28: error: `exit' undeclared (first use this function)
conftest.cc:28: error: (Each undeclared identifier is reported only once for 
   each function it appears in.)
configure:5883: $? = 1
configure: failed program was:
| /* confdefs.h.  */
| 
| #define PACKAGE_NAME ""
| #define PACKAGE_TARNAME ""
| #define PACKAGE_VERSION ""
| #define PACKAGE_STRING ""
| #define PACKAGE_BUGREPORT ""
| #define PACKAGE "gettext-runtime"
| #define VERSION "0.14.4"
| #define _GNU_SOURCE 1
| #define STDC_HEADERS 1
| #define HAVE_SYS_TYPES_H 1
| #define HAVE_SYS_STAT_H 1
| #define HAVE_STDLIB_H 1
| #define HAVE_STRING_H 1
| #define HAVE_MEMORY_H 1
| #define HAVE_STRINGS_H 1
| #define HAVE_INTTYPES_H 1
| #define HAVE_STDINT_H 1
| #define HAVE_UNISTD_H 1
| #define __EXTENSIONS__ 1
| #define HAVE_DLFCN_H 1
| /* end confdefs.h.  */
| 
| int
| main ()
| {
| exit (42);
|   ;
|   return 0;
| }
configure:5832: g++ -c   -Wall -O3 -fms-extensions -mms-bitfields  -fno-exceptions -fomit-frame-pointer -march=i386 -mcpu=i686    -fconserve-space -fno-rtti     -D__GW32__ -D_LARGEFILE_SOURCE=1 -D_LARGEFILE64_SOURCE=1 -D_FILE_OFFSET_BITS=64 -D_MSC_VER    -idirafter e:/progra~1/gnuwin32/include -idirafter h:/glibc/include    conftest.cc >&5
configure:5838: $? = 0
configure:5842: test -z 
			 || test ! -s conftest.err
configure:5845: $? = 0
configure:5848: test -s conftest.o
configure:5851: $? = 0
configure:5877: g++ -c   -Wall -O3 -fms-extensions -mms-bitfields  -fno-exceptions -fomit-frame-pointer -march=i386 -mcpu=i686    -fconserve-space -fno-rtti     -D__GW32__ -D_LARGEFILE_SOURCE=1 -D_LARGEFILE64_SOURCE=1 -D_FILE_OFFSET_BITS=64 -D_MSC_VER    -idirafter e:/progra~1/gnuwin32/include -idirafter h:/glibc/include    conftest.cc >&5
configure:5883: $? = 0
configure:5887: test -z 
			 || test ! -s conftest.err
configure:5890: $? = 0
configure:5893: test -s conftest.o
configure:5896: $? = 0
configure:5921: checking dependency style of g++
configure:6011: result: none
configure:6038: checking how to run the C++ preprocessor
configure:6069: g++ -E   -D__GW32__ -D_LARGEFILE_SOURCE=1 -D_LARGEFILE64_SOURCE=1 -D_FILE_OFFSET_BITS=64 -D_MSC_VER    -idirafter e:/progra~1/gnuwin32/include -idirafter h:/glibc/include    conftest.cc
configure:6075: $? = 0
configure:6107: g++ -E   -D__GW32__ -D_LARGEFILE_SOURCE=1 -D_LARGEFILE64_SOURCE=1 -D_FILE_OFFSET_BITS=64 -D_MSC_VER    -idirafter e:/progra~1/gnuwin32/include -idirafter h:/glibc/include    conftest.cc
conftest.cc:27:28: ac_nonexistent.h: No such file or directory
configure:6113: $? = 1
configure: failed program was:
| /* confdefs.h.  */
| 
| #define PACKAGE_NAME ""
| #define PACKAGE_TARNAME ""
| #define PACKAGE_VERSION ""
| #define PACKAGE_STRING ""
| #define PACKAGE_BUGREPORT ""
| #define PACKAGE "gettext-runtime"
| #define VERSION "0.14.4"
| #define _GNU_SOURCE 1
| #define STDC_HEADERS 1
| #define HAVE_SYS_TYPES_H 1
| #define HAVE_SYS_STAT_H 1
| #define HAVE_STDLIB_H 1
| #define HAVE_STRING_H 1
| #define HAVE_MEMORY_H 1
| #define HAVE_STRINGS_H 1
| #define HAVE_INTTYPES_H 1
| #define HAVE_STDINT_H 1
| #define HAVE_UNISTD_H 1
| #define __EXTENSIONS__ 1
| #define HAVE_DLFCN_H 1
| #ifdef __cplusplus
| extern "C" void std::exit (int) throw (); using std::exit;
| #endif
| /* end confdefs.h.  */
| #include <ac_nonexistent.h>
configure:6152: result: g++ -E
configure:6176: g++ -E   -D__GW32__ -D_LARGEFILE_SOURCE=1 -D_LARGEFILE64_SOURCE=1 -D_FILE_OFFSET_BITS=64 -D_MSC_VER    -idirafter e:/progra~1/gnuwin32/include -idirafter h:/glibc/include    conftest.cc
configure:6182: $? = 0
configure:6214: g++ -E   -D__GW32__ -D_LARGEFILE_SOURCE=1 -D_LARGEFILE64_SOURCE=1 -D_FILE_OFFSET_BITS=64 -D_MSC_VER    -idirafter e:/progra~1/gnuwin32/include -idirafter h:/glibc/include    conftest.cc
conftest.cc:27:28: ac_nonexistent.h: No such file or directory
configure:6220: $? = 1
configure: failed program was:
| /* confdefs.h.  */
| 
| #define PACKAGE_NAME ""
| #define PACKAGE_TARNAME ""
| #define PACKAGE_VERSION ""
| #define PACKAGE_STRING ""
| #define PACKAGE_BUGREPORT ""
| #define PACKAGE "gettext-runtime"
| #define VERSION "0.14.4"
| #define _GNU_SOURCE 1
| #define STDC_HEADERS 1
| #define HAVE_SYS_TYPES_H 1
| #define HAVE_SYS_STAT_H 1
| #define HAVE_STDLIB_H 1
| #define HAVE_STRING_H 1
| #define HAVE_MEMORY_H 1
| #define HAVE_STRINGS_H 1
| #define HAVE_INTTYPES_H 1
| #define HAVE_STDINT_H 1
| #define HAVE_UNISTD_H 1
| #define __EXTENSIONS__ 1
| #define HAVE_DLFCN_H 1
| #ifdef __cplusplus
| extern "C" void std::exit (int) throw (); using std::exit;
| #endif
| /* end confdefs.h.  */
| #include <ac_nonexistent.h>
configure:6317: checking for g77
configure:6333: found /cygdrive/h/mingw/3.3.1/bin/g77
configure:6343: result: g77
configure:6361: checking for Fortran 77 compiler version
configure:6361: g77 --version </dev/null >&5
GNU Fortran (GCC) 3.3.1 (mingw special 20030804-1)
Copyright (C) 2002 Free Software Foundation, Inc.

GNU Fortran comes with NO WARRANTY, to the extent permitted by law.
You may redistribute copies of GNU Fortran
under the terms of the GNU General Public License.
For more information about these matters, see the file named COPYING
or type the command `info -f g77 Copying'.
configure:6364: $? = 0
configure:6366: g77 -v </dev/null >&5
Reading specs from h:/mingw/3.3.1/bin/../lib/gcc-lib/mingw32/3.3.1/specs
Configured with: ../gcc/configure --with-gcc --with-gnu-ld --with-gnu-as --host=mingw32 --target=mingw32 --prefix=/mingw --enable-threads --disable-nls --enable-languages=c,c++,f77,objc,ada,java --disable-win32-registry --disable-shared --enable-sjlj-exceptions --enable-libgcj --disable-java-awt --without-x --enable-java-gc=boehm --disable-libgcj-debug --enable-interpreter --enable-hash-synchronization
Thread model: win32
gcc version 3.3.1 (mingw special 20030804-1)
configure:6369: $? = 0
configure:6371: g77 -V </dev/null >&5
g77.exe: `-V' option must have argument
configure:6374: $? = 1
configure:6382: checking whether we are using the GNU Fortran 77 compiler
configure:6396: g77 -c  conftest.F >&5
configure:6402: $? = 0
configure:6406: test -z 
			 || test ! -s conftest.err
configure:6409: $? = 0
configure:6412: test -s conftest.o
configure:6415: $? = 0
configure:6428: result: yes
configure:6434: checking whether g77 accepts -g
configure:6446: g77 -c -g conftest.f >&5
configure:6452: $? = 0
configure:6456: test -z 
			 || test ! -s conftest.err
configure:6459: $? = 0
configure:6462: test -s conftest.o
configure:6465: $? = 0
configure:6477: result: yes
configure:6507: checking the maximum length of command line arguments
configure:6598: result: 8192
configure:6609: checking command to parse nm output from gcc object
configure:6705: gcc -c  -Wall -O3 -fms-extensions -mms-bitfields  -fno-exceptions -fomit-frame-pointer -march=i386 -mcpu=i686     -D__GW32__ -D_LARGEFILE_SOURCE=1 -D_LARGEFILE64_SOURCE=1 -D_FILE_OFFSET_BITS=64 -D_MSC_VER    -idirafter e:/progra~1/gnuwin32/include -idirafter h:/glibc/include    conftest.c >&5
configure:6708: $? = 0
configure:6712: nm conftest.o \| sed -n -e 's/^.*[ 	]\([ABCDGIRSTW][ABCDGIRSTW]*\)[ 	][ 	]*\([_A-Za-z][_A-Za-z0-9]*\)\{0,1\}$/\1 \2 \2/p' \> conftest.nm
configure:6715: $? = 0
cannot find nm_test_var in conftest.nm
configure:6705: gcc -c  -Wall -O3 -fms-extensions -mms-bitfields  -fno-exceptions -fomit-frame-pointer -march=i386 -mcpu=i686     -D__GW32__ -D_LARGEFILE_SOURCE=1 -D_LARGEFILE64_SOURCE=1 -D_FILE_OFFSET_BITS=64 -D_MSC_VER    -idirafter e:/progra~1/gnuwin32/include -idirafter h:/glibc/include    conftest.c >&5
configure:6708: $? = 0
configure:6712: nm conftest.o \| sed -n -e 's/^.*[ 	]\([ABCDGIRSTW][ABCDGIRSTW]*\)[ 	][ 	]*_\([_A-Za-z][_A-Za-z0-9]*\)\{0,1\}$/\1 _\2 \2/p' \> conftest.nm
configure:6715: $? = 0
configure:6767: gcc -o conftest.exe  -Wall -O3 -fms-extensions -mms-bitfields  -fno-exceptions -fomit-frame-pointer -march=i386 -mcpu=i686     -D__GW32__ -D_LARGEFILE_SOURCE=1 -D_LARGEFILE64_SOURCE=1 -D_FILE_OFFSET_BITS=64 -D_MSC_VER    -idirafter e:/progra~1/gnuwin32/include -idirafter h:/glibc/include     -Wl,-s -Wl,--force-exe-suffix -Wl,--enable-auto-import -Wl,--enable-runtime-pseudo-reloc -Wl,--allow-multiple-definition   conftest.c conftstm.o >&5
configure:6770: $? = 0
configure:6808: result: ok
configure:6812: checking for objdir
configure:6827: result: .libs
configure:6917: checking for ar
configure:6933: found /usr/bin/ar
configure:6944: result: ar
configure:6997: checking for ranlib
configure:7013: found /usr/bin/ranlib
configure:7024: result: ranlib
configure:7077: checking for strip
configure:7093: found /cygdrive/h/mingw/3.3.1/bin/strip
configure:7104: result: strip
configure:7368: checking if gcc static flag  works
configure:7391: result: yes
configure:7413: checking if gcc supports -fno-rtti -fno-exceptions
configure:7434: gcc -c  -Wall -O3 -fms-extensions -mms-bitfields  -fno-exceptions -fomit-frame-pointer -march=i386 -mcpu=i686     -D__GW32__ -D_LARGEFILE_SOURCE=1 -D_LARGEFILE64_SOURCE=1 -D_FILE_OFFSET_BITS=64 -D_MSC_VER    -idirafter e:/progra~1/gnuwin32/include -idirafter h:/glibc/include    -fno-rtti -fno-exceptions conftest.c >&5
cc1.exe: warning: "-fno-rtti" is valid for C++ but not for C/ObjC
configure:7438: $? = 0
configure:7446: result: no
configure:7461: checking for gcc option to produce PIC
configure:7663: result: -DDLL_EXPORT
configure:7671: checking if gcc PIC flag -DDLL_EXPORT works
configure:7692: gcc -c  -Wall -O3 -fms-extensions -mms-bitfields  -fno-exceptions -fomit-frame-pointer -march=i386 -mcpu=i686     -D__GW32__ -D_LARGEFILE_SOURCE=1 -D_LARGEFILE64_SOURCE=1 -D_FILE_OFFSET_BITS=64 -D_MSC_VER    -idirafter e:/progra~1/gnuwin32/include -idirafter h:/glibc/include    -DDLL_EXPORT -DPIC conftest.c >&5
configure:7696: $? = 0
configure:7704: result: yes
configure:7728: checking if gcc supports -c -o file.o
configure:7752: gcc -c  -Wall -O3 -fms-extensions -mms-bitfields  -fno-exceptions -fomit-frame-pointer -march=i386 -mcpu=i686     -D__GW32__ -D_LARGEFILE_SOURCE=1 -D_LARGEFILE64_SOURCE=1 -D_FILE_OFFSET_BITS=64 -D_MSC_VER    -idirafter e:/progra~1/gnuwin32/include -idirafter h:/glibc/include    -o out/conftest2.o conftest.c >&5
configure:7756: $? = 0
configure:7773: result: yes
configure:7799: checking whether the gcc linker (ld) supports shared libraries
configure:8661: result: yes
configure:8687: checking whether -lc should be explicitly linked in
configure:8692: gcc -c  -Wall -O3 -fms-extensions -mms-bitfields  -fno-exceptions -fomit-frame-pointer -march=i386 -mcpu=i686     -D__GW32__ -D_LARGEFILE_SOURCE=1 -D_LARGEFILE64_SOURCE=1 -D_FILE_OFFSET_BITS=64 -D_MSC_VER    -idirafter e:/progra~1/gnuwin32/include -idirafter h:/glibc/include    conftest.c >&5
configure:8695: $? = 0
configure:8709: gcc -shared conftest.o  -v -o ./conftest -Wl,--image-base=0x10000000 -Wl,--out-implib,conftest 2\>\&1 \| grep  -lc  \>/dev/null 2\>\&1
configure:8712: $? = 1
configure:8724: result: yes
configure:8732: checking dynamic linker characteristics
configure:9274: result: Win32 ld.exe
configure:9278: checking how to hardcode library paths into programs
configure:9303: result: immediate
configure:9317: checking whether stripping libraries is possible
configure:9322: result: yes
configure:10152: checking if libtool supports shared libraries
configure:10154: result: yes
configure:10157: checking whether to build shared libraries
configure:10178: result: yes
configure:10181: checking whether to build static libraries
configure:10185: result: no
configure:10277: creating libtool
configure:10832: checking for ld used by g++
configure:10899: result: ld
configure:10908: checking if the linker (ld) is GNU ld
configure:10923: result: yes
configure:10974: checking whether the g++ linker (ld) supports shared libraries
configure:11856: result: yes
configure:11878: g++ -c   -Wall -O3 -fms-extensions -mms-bitfields  -fno-exceptions -fomit-frame-pointer -march=i386 -mcpu=i686    -fconserve-space -fno-rtti     -D__GW32__ -D_LARGEFILE_SOURCE=1 -D_LARGEFILE64_SOURCE=1 -D_FILE_OFFSET_BITS=64 -D_MSC_VER    -idirafter e:/progra~1/gnuwin32/include -idirafter h:/glibc/include    conftest.cc >&5
configure:11881: $? = 0
configure:11977: checking for g++ option to produce PIC
configure:12245: result: -DDLL_EXPORT
configure:12253: checking if g++ PIC flag -DDLL_EXPORT works
configure:12274: g++ -c   -Wall -O3 -fms-extensions -mms-bitfields  -fno-exceptions -fomit-frame-pointer -march=i386 -mcpu=i686    -fconserve-space -fno-rtti     -D__GW32__ -D_LARGEFILE_SOURCE=1 -D_LARGEFILE64_SOURCE=1 -D_FILE_OFFSET_BITS=64 -D_MSC_VER    -idirafter e:/progra~1/gnuwin32/include -idirafter h:/glibc/include    -DDLL_EXPORT -DPIC conftest.cc >&5
configure:12278: $? = 0
configure:12286: result: yes
configure:12310: checking if g++ supports -c -o file.o
configure:12334: g++ -c   -Wall -O3 -fms-extensions -mms-bitfields  -fno-exceptions -fomit-frame-pointer -march=i386 -mcpu=i686    -fconserve-space -fno-rtti     -D__GW32__ -D_LARGEFILE_SOURCE=1 -D_LARGEFILE64_SOURCE=1 -D_FILE_OFFSET_BITS=64 -D_MSC_VER    -idirafter e:/progra~1/gnuwin32/include -idirafter h:/glibc/include    -o out/conftest2.o conftest.cc >&5
configure:12338: $? = 0
configure:12355: result: yes
configure:12381: checking whether the g++ linker (ld) supports shared libraries
configure:12406: result: yes
configure:12477: checking dynamic linker characteristics
configure:13019: result: Win32 ld.exe
configure:13023: checking how to hardcode library paths into programs
configure:13048: result: immediate
configure:13062: checking whether stripping libraries is possible
configure:13067: result: yes
configure:14380: checking if libtool supports shared libraries
configure:14382: result: yes
configure:14385: checking whether to build shared libraries
configure:14403: result: yes
configure:14406: checking whether to build static libraries
configure:14410: result: no
configure:14422: checking for g77 option to produce PIC
configure:14624: result: -DDLL_EXPORT
configure:14632: checking if g77 PIC flag -DDLL_EXPORT works
configure:14653: g77 -c -g -O2 -DDLL_EXPORT conftest.f >&5
configure:14657: $? = 0
configure:14665: result: yes
configure:14689: checking if g77 supports -c -o file.o
configure:14713: g77 -c -g -O2 -o out/conftest2.o conftest.f >&5
configure:14717: $? = 0
configure:14734: result: yes
configure:14760: checking whether the g77 linker (ld) supports shared libraries
configure:15602: result: yes
configure:15673: checking dynamic linker characteristics
configure:16215: result: Win32 ld.exe
configure:16219: checking how to hardcode library paths into programs
configure:16244: result: immediate
configure:16258: checking whether stripping libraries is possible
configure:16263: result: yes
configure:20437: checking for ld used by GCC
configure:20501: result: ld
configure:20510: checking if the linker (ld) is GNU ld
configure:20523: result: yes
configure:20529: checking for shared library path variable
configure:20542: result: PATH
configure:20547: checking whether to activate relocatable installation
configure:20562: result: yes
configure:20638: checking for string.h
configure:20643: result: yes
configure:20783: checking for stdbool.h that conforms to C99
configure:20842: gcc -c  -Wall -O3 -fms-extensions -mms-bitfields  -fno-exceptions -fomit-frame-pointer -march=i386 -mcpu=i686     -D__GW32__ -D_LARGEFILE_SOURCE=1 -D_LARGEFILE64_SOURCE=1 -D_FILE_OFFSET_BITS=64 -D_MSC_VER    -idirafter e:/progra~1/gnuwin32/include -idirafter h:/glibc/include    conftest.c >&5
configure:20848: $? = 0
configure:20852: test -z 
			 || test ! -s conftest.err
configure:20855: $? = 0
configure:20858: test -s conftest.o
configure:20861: $? = 0
configure:20872: result: yes
configure:20874: checking for _Bool
configure:20898: gcc -c  -Wall -O3 -fms-extensions -mms-bitfields  -fno-exceptions -fomit-frame-pointer -march=i386 -mcpu=i686     -D__GW32__ -D_LARGEFILE_SOURCE=1 -D_LARGEFILE64_SOURCE=1 -D_FILE_OFFSET_BITS=64 -D_MSC_VER    -idirafter e:/progra~1/gnuwin32/include -idirafter h:/glibc/include    conftest.c >&5
configure:20904: $? = 0
configure:20908: test -z 
			 || test ! -s conftest.err
configure:20911: $? = 0
configure:20914: test -s conftest.o
configure:20917: $? = 0
configure:20928: result: yes
configure:20966: checking for size_t
configure:20990: gcc -c  -Wall -O3 -fms-extensions -mms-bitfields  -fno-exceptions -fomit-frame-pointer -march=i386 -mcpu=i686     -D__GW32__ -D_LARGEFILE_SOURCE=1 -D_LARGEFILE64_SOURCE=1 -D_FILE_OFFSET_BITS=64 -D_MSC_VER    -idirafter e:/progra~1/gnuwin32/include -idirafter h:/glibc/include    conftest.c >&5
configure:20996: $? = 0
configure:21000: test -z 
			 || test ! -s conftest.err
configure:21003: $? = 0
configure:21006: test -s conftest.o
configure:21009: $? = 0
configure:21020: result: yes
configure:21035: checking for working alloca.h
configure:21056: gcc -o conftest.exe  -Wall -O3 -fms-extensions -mms-bitfields  -fno-exceptions -fomit-frame-pointer -march=i386 -mcpu=i686     -D__GW32__ -D_LARGEFILE_SOURCE=1 -D_LARGEFILE64_SOURCE=1 -D_FILE_OFFSET_BITS=64 -D_MSC_VER    -idirafter e:/progra~1/gnuwin32/include -idirafter h:/glibc/include     -Wl,-s -Wl,--force-exe-suffix -Wl,--enable-auto-import -Wl,--enable-runtime-pseudo-reloc -Wl,--allow-multiple-definition   conftest.c  -Wl,-s  -Le:/progra~1/gnuwin32/lib -lgw32c  -liberty -lintl -liconv -lwsock32 -lole32 -luuid -lmsvcp60   >&5
conftest.c: In function `main':
conftest.c:36: warning: unused variable `p'
configure:21062: $? = 0
configure:21066: test -z 
			 || test ! -s conftest.err
configure:21069: $? = 0
configure:21072: test -s conftest.exe
configure:21075: $? = 0
configure:21087: result: yes
configure:21097: checking for alloca
configure:21138: gcc -o conftest.exe  -Wall -O3 -fms-extensions -mms-bitfields  -fno-exceptions -fomit-frame-pointer -march=i386 -mcpu=i686     -D__GW32__ -D_LARGEFILE_SOURCE=1 -D_LARGEFILE64_SOURCE=1 -D_FILE_OFFSET_BITS=64 -D_MSC_VER    -idirafter e:/progra~1/gnuwin32/include -idirafter h:/glibc/include     -Wl,-s -Wl,--force-exe-suffix -Wl,--enable-auto-import -Wl,--enable-runtime-pseudo-reloc -Wl,--allow-multiple-definition   conftest.c  -Wl,-s  -Le:/progra~1/gnuwin32/lib -lgw32c  -liberty -lintl -liconv -lwsock32 -lole32 -luuid -lmsvcp60   >&5
conftest.c: In function `main':
conftest.c:57: warning: unused variable `p'
configure:21144: $? = 0
configure:21148: test -z 
			 || test ! -s conftest.err
configure:21151: $? = 0
configure:21154: test -s conftest.exe
configure:21157: $? = 0
configure:21169: result: yes
configure:21398: checking for stdlib.h
configure:21403: result: yes
configure:21550: checking for string.h
configure:21555: result: yes
configure:21746: checking for stdlib.h
configure:21751: result: yes
configure:21891: checking for GNU libc compatible malloc
configure:21920: gcc -o conftest.exe  -Wall -O3 -fms-extensions -mms-bitfields  -fno-exceptions -fomit-frame-pointer -march=i386 -mcpu=i686     -D__GW32__ -D_LARGEFILE_SOURCE=1 -D_LARGEFILE64_SOURCE=1 -D_FILE_OFFSET_BITS=64 -D_MSC_VER    -idirafter e:/progra~1/gnuwin32/include -idirafter h:/glibc/include     -Wl,-s -Wl,--force-exe-suffix -Wl,--enable-auto-import -Wl,--enable-runtime-pseudo-reloc -Wl,--allow-multiple-definition   conftest.c  -Wl,-s  -Le:/progra~1/gnuwin32/lib -lgw32c  -liberty -lintl -liconv -lwsock32 -lole32 -luuid -lmsvcp60   >&5
configure:21923: $? = 0
configure:21925: ./conftest.exe
configure:21928: $? = 0
configure:21942: result: yes
configure:21958: checking for long long
configure:21980: gcc -o conftest.exe  -Wall -O3 -fms-extensions -mms-bitfields  -fno-exceptions -fomit-frame-pointer -march=i386 -mcpu=i686     -D__GW32__ -D_LARGEFILE_SOURCE=1 -D_LARGEFILE64_SOURCE=1 -D_FILE_OFFSET_BITS=64 -D_MSC_VER    -idirafter e:/progra~1/gnuwin32/include -idirafter h:/glibc/include     -Wl,-s -Wl,--force-exe-suffix -Wl,--enable-auto-import -Wl,--enable-runtime-pseudo-reloc -Wl,--allow-multiple-definition   conftest.c  -Wl,-s  -Le:/progra~1/gnuwin32/lib -lgw32c  -liberty -lintl -liconv -lwsock32 -lole32 -luuid -lmsvcp60   >&5
configure:21986: $? = 0
configure:21990: test -z 
			 || test ! -s conftest.err
configure:21993: $? = 0
configure:21996: test -s conftest.exe
configure:21999: $? = 0
configure:22011: result: yes
configure:22022: checking for long double
configure:22082: result: yes
configure:22102: checking for vprintf
configure:22159: gcc -o conftest.exe  -Wall -O3 -fms-extensions -mms-bitfields  -fno-exceptions -fomit-frame-pointer -march=i386 -mcpu=i686     -D__GW32__ -D_LARGEFILE_SOURCE=1 -D_LARGEFILE64_SOURCE=1 -D_FILE_OFFSET_BITS=64 -D_MSC_VER    -idirafter e:/progra~1/gnuwin32/include -idirafter h:/glibc/include     -Wl,-s -Wl,--force-exe-suffix -Wl,--enable-auto-import -Wl,--enable-runtime-pseudo-reloc -Wl,--allow-multiple-definition   conftest.c  -Wl,-s  -Le:/progra~1/gnuwin32/lib -lgw32c  -liberty -lintl -liconv -lwsock32 -lole32 -luuid -lmsvcp60   >&5
conftest.c:64: warning: conflicting types for built-in function `vprintf'
configure:22165: $? = 0
configure:22169: test -z 
			 || test ! -s conftest.err
configure:22172: $? = 0
configure:22175: test -s conftest.exe
configure:22178: $? = 0
configure:22190: result: yes
configure:22197: checking for _doprnt
configure:22254: gcc -o conftest.exe  -Wall -O3 -fms-extensions -mms-bitfields  -fno-exceptions -fomit-frame-pointer -march=i386 -mcpu=i686     -D__GW32__ -D_LARGEFILE_SOURCE=1 -D_LARGEFILE64_SOURCE=1 -D_FILE_OFFSET_BITS=64 -D_MSC_VER    -idirafter e:/progra~1/gnuwin32/include -idirafter h:/glibc/include     -Wl,-s -Wl,--force-exe-suffix -Wl,--enable-auto-import -Wl,--enable-runtime-pseudo-reloc -Wl,--allow-multiple-definition   conftest.c  -Wl,-s  -Le:/progra~1/gnuwin32/lib -lgw32c  -liberty -lintl -liconv -lwsock32 -lole32 -luuid -lmsvcp60   >&5
m:\temp/cc4Saaaa.o(.text+0x1d):conftest.c: undefined reference to `_doprnt'
m:\temp/cc4Saaaa.o(.data+0x0):conftest.c: undefined reference to `_doprnt'
configure:22260: $? = 1
configure: failed program was:
| /* confdefs.h.  */
| 
| #define PACKAGE_NAME ""
| #define PACKAGE_TARNAME ""
| #define PACKAGE_VERSION ""
| #define PACKAGE_STRING ""
| #define PACKAGE_BUGREPORT ""
| #define PACKAGE "gettext-runtime"
| #define VERSION "0.14.4"
| #define _GNU_SOURCE 1
| #define STDC_HEADERS 1
| #define HAVE_SYS_TYPES_H 1
| #define HAVE_SYS_STAT_H 1
| #define HAVE_STDLIB_H 1
| #define HAVE_STRING_H 1
| #define HAVE_MEMORY_H 1
| #define HAVE_STRINGS_H 1
| #define HAVE_INTTYPES_H 1
| #define HAVE_STDINT_H 1
| #define HAVE_UNISTD_H 1
| #define __EXTENSIONS__ 1
| #define HAVE_DLFCN_H 1
| #ifdef __cplusplus
| extern "C" void std::exit (int) throw (); using std::exit;
| #endif
| #define INSTALLPREFIX "c:/progra~1/Gettext"
| #define ENABLE_RELOCATABLE 1
| #define HAVE_STRING_H 1
| #define HAVE__BOOL 1
| #define HAVE_STDBOOL_H 1
| #define HAVE_ALLOCA_H 1
| #define HAVE_ALLOCA 1
| #define HAVE_STDLIB_H 1
| #define HAVE_STRING_H 1
| #define HAVE_STDLIB_H 1
| #define MALLOC_0_IS_NONNULL 1
| #define HAVE_LONG_LONG 1
| #define HAVE_LONG_DOUBLE 1
| #define HAVE_VPRINTF 1
| /* end confdefs.h.  */
| /* Define _doprnt to an innocuous variant, in case <limits.h> declares _doprnt.
|    For example, HP-UX 11i <limits.h> declares gettimeofday.  */
| #define _doprnt innocuous__doprnt
| 
| /* System header to define __stub macros and hopefully few prototypes,
|     which can conflict with char _doprnt (); below.
|     Prefer <limits.h> to <assert.h> if __STDC__ is defined, since
|     <limits.h> exists even on freestanding compilers.  */
| 
| #ifdef __STDC__
| # include <limits.h>
| #else
| # include <assert.h>
| #endif
| 
| #undef _doprnt
| 
| /* Override any gcc2 internal prototype to avoid an error.  */
| #ifdef __cplusplus
| extern "C"
| {
| #endif
| /* We use char because int might match the return type of a gcc2
|    builtin and then its argument prototype would still apply.  */
| char _doprnt ();
| /* The GNU C library defines this for functions which it implements
|     to always fail with ENOSYS.  Some functions are actually named
|     something starting with __ and the normal name is an alias.  */
| #if defined (__stub__doprnt) || defined (__stub____doprnt)
| choke me
| #else
| char (*f) () = _doprnt;
| #endif
| #ifdef __cplusplus
| }
| #endif
| 
| int
| main ()
| {
| return f != _doprnt;
|   ;
|   return 0;
| }
configure:22285: result: no
configure:22304: checking for setlocale
configure:22361: gcc -o conftest.exe  -Wall -O3 -fms-extensions -mms-bitfields  -fno-exceptions -fomit-frame-pointer -march=i386 -mcpu=i686     -D__GW32__ -D_LARGEFILE_SOURCE=1 -D_LARGEFILE64_SOURCE=1 -D_FILE_OFFSET_BITS=64 -D_MSC_VER    -idirafter e:/progra~1/gnuwin32/include -idirafter h:/glibc/include     -Wl,-s -Wl,--force-exe-suffix -Wl,--enable-auto-import -Wl,--enable-runtime-pseudo-reloc -Wl,--allow-multiple-definition   conftest.c  -Wl,-s  -Le:/progra~1/gnuwin32/lib -lgw32c  -liberty -lintl -liconv -lwsock32 -lole32 -luuid -lmsvcp60   >&5
configure:22367: $? = 0
configure:22371: test -z 
			 || test ! -s conftest.err
configure:22374: $? = 0
configure:22377: test -s conftest.exe
configure:22380: $? = 0
configure:22392: result: yes
configure:22304: checking for strerror
configure:22361: gcc -o conftest.exe  -Wall -O3 -fms-extensions -mms-bitfields  -fno-exceptions -fomit-frame-pointer -march=i386 -mcpu=i686     -D__GW32__ -D_LARGEFILE_SOURCE=1 -D_LARGEFILE64_SOURCE=1 -D_FILE_OFFSET_BITS=64 -D_MSC_VER    -idirafter e:/progra~1/gnuwin32/include -idirafter h:/glibc/include     -Wl,-s -Wl,--force-exe-suffix -Wl,--enable-auto-import -Wl,--enable-runtime-pseudo-reloc -Wl,--allow-multiple-definition   conftest.c  -Wl,-s  -Le:/progra~1/gnuwin32/lib -lgw32c  -liberty -lintl -liconv -lwsock32 -lole32 -luuid -lmsvcp60   >&5
configure:22367: $? = 0
configure:22371: test -z 
			 || test ! -s conftest.err
configure:22374: $? = 0
configure:22377: test -s conftest.exe
configure:22380: $? = 0
configure:22392: result: yes
configure:22407: checking for atexit
configure:22464: gcc -o conftest.exe  -Wall -O3 -fms-extensions -mms-bitfields  -fno-exceptions -fomit-frame-pointer -march=i386 -mcpu=i686     -D__GW32__ -D_LARGEFILE_SOURCE=1 -D_LARGEFILE64_SOURCE=1 -D_FILE_OFFSET_BITS=64 -D_MSC_VER    -idirafter e:/progra~1/gnuwin32/include -idirafter h:/glibc/include     -Wl,-s -Wl,--force-exe-suffix -Wl,--enable-auto-import -Wl,--enable-runtime-pseudo-reloc -Wl,--allow-multiple-definition   conftest.c  -Wl,-s  -Le:/progra~1/gnuwin32/lib -lgw32c  -liberty -lintl -liconv -lwsock32 -lole32 -luuid -lmsvcp60   >&5
configure:22470: $? = 0
configure:22474: test -z 
			 || test ! -s conftest.err
configure:22477: $? = 0
configure:22480: test -s conftest.exe
configure:22483: $? = 0
configure:22495: result: yes
configure:22407: checking for memmove
configure:22464: gcc -o conftest.exe  -Wall -O3 -fms-extensions -mms-bitfields  -fno-exceptions -fomit-frame-pointer -march=i386 -mcpu=i686     -D__GW32__ -D_LARGEFILE_SOURCE=1 -D_LARGEFILE64_SOURCE=1 -D_FILE_OFFSET_BITS=64 -D_MSC_VER    -idirafter e:/progra~1/gnuwin32/include -idirafter h:/glibc/include     -Wl,-s -Wl,--force-exe-suffix -Wl,--enable-auto-import -Wl,--enable-runtime-pseudo-reloc -Wl,--allow-multiple-definition   conftest.c  -Wl,-s  -Le:/progra~1/gnuwin32/lib -lgw32c  -liberty -lintl -liconv -lwsock32 -lole32 -luuid -lmsvcp60   >&5
configure:22470: $? = 0
configure:22474: test -z 
			 || test ! -s conftest.err
configure:22477: $? = 0
configure:22480: test -s conftest.exe
configure:22483: $? = 0
configure:22495: result: yes
configure:22534: checking getopt.h usability
configure:22546: gcc -c  -Wall -O3 -fms-extensions -mms-bitfields  -fno-exceptions -fomit-frame-pointer -march=i386 -mcpu=i686     -D__GW32__ -D_LARGEFILE_SOURCE=1 -D_LARGEFILE64_SOURCE=1 -D_FILE_OFFSET_BITS=64 -D_MSC_VER    -idirafter e:/progra~1/gnuwin32/include -idirafter h:/glibc/include    conftest.c >&5
configure:22552: $? = 0
configure:22556: test -z 
			 || test ! -s conftest.err
configure:22559: $? = 0
configure:22562: test -s conftest.o
configure:22565: $? = 0
configure:22575: result: yes
configure:22579: checking getopt.h presence
configure:22589: gcc -E   -D__GW32__ -D_LARGEFILE_SOURCE=1 -D_LARGEFILE64_SOURCE=1 -D_FILE_OFFSET_BITS=64 -D_MSC_VER    -idirafter e:/progra~1/gnuwin32/include -idirafter h:/glibc/include    conftest.c
configure:22595: $? = 0
configure:22615: result: yes
configure:22650: checking for getopt.h
configure:22657: result: yes
configure:22676: checking for getopt_long_only
configure:22733: gcc -o conftest.exe  -Wall -O3 -fms-extensions -mms-bitfields  -fno-exceptions -fomit-frame-pointer -march=i386 -mcpu=i686     -D__GW32__ -D_LARGEFILE_SOURCE=1 -D_LARGEFILE64_SOURCE=1 -D_FILE_OFFSET_BITS=64 -D_MSC_VER    -idirafter e:/progra~1/gnuwin32/include -idirafter h:/glibc/include     -Wl,-s -Wl,--force-exe-suffix -Wl,--enable-auto-import -Wl,--enable-runtime-pseudo-reloc -Wl,--allow-multiple-definition   conftest.c  -Wl,-s  -Le:/progra~1/gnuwin32/lib -lgw32c  -liberty -lintl -liconv -lwsock32 -lole32 -luuid -lmsvcp60   >&5
configure:22739: $? = 0
configure:22743: test -z 
			 || test ! -s conftest.err
configure:22746: $? = 0
configure:22749: test -s conftest.exe
configure:22752: $? = 0
configure:22764: result: yes
configure:22777: checking whether optreset is declared
configure:22802: gcc -c  -Wall -O3 -fms-extensions -mms-bitfields  -fno-exceptions -fomit-frame-pointer -march=i386 -mcpu=i686     -D__GW32__ -D_LARGEFILE_SOURCE=1 -D_LARGEFILE64_SOURCE=1 -D_FILE_OFFSET_BITS=64 -D_MSC_VER    -idirafter e:/progra~1/gnuwin32/include -idirafter h:/glibc/include    conftest.c >&5
conftest.c: In function `main':
conftest.c:53: warning: unused variable `p'
configure:22808: $? = 0
configure:22812: test -z 
			 || test ! -s conftest.err
configure:22815: $? = 0
configure:22818: test -s conftest.o
configure:22821: $? = 0
configure:22832: result: yes
configure:22874: checking for unistd.h
configure:22879: result: yes
configure:23026: checking for setenv
configure:23083: gcc -o conftest.exe  -Wall -O3 -fms-extensions -mms-bitfields  -fno-exceptions -fomit-frame-pointer -march=i386 -mcpu=i686     -D__GW32__ -D_LARGEFILE_SOURCE=1 -D_LARGEFILE64_SOURCE=1 -D_FILE_OFFSET_BITS=64 -D_MSC_VER    -idirafter e:/progra~1/gnuwin32/include -idirafter h:/glibc/include     -Wl,-s -Wl,--force-exe-suffix -Wl,--enable-auto-import -Wl,--enable-runtime-pseudo-reloc -Wl,--allow-multiple-definition   conftest.c  -Wl,-s  -Le:/progra~1/gnuwin32/lib -lgw32c  -liberty -lintl -liconv -lwsock32 -lole32 -luuid -lmsvcp60   >&5
configure:23089: $? = 0
configure:23093: test -z 
			 || test ! -s conftest.err
configure:23096: $? = 0
configure:23099: test -s conftest.exe
configure:23102: $? = 0
configure:23114: result: yes
configure:23026: checking for unsetenv
configure:23083: gcc -o conftest.exe  -Wall -O3 -fms-extensions -mms-bitfields  -fno-exceptions -fomit-frame-pointer -march=i386 -mcpu=i686     -D__GW32__ -D_LARGEFILE_SOURCE=1 -D_LARGEFILE64_SOURCE=1 -D_FILE_OFFSET_BITS=64 -D_MSC_VER    -idirafter e:/progra~1/gnuwin32/include -idirafter h:/glibc/include     -Wl,-s -Wl,--force-exe-suffix -Wl,--enable-auto-import -Wl,--enable-runtime-pseudo-reloc -Wl,--allow-multiple-definition   conftest.c  -Wl,-s  -Le:/progra~1/gnuwin32/lib -lgw32c  -liberty -lintl -liconv -lwsock32 -lole32 -luuid -lmsvcp60   >&5
configure:23089: $? = 0
configure:23093: test -z 
			 || test ! -s conftest.err
configure:23096: $? = 0
configure:23099: test -s conftest.exe
configure:23102: $? = 0
configure:23114: result: yes
configure:23673: checking for unsetenv() return type
configure:23704: gcc -c  -Wall -O3 -fms-extensions -mms-bitfields  -fno-exceptions -fomit-frame-pointer -march=i386 -mcpu=i686     -D__GW32__ -D_LARGEFILE_SOURCE=1 -D_LARGEFILE64_SOURCE=1 -D_FILE_OFFSET_BITS=64 -D_MSC_VER    -idirafter e:/progra~1/gnuwin32/include -idirafter h:/glibc/include    conftest.c >&5
configure:23710: $? = 0
configure:23714: test -z 
			 || test ! -s conftest.err
configure:23717: $? = 0
configure:23720: test -s conftest.o
configure:23723: $? = 0
configure:23734: result: int
configure:23750: checking for strerror
configure:23838: result: yes
configure:23869: checking for isascii
configure:23926: gcc -o conftest.exe  -Wall -O3 -fms-extensions -mms-bitfields  -fno-exceptions -fomit-frame-pointer -march=i386 -mcpu=i686     -D__GW32__ -D_LARGEFILE_SOURCE=1 -D_LARGEFILE64_SOURCE=1 -D_FILE_OFFSET_BITS=64 -D_MSC_VER    -idirafter e:/progra~1/gnuwin32/include -idirafter h:/glibc/include     -Wl,-s -Wl,--force-exe-suffix -Wl,--enable-auto-import -Wl,--enable-runtime-pseudo-reloc -Wl,--allow-multiple-definition   conftest.c  -Wl,-s  -Le:/progra~1/gnuwin32/lib -lgw32c  -liberty -lintl -liconv -lwsock32 -lole32 -luuid -lmsvcp60   >&5
configure:23932: $? = 0
configure:23936: test -z 
			 || test ! -s conftest.err
configure:23939: $? = 0
configure:23942: test -s conftest.exe
configure:23945: $? = 0
configure:23957: result: yes
configure:23973: checking for strtoul
configure:24030: gcc -o conftest.exe  -Wall -O3 -fms-extensions -mms-bitfields  -fno-exceptions -fomit-frame-pointer -march=i386 -mcpu=i686     -D__GW32__ -D_LARGEFILE_SOURCE=1 -D_LARGEFILE64_SOURCE=1 -D_FILE_OFFSET_BITS=64 -D_MSC_VER    -idirafter e:/progra~1/gnuwin32/include -idirafter h:/glibc/include     -Wl,-s -Wl,--force-exe-suffix -Wl,--enable-auto-import -Wl,--enable-runtime-pseudo-reloc -Wl,--allow-multiple-definition   conftest.c  -Wl,-s  -Le:/progra~1/gnuwin32/lib -lgw32c  -liberty -lintl -liconv -lwsock32 -lole32 -luuid -lmsvcp60   >&5
configure:24036: $? = 0
configure:24040: test -z 
			 || test ! -s conftest.err
configure:24043: $? = 0
configure:24046: test -s conftest.exe
configure:24049: $? = 0
configure:24061: result: yes
configure:24097: checking whether clearerr_unlocked is declared
configure:24121: gcc -c  -Wall -O3 -fms-extensions -mms-bitfields  -fno-exceptions -fomit-frame-pointer -march=i386 -mcpu=i686     -D__GW32__ -D_LARGEFILE_SOURCE=1 -D_LARGEFILE64_SOURCE=1 -D_FILE_OFFSET_BITS=64 -D_MSC_VER    -idirafter e:/progra~1/gnuwin32/include -idirafter h:/glibc/include    conftest.c >&5
conftest.c: In function `main':
conftest.c:92: error: `clearerr_unlocked' undeclared (first use in this function)
conftest.c:92: error: (Each undeclared identifier is reported only once
conftest.c:92: error: for each function it appears in.)
conftest.c:92: warning: unused variable `p'
configure:24127: $? = 1
configure: failed program was:
| /* confdefs.h.  */
| 
| #define PACKAGE_NAME ""
| #define PACKAGE_TARNAME ""
| #define PACKAGE_VERSION ""
| #define PACKAGE_STRING ""
| #define PACKAGE_BUGREPORT ""
| #define PACKAGE "gettext-runtime"
| #define VERSION "0.14.4"
| #define _GNU_SOURCE 1
| #define STDC_HEADERS 1
| #define HAVE_SYS_TYPES_H 1
| #define HAVE_SYS_STAT_H 1
| #define HAVE_STDLIB_H 1
| #define HAVE_STRING_H 1
| #define HAVE_MEMORY_H 1
| #define HAVE_STRINGS_H 1
| #define HAVE_INTTYPES_H 1
| #define HAVE_STDINT_H 1
| #define HAVE_UNISTD_H 1
| #define __EXTENSIONS__ 1
| #define HAVE_DLFCN_H 1
| #ifdef __cplusplus
| extern "C" void std::exit (int) throw (); using std::exit;
| #endif
| #define INSTALLPREFIX "c:/progra~1/Gettext"
| #define ENABLE_RELOCATABLE 1
| #define HAVE_STRING_H 1
| #define HAVE__BOOL 1
| #define HAVE_STDBOOL_H 1
| #define HAVE_ALLOCA_H 1
| #define HAVE_ALLOCA 1
| #define HAVE_STDLIB_H 1
| #define HAVE_STRING_H 1
| #define HAVE_STDLIB_H 1
| #define MALLOC_0_IS_NONNULL 1
| #define HAVE_LONG_LONG 1
| #define HAVE_LONG_DOUBLE 1
| #define HAVE_VPRINTF 1
| #define HAVE_SETLOCALE 1
| #define HAVE_STRERROR 1
| #define HAVE_ATEXIT 1
| #define HAVE_MEMMOVE 1
| #define HAVE_GETOPT_H 1
| #define HAVE_GETOPT_LONG_ONLY 1
| #define __GETOPT_PREFIX rpl_
| #define HAVE_UNISTD_H 1
| #define HAVE_SETENV 1
| #define HAVE_UNSETENV 1
| #define HAVE_STRERROR 1
| #define HAVE_ISASCII 1
| #define HAVE_STRTOUL 1
| /* end confdefs.h.  */
| #include <stdio.h>
| #if HAVE_SYS_TYPES_H
| # include <sys/types.h>
| #endif
| #if HAVE_SYS_STAT_H
| # include <sys/stat.h>
| #endif
| #if STDC_HEADERS
| # include <stdlib.h>
| # include <stddef.h>
| #else
| # if HAVE_STDLIB_H
| #  include <stdlib.h>
| # endif
| #endif
| #if HAVE_STRING_H
| # if !STDC_HEADERS && HAVE_MEMORY_H
| #  include <memory.h>
| # endif
| # include <string.h>
| #endif
| #if HAVE_STRINGS_H
| # include <strings.h>
| #endif
| #if HAVE_INTTYPES_H
| # include <inttypes.h>
| #else
| # if HAVE_STDINT_H
| #  include <stdint.h>
| # endif
| #endif
| #if HAVE_UNISTD_H
| # include <unistd.h>
| #endif
| int
| main ()
| {
| #ifndef clearerr_unlocked
|   char *p = (char *) clearerr_unlocked;
| #endif
| 
|   ;
|   return 0;
| }
configure:24151: result: no
configure:24171: checking whether feof_unlocked is declared
configure:24195: gcc -c  -Wall -O3 -fms-extensions -mms-bitfields  -fno-exceptions -fomit-frame-pointer -march=i386 -mcpu=i686     -D__GW32__ -D_LARGEFILE_SOURCE=1 -D_LARGEFILE64_SOURCE=1 -D_FILE_OFFSET_BITS=64 -D_MSC_VER    -idirafter e:/progra~1/gnuwin32/include -idirafter h:/glibc/include    conftest.c >&5
configure:24201: $? = 0
configure:24205: test -z 
			 || test ! -s conftest.err
configure:24208: $? = 0
configure:24211: test -s conftest.o
configure:24214: $? = 0
configure:24225: result: yes
configure:24245: checking whether ferror_unlocked is declared
configure:24269: gcc -c  -Wall -O3 -fms-extensions -mms-bitfields  -fno-exceptions -fomit-frame-pointer -march=i386 -mcpu=i686     -D__GW32__ -D_LARGEFILE_SOURCE=1 -D_LARGEFILE64_SOURCE=1 -D_FILE_OFFSET_BITS=64 -D_MSC_VER    -idirafter e:/progra~1/gnuwin32/include -idirafter h:/glibc/include    conftest.c >&5
configure:24275: $? = 0
configure:24279: test -z 
			 || test ! -s conftest.err
configure:24282: $? = 0
configure:24285: test -s conftest.o
configure:24288: $? = 0
configure:24299: result: yes
configure:24319: checking whether fflush_unlocked is declared
configure:24343: gcc -c  -Wall -O3 -fms-extensions -mms-bitfields  -fno-exceptions -fomit-frame-pointer -march=i386 -mcpu=i686     -D__GW32__ -D_LARGEFILE_SOURCE=1 -D_LARGEFILE64_SOURCE=1 -D_FILE_OFFSET_BITS=64 -D_MSC_VER    -idirafter e:/progra~1/gnuwin32/include -idirafter h:/glibc/include    conftest.c >&5
conftest.c: In function `main':
conftest.c:95: error: `fflush_unlocked' undeclared (first use in this function)
conftest.c:95: error: (Each undeclared identifier is reported only once
conftest.c:95: error: for each function it appears in.)
conftest.c:95: warning: unused variable `p'
configure:24349: $? = 1
configure: failed program was:
| /* confdefs.h.  */
| 
| #define PACKAGE_NAME ""
| #define PACKAGE_TARNAME ""
| #define PACKAGE_VERSION ""
| #define PACKAGE_STRING ""
| #define PACKAGE_BUGREPORT ""
| #define PACKAGE "gettext-runtime"
| #define VERSION "0.14.4"
| #define _GNU_SOURCE 1
| #define STDC_HEADERS 1
| #define HAVE_SYS_TYPES_H 1
| #define HAVE_SYS_STAT_H 1
| #define HAVE_STDLIB_H 1
| #define HAVE_STRING_H 1
| #define HAVE_MEMORY_H 1
| #define HAVE_STRINGS_H 1
| #define HAVE_INTTYPES_H 1
| #define HAVE_STDINT_H 1
| #define HAVE_UNISTD_H 1
| #define __EXTENSIONS__ 1
| #define HAVE_DLFCN_H 1
| #ifdef __cplusplus
| extern "C" void std::exit (int) throw (); using std::exit;
| #endif
| #define INSTALLPREFIX "c:/progra~1/Gettext"
| #define ENABLE_RELOCATABLE 1
| #define HAVE_STRING_H 1
| #define HAVE__BOOL 1
| #define HAVE_STDBOOL_H 1
| #define HAVE_ALLOCA_H 1
| #define HAVE_ALLOCA 1
| #define HAVE_STDLIB_H 1
| #define HAVE_STRING_H 1
| #define HAVE_STDLIB_H 1
| #define MALLOC_0_IS_NONNULL 1
| #define HAVE_LONG_LONG 1
| #define HAVE_LONG_DOUBLE 1
| #define HAVE_VPRINTF 1
| #define HAVE_SETLOCALE 1
| #define HAVE_STRERROR 1
| #define HAVE_ATEXIT 1
| #define HAVE_MEMMOVE 1
| #define HAVE_GETOPT_H 1
| #define HAVE_GETOPT_LONG_ONLY 1
| #define __GETOPT_PREFIX rpl_
| #define HAVE_UNISTD_H 1
| #define HAVE_SETENV 1
| #define HAVE_UNSETENV 1
| #define HAVE_STRERROR 1
| #define HAVE_ISASCII 1
| #define HAVE_STRTOUL 1
| #define HAVE_DECL_CLEARERR_UNLOCKED 0
| #define HAVE_DECL_FEOF_UNLOCKED 1
| #define HAVE_DECL_FERROR_UNLOCKED 1
| /* end confdefs.h.  */
| #include <stdio.h>
| #if HAVE_SYS_TYPES_H
| # include <sys/types.h>
| #endif
| #if HAVE_SYS_STAT_H
| # include <sys/stat.h>
| #endif
| #if STDC_HEADERS
| # include <stdlib.h>
| # include <stddef.h>
| #else
| # if HAVE_STDLIB_H
| #  include <stdlib.h>
| # endif
| #endif
| #if HAVE_STRING_H
| # if !STDC_HEADERS && HAVE_MEMORY_H
| #  include <memory.h>
| # endif
| # include <string.h>
| #endif
| #if HAVE_STRINGS_H
| # include <strings.h>
| #endif
| #if HAVE_INTTYPES_H
| # include <inttypes.h>
| #else
| # if HAVE_STDINT_H
| #  include <stdint.h>
| # endif
| #endif
| #if HAVE_UNISTD_H
| # include <unistd.h>
| #endif
| int
| main ()
| {
| #ifndef fflush_unlocked
|   char *p = (char *) fflush_unlocked;
| #endif
| 
|   ;
|   return 0;
| }
configure:24373: result: no
configure:24393: checking whether fgets_unlocked is declared
configure:24417: gcc -c  -Wall -O3 -fms-extensions -mms-bitfields  -fno-exceptions -fomit-frame-pointer -march=i386 -mcpu=i686     -D__GW32__ -D_LARGEFILE_SOURCE=1 -D_LARGEFILE64_SOURCE=1 -D_FILE_OFFSET_BITS=64 -D_MSC_VER    -idirafter e:/progra~1/gnuwin32/include -idirafter h:/glibc/include    conftest.c >&5
configure:24423: $? = 0
configure:24427: test -z 
			 || test ! -s conftest.err
configure:24430: $? = 0
configure:24433: test -s conftest.o
configure:24436: $? = 0
configure:24447: result: yes
configure:24467: checking whether fputc_unlocked is declared
configure:24491: gcc -c  -Wall -O3 -fms-extensions -mms-bitfields  -fno-exceptions -fomit-frame-pointer -march=i386 -mcpu=i686     -D__GW32__ -D_LARGEFILE_SOURCE=1 -D_LARGEFILE64_SOURCE=1 -D_FILE_OFFSET_BITS=64 -D_MSC_VER    -idirafter e:/progra~1/gnuwin32/include -idirafter h:/glibc/include    conftest.c >&5
configure:24497: $? = 0
configure:24501: test -z 
			 || test ! -s conftest.err
configure:24504: $? = 0
configure:24507: test -s conftest.o
configure:24510: $? = 0
configure:24521: result: yes
configure:24541: checking whether fputs_unlocked is declared
configure:24565: gcc -c  -Wall -O3 -fms-extensions -mms-bitfields  -fno-exceptions -fomit-frame-pointer -march=i386 -mcpu=i686     -D__GW32__ -D_LARGEFILE_SOURCE=1 -D_LARGEFILE64_SOURCE=1 -D_FILE_OFFSET_BITS=64 -D_MSC_VER    -idirafter e:/progra~1/gnuwin32/include -idirafter h:/glibc/include    conftest.c >&5
configure:24571: $? = 0
configure:24575: test -z 
			 || test ! -s conftest.err
configure:24578: $? = 0
configure:24581: test -s conftest.o
configure:24584: $? = 0
configure:24595: result: yes
configure:24615: checking whether fread_unlocked is declared
configure:24639: gcc -c  -Wall -O3 -fms-extensions -mms-bitfields  -fno-exceptions -fomit-frame-pointer -march=i386 -mcpu=i686     -D__GW32__ -D_LARGEFILE_SOURCE=1 -D_LARGEFILE64_SOURCE=1 -D_FILE_OFFSET_BITS=64 -D_MSC_VER    -idirafter e:/progra~1/gnuwin32/include -idirafter h:/glibc/include    conftest.c >&5
configure:24645: $? = 0
configure:24649: test -z 
			 || test ! -s conftest.err
configure:24652: $? = 0
configure:24655: test -s conftest.o
configure:24658: $? = 0
configure:24669: result: yes
configure:24689: checking whether fwrite_unlocked is declared
configure:24713: gcc -c  -Wall -O3 -fms-extensions -mms-bitfields  -fno-exceptions -fomit-frame-pointer -march=i386 -mcpu=i686     -D__GW32__ -D_LARGEFILE_SOURCE=1 -D_LARGEFILE64_SOURCE=1 -D_FILE_OFFSET_BITS=64 -D_MSC_VER    -idirafter e:/progra~1/gnuwin32/include -idirafter h:/glibc/include    conftest.c >&5
configure:24719: $? = 0
configure:24723: test -z 
			 || test ! -s conftest.err
configure:24726: $? = 0
configure:24729: test -s conftest.o
configure:24732: $? = 0
configure:24743: result: yes
configure:24763: checking whether getc_unlocked is declared
configure:24787: gcc -c  -Wall -O3 -fms-extensions -mms-bitfields  -fno-exceptions -fomit-frame-pointer -march=i386 -mcpu=i686     -D__GW32__ -D_LARGEFILE_SOURCE=1 -D_LARGEFILE64_SOURCE=1 -D_FILE_OFFSET_BITS=64 -D_MSC_VER    -idirafter e:/progra~1/gnuwin32/include -idirafter h:/glibc/include    conftest.c >&5
configure:24793: $? = 0
configure:24797: test -z 
			 || test ! -s conftest.err
configure:24800: $? = 0
configure:24803: test -s conftest.o
configure:24806: $? = 0
configure:24817: result: yes
configure:24837: checking whether getchar_unlocked is declared
configure:24861: gcc -c  -Wall -O3 -fms-extensions -mms-bitfields  -fno-exceptions -fomit-frame-pointer -march=i386 -mcpu=i686     -D__GW32__ -D_LARGEFILE_SOURCE=1 -D_LARGEFILE64_SOURCE=1 -D_FILE_OFFSET_BITS=64 -D_MSC_VER    -idirafter e:/progra~1/gnuwin32/include -idirafter h:/glibc/include    conftest.c >&5
configure:24867: $? = 0
configure:24871: test -z 
			 || test ! -s conftest.err
configure:24874: $? = 0
configure:24877: test -s conftest.o
configure:24880: $? = 0
configure:24891: result: yes
configure:24911: checking whether putc_unlocked is declared
configure:24935: gcc -c  -Wall -O3 -fms-extensions -mms-bitfields  -fno-exceptions -fomit-frame-pointer -march=i386 -mcpu=i686     -D__GW32__ -D_LARGEFILE_SOURCE=1 -D_LARGEFILE64_SOURCE=1 -D_FILE_OFFSET_BITS=64 -D_MSC_VER    -idirafter e:/progra~1/gnuwin32/include -idirafter h:/glibc/include    conftest.c >&5
configure:24941: $? = 0
configure:24945: test -z 
			 || test ! -s conftest.err
configure:24948: $? = 0
configure:24951: test -s conftest.o
configure:24954: $? = 0
configure:24965: result: yes
configure:24985: checking whether putchar_unlocked is declared
configure:25009: gcc -c  -Wall -O3 -fms-extensions -mms-bitfields  -fno-exceptions -fomit-frame-pointer -march=i386 -mcpu=i686     -D__GW32__ -D_LARGEFILE_SOURCE=1 -D_LARGEFILE64_SOURCE=1 -D_FILE_OFFSET_BITS=64 -D_MSC_VER    -idirafter e:/progra~1/gnuwin32/include -idirafter h:/glibc/include    conftest.c >&5
configure:25015: $? = 0
configure:25019: test -z 
			 || test ! -s conftest.err
configure:25022: $? = 0
configure:25025: test -s conftest.o
configure:25028: $? = 0
configure:25039: result: yes
configure:25111: checking whether strerror_r is declared
configure:25135: gcc -c  -Wall -O3 -fms-extensions -mms-bitfields  -fno-exceptions -fomit-frame-pointer -march=i386 -mcpu=i686     -D__GW32__ -D_LARGEFILE_SOURCE=1 -D_LARGEFILE64_SOURCE=1 -D_FILE_OFFSET_BITS=64 -D_MSC_VER    -idirafter e:/progra~1/gnuwin32/include -idirafter h:/glibc/include    conftest.c >&5
conftest.c: In function `main':
conftest.c:106: error: `strerror_r' undeclared (first use in this function)
conftest.c:106: error: (Each undeclared identifier is reported only once
conftest.c:106: error: for each function it appears in.)
conftest.c:106: warning: unused variable `p'
configure:25141: $? = 1
configure: failed program was:
| /* confdefs.h.  */
| 
| #define PACKAGE_NAME ""
| #define PACKAGE_TARNAME ""
| #define PACKAGE_VERSION ""
| #define PACKAGE_STRING ""
| #define PACKAGE_BUGREPORT ""
| #define PACKAGE "gettext-runtime"
| #define VERSION "0.14.4"
| #define _GNU_SOURCE 1
| #define STDC_HEADERS 1
| #define HAVE_SYS_TYPES_H 1
| #define HAVE_SYS_STAT_H 1
| #define HAVE_STDLIB_H 1
| #define HAVE_STRING_H 1
| #define HAVE_MEMORY_H 1
| #define HAVE_STRINGS_H 1
| #define HAVE_INTTYPES_H 1
| #define HAVE_STDINT_H 1
| #define HAVE_UNISTD_H 1
| #define __EXTENSIONS__ 1
| #define HAVE_DLFCN_H 1
| #ifdef __cplusplus
| extern "C" void std::exit (int) throw (); using std::exit;
| #endif
| #define INSTALLPREFIX "c:/progra~1/Gettext"
| #define ENABLE_RELOCATABLE 1
| #define HAVE_STRING_H 1
| #define HAVE__BOOL 1
| #define HAVE_STDBOOL_H 1
| #define HAVE_ALLOCA_H 1
| #define HAVE_ALLOCA 1
| #define HAVE_STDLIB_H 1
| #define HAVE_STRING_H 1
| #define HAVE_STDLIB_H 1
| #define MALLOC_0_IS_NONNULL 1
| #define HAVE_LONG_LONG 1
| #define HAVE_LONG_DOUBLE 1
| #define HAVE_VPRINTF 1
| #define HAVE_SETLOCALE 1
| #define HAVE_STRERROR 1
| #define HAVE_ATEXIT 1
| #define HAVE_MEMMOVE 1
| #define HAVE_GETOPT_H 1
| #define HAVE_GETOPT_LONG_ONLY 1
| #define __GETOPT_PREFIX rpl_
| #define HAVE_UNISTD_H 1
| #define HAVE_SETENV 1
| #define HAVE_UNSETENV 1
| #define HAVE_STRERROR 1
| #define HAVE_ISASCII 1
| #define HAVE_STRTOUL 1
| #define HAVE_DECL_CLEARERR_UNLOCKED 0
| #define HAVE_DECL_FEOF_UNLOCKED 1
| #define HAVE_DECL_FERROR_UNLOCKED 1
| #define HAVE_DECL_FFLUSH_UNLOCKED 0
| #define HAVE_DECL_FGETS_UNLOCKED 1
| #define HAVE_DECL_FPUTC_UNLOCKED 1
| #define HAVE_DECL_FPUTS_UNLOCKED 1
| #define HAVE_DECL_FREAD_UNLOCKED 1
| #define HAVE_DECL_FWRITE_UNLOCKED 1
| #define HAVE_DECL_GETC_UNLOCKED 1
| #define HAVE_DECL_GETCHAR_UNLOCKED 1
| #define HAVE_DECL_PUTC_UNLOCKED 1
| #define HAVE_DECL_PUTCHAR_UNLOCKED 1
| #define USE_UNLOCKED_IO 1
| /* end confdefs.h.  */
| #include <stdio.h>
| #if HAVE_SYS_TYPES_H
| # include <sys/types.h>
| #endif
| #if HAVE_SYS_STAT_H
| # include <sys/stat.h>
| #endif
| #if STDC_HEADERS
| # include <stdlib.h>
| # include <stddef.h>
| #else
| # if HAVE_STDLIB_H
| #  include <stdlib.h>
| # endif
| #endif
| #if HAVE_STRING_H
| # if !STDC_HEADERS && HAVE_MEMORY_H
| #  include <memory.h>
| # endif
| # include <string.h>
| #endif
| #if HAVE_STRINGS_H
| # include <strings.h>
| #endif
| #if HAVE_INTTYPES_H
| # include <inttypes.h>
| #else
| # if HAVE_STDINT_H
| #  include <stdint.h>
| # endif
| #endif
| #if HAVE_UNISTD_H
| # include <unistd.h>
| #endif
| int
| main ()
| {
| #ifndef strerror_r
|   char *p = (char *) strerror_r;
| #endif
| 
|   ;
|   return 0;
| }
configure:25165: result: no
configure:25187: checking for strerror_r
configure:25244: gcc -o conftest.exe  -Wall -O3 -fms-extensions -mms-bitfields  -fno-exceptions -fomit-frame-pointer -march=i386 -mcpu=i686     -D__GW32__ -D_LARGEFILE_SOURCE=1 -D_LARGEFILE64_SOURCE=1 -D_FILE_OFFSET_BITS=64 -D_MSC_VER    -idirafter e:/progra~1/gnuwin32/include -idirafter h:/glibc/include     -Wl,-s -Wl,--force-exe-suffix -Wl,--enable-auto-import -Wl,--enable-runtime-pseudo-reloc -Wl,--allow-multiple-definition   conftest.c  -Wl,-s  -Le:/progra~1/gnuwin32/lib -lgw32c  -liberty -lintl -liconv -lwsock32 -lole32 -luuid -lmsvcp60   >&5
configure:25250: $? = 0
configure:25254: test -z 
			 || test ! -s conftest.err
configure:25257: $? = 0
configure:25260: test -s conftest.exe
configure:25263: $? = 0
configure:25275: result: yes
configure:25285: checking whether strerror_r returns char *
configure:25370: gcc -o conftest.exe  -Wall -O3 -fms-extensions -mms-bitfields  -fno-exceptions -fomit-frame-pointer -march=i386 -mcpu=i686     -D__GW32__ -D_LARGEFILE_SOURCE=1 -D_LARGEFILE64_SOURCE=1 -D_FILE_OFFSET_BITS=64 -D_MSC_VER    -idirafter e:/progra~1/gnuwin32/include -idirafter h:/glibc/include     -Wl,-s -Wl,--force-exe-suffix -Wl,--enable-auto-import -Wl,--enable-runtime-pseudo-reloc -Wl,--allow-multiple-definition   conftest.c  -Wl,-s  -Le:/progra~1/gnuwin32/lib -lgw32c  -liberty -lintl -liconv -lwsock32 -lole32 -luuid -lmsvcp60   >&5
conftest.c: In function `main':
conftest.c:110: warning: implicit declaration of function `isalpha'
configure:25373: $? = 0
configure:25375: ./conftest.exe
configure:25378: $? = 0
configure:25392: result: yes
configure:25403: checking for error_at_line
configure:25424: gcc -o conftest.exe  -Wall -O3 -fms-extensions -mms-bitfields  -fno-exceptions -fomit-frame-pointer -march=i386 -mcpu=i686     -D__GW32__ -D_LARGEFILE_SOURCE=1 -D_LARGEFILE64_SOURCE=1 -D_FILE_OFFSET_BITS=64 -D_MSC_VER    -idirafter e:/progra~1/gnuwin32/include -idirafter h:/glibc/include     -Wl,-s -Wl,--force-exe-suffix -Wl,--enable-auto-import -Wl,--enable-runtime-pseudo-reloc -Wl,--allow-multiple-definition   conftest.c  -Wl,-s  -Le:/progra~1/gnuwin32/lib -lgw32c  -liberty -lintl -liconv -lwsock32 -lole32 -luuid -lmsvcp60   >&5
conftest.c: In function `main':
conftest.c:108: warning: implicit declaration of function `error_at_line'
configure:25430: $? = 0
configure:25434: test -z 
			 || test ! -s conftest.err
configure:25437: $? = 0
configure:25440: test -s conftest.exe
configure:25443: $? = 0
configure:25455: result: yes
configure:25488: checking sys/param.h usability
configure:25500: gcc -c  -Wall -O3 -fms-extensions -mms-bitfields  -fno-exceptions -fomit-frame-pointer -march=i386 -mcpu=i686     -D__GW32__ -D_LARGEFILE_SOURCE=1 -D_LARGEFILE64_SOURCE=1 -D_FILE_OFFSET_BITS=64 -D_MSC_VER    -idirafter e:/progra~1/gnuwin32/include -idirafter h:/glibc/include    conftest.c >&5
configure:25506: $? = 0
configure:25510: test -z 
			 || test ! -s conftest.err
configure:25513: $? = 0
configure:25516: test -s conftest.o
configure:25519: $? = 0
configure:25529: result: yes
configure:25533: checking sys/param.h presence
configure:25543: gcc -E   -D__GW32__ -D_LARGEFILE_SOURCE=1 -D_LARGEFILE64_SOURCE=1 -D_FILE_OFFSET_BITS=64 -D_MSC_VER    -idirafter e:/progra~1/gnuwin32/include -idirafter h:/glibc/include    conftest.c
configure:25549: $? = 0
configure:25569: result: yes
configure:25604: checking for sys/param.h
configure:25611: result: yes
configure:25642: checking for readlink
configure:25699: gcc -o conftest.exe  -Wall -O3 -fms-extensions -mms-bitfields  -fno-exceptions -fomit-frame-pointer -march=i386 -mcpu=i686     -D__GW32__ -D_LARGEFILE_SOURCE=1 -D_LARGEFILE64_SOURCE=1 -D_FILE_OFFSET_BITS=64 -D_MSC_VER    -idirafter e:/progra~1/gnuwin32/include -idirafter h:/glibc/include     -Wl,-s -Wl,--force-exe-suffix -Wl,--enable-auto-import -Wl,--enable-runtime-pseudo-reloc -Wl,--allow-multiple-definition   conftest.c  -Wl,-s  -Le:/progra~1/gnuwin32/lib -lgw32c  -liberty -lintl -liconv -lwsock32 -lole32 -luuid -lmsvcp60   >&5
configure:25705: $? = 0
configure:25709: test -z 
			 || test ! -s conftest.err
configure:25712: $? = 0
configure:25715: test -s conftest.exe
configure:25718: $? = 0
configure:25730: result: yes
configure:25755: checking for ssize_t
configure:25776: gcc -c  -Wall -O3 -fms-extensions -mms-bitfields  -fno-exceptions -fomit-frame-pointer -march=i386 -mcpu=i686     -D__GW32__ -D_LARGEFILE_SOURCE=1 -D_LARGEFILE64_SOURCE=1 -D_FILE_OFFSET_BITS=64 -D_MSC_VER    -idirafter e:/progra~1/gnuwin32/include -idirafter h:/glibc/include    conftest.c >&5
conftest.c: In function `main':
conftest.c:77: warning: unused variable `x'
configure:25782: $? = 0
configure:25786: test -z 
			 || test ! -s conftest.err
configure:25789: $? = 0
configure:25792: test -s conftest.o
configure:25795: $? = 0
configure:25806: result: yes
configure:25831: checking for canonicalize_file_name
configure:25888: gcc -o conftest.exe  -Wall -O3 -fms-extensions -mms-bitfields  -fno-exceptions -fomit-frame-pointer -march=i386 -mcpu=i686     -D__GW32__ -D_LARGEFILE_SOURCE=1 -D_LARGEFILE64_SOURCE=1 -D_FILE_OFFSET_BITS=64 -D_MSC_VER    -idirafter e:/progra~1/gnuwin32/include -idirafter h:/glibc/include     -Wl,-s -Wl,--force-exe-suffix -Wl,--enable-auto-import -Wl,--enable-runtime-pseudo-reloc -Wl,--allow-multiple-definition   conftest.c  -Wl,-s  -Le:/progra~1/gnuwin32/lib -lgw32c  -liberty -lintl -liconv -lwsock32 -lole32 -luuid -lmsvcp60   >&5
configure:25894: $? = 0
configure:25898: test -z 
			 || test ! -s conftest.err
configure:25901: $? = 0
configure:25904: test -s conftest.exe
configure:25907: $? = 0
configure:25919: result: yes
configure:26076: checking whether NLS is requested
configure:26085: result: yes
configure:26123: checking for msgfmt
configure: trying /usr/bin/msgfmt...
0 translated messages.
configure:26155: result: /usr/bin/msgfmt
configure:26164: checking for gmsgfmt
configure:26195: result: /usr/bin/msgfmt
configure:26234: checking for xgettext
configure: trying /usr/bin/xgettext...
/usr/bin/xgettext: unrecognized option `--msgid-bugs-address='
Try `/usr/bin/xgettext --help' for more information.
configure: trying /usr/bin/xgettext...
/usr/bin/xgettext: unrecognized option `--msgid-bugs-address='
Try `/usr/bin/xgettext --help' for more information.
configure: trying /cygdrive/e/program files/gnuwin32/bin/xgettext...
../../gettext-0.14.4-src/gettext-runtime/configure: line 26251: /cygdrive/e/program: No such file or directory
configure: trying /cygdrive/e/program files/gnuwin32/bin/xgettext...
../../gettext-0.14.4-src/gettext-runtime/configure: line 26251: /cygdrive/e/program: No such file or directory
configure: trying /usr/bin/xgettext...
/usr/bin/xgettext: unrecognized option `--msgid-bugs-address='
Try `/usr/bin/xgettext --help' for more information.
configure: trying /usr/bin/xgettext...
/usr/bin/xgettext: unrecognized option `--msgid-bugs-address='
Try `/usr/bin/xgettext --help' for more information.
configure:26269: result: no
configure:26306: checking for msgmerge
configure: trying /usr/bin/msgmerge...
configure:26337: result: /usr/bin/msgmerge
configure:26373: checking whether we are using the GNU C Library 2 or newer
configure:26404: result: yes
configure:26451: checking for ranlib
configure:26478: result: ranlib
configure:26490: checking for an ANSI C-conforming const
configure:26557: gcc -c  -Wall -O3 -fms-extensions -mms-bitfields  -fno-exceptions -fomit-frame-pointer -march=i386 -mcpu=i686     -D__GW32__ -D_LARGEFILE_SOURCE=1 -D_LARGEFILE64_SOURCE=1 -D_FILE_OFFSET_BITS=64 -D_MSC_VER    -idirafter e:/progra~1/gnuwin32/include -idirafter h:/glibc/include    conftest.c >&5
conftest.c: In function `main':
conftest.c:101: warning: unused variable `s'
conftest.c:121: warning: unused variable `foo'
conftest.c:82: warning: unused variable `x'
conftest.c:88: warning: unused variable `zero'
conftest.c:100: warning: `t' might be used uninitialized in this function
conftest.c:118: warning: `b' might be used uninitialized in this function
configure:26563: $? = 0
configure:26567: test -z 
			 || test ! -s conftest.err
configure:26570: $? = 0
configure:26573: test -s conftest.o
configure:26576: $? = 0
configure:26587: result: yes
configure:26598: checking for signed
configure:26619: gcc -c  -Wall -O3 -fms-extensions -mms-bitfields  -fno-exceptions -fomit-frame-pointer -march=i386 -mcpu=i686     -D__GW32__ -D_LARGEFILE_SOURCE=1 -D_LARGEFILE64_SOURCE=1 -D_FILE_OFFSET_BITS=64 -D_MSC_VER    -idirafter e:/progra~1/gnuwin32/include -idirafter h:/glibc/include    conftest.c >&5
conftest.c: In function `main':
conftest.c:78: warning: unused variable `x'
configure:26625: $? = 0
configure:26629: test -z 
			 || test ! -s conftest.err
configure:26632: $? = 0
configure:26635: test -s conftest.o
configure:26638: $? = 0
configure:26649: result: yes
configure:26659: checking for inline
configure:26680: gcc -c  -Wall -O3 -fms-extensions -mms-bitfields  -fno-exceptions -fomit-frame-pointer -march=i386 -mcpu=i686     -D__GW32__ -D_LARGEFILE_SOURCE=1 -D_LARGEFILE64_SOURCE=1 -D_FILE_OFFSET_BITS=64 -D_MSC_VER    -idirafter e:/progra~1/gnuwin32/include -idirafter h:/glibc/include    conftest.c >&5
configure:26686: $? = 0
configure:26690: test -z 
			 || test ! -s conftest.err
configure:26693: $? = 0
configure:26696: test -s conftest.o
configure:26699: $? = 0
configure:26711: result: inline
configure:26730: checking for off_t
configure:26754: gcc -c  -Wall -O3 -fms-extensions -mms-bitfields  -fno-exceptions -fomit-frame-pointer -march=i386 -mcpu=i686     -D__GW32__ -D_LARGEFILE_SOURCE=1 -D_LARGEFILE64_SOURCE=1 -D_FILE_OFFSET_BITS=64 -D_MSC_VER    -idirafter e:/progra~1/gnuwin32/include -idirafter h:/glibc/include    conftest.c >&5
configure:26760: $? = 0
configure:26764: test -z 
			 || test ! -s conftest.err
configure:26767: $? = 0
configure:26770: test -s conftest.o
configure:26773: $? = 0
configure:26784: result: yes
configure:26797: checking for wchar_t
configure:26819: gcc -c  -Wall -O3 -fms-extensions -mms-bitfields  -fno-exceptions -fomit-frame-pointer -march=i386 -mcpu=i686     -D__GW32__ -D_LARGEFILE_SOURCE=1 -D_LARGEFILE64_SOURCE=1 -D_FILE_OFFSET_BITS=64 -D_MSC_VER    -idirafter e:/progra~1/gnuwin32/include -idirafter h:/glibc/include    conftest.c >&5
configure:26825: $? = 0
configure:26829: test -z 
			 || test ! -s conftest.err
configure:26832: $? = 0
configure:26835: test -s conftest.o
configure:26838: $? = 0
configure:26849: result: yes
configure:26860: checking for wint_t
configure:26882: gcc -c  -Wall -O3 -fms-extensions -mms-bitfields  -fno-exceptions -fomit-frame-pointer -march=i386 -mcpu=i686     -D__GW32__ -D_LARGEFILE_SOURCE=1 -D_LARGEFILE64_SOURCE=1 -D_FILE_OFFSET_BITS=64 -D_MSC_VER    -idirafter e:/progra~1/gnuwin32/include -idirafter h:/glibc/include    conftest.c >&5
configure:26888: $? = 0
configure:26892: test -z 
			 || test ! -s conftest.err
configure:26895: $? = 0
configure:26898: test -s conftest.o
configure:26901: $? = 0
configure:26912: result: yes
configure:26923: checking for inttypes.h
configure:26945: gcc -c  -Wall -O3 -fms-extensions -mms-bitfields  -fno-exceptions -fomit-frame-pointer -march=i386 -mcpu=i686     -D__GW32__ -D_LARGEFILE_SOURCE=1 -D_LARGEFILE64_SOURCE=1 -D_FILE_OFFSET_BITS=64 -D_MSC_VER    -idirafter e:/progra~1/gnuwin32/include -idirafter h:/glibc/include    conftest.c >&5
conftest.c: In function `main':
conftest.c:81: warning: unused variable `i'
configure:26951: $? = 0
configure:26955: test -z 
			 || test ! -s conftest.err
configure:26958: $? = 0
configure:26961: test -s conftest.o
configure:26964: $? = 0
configure:26975: result: yes
configure:26986: checking for stdint.h
configure:27008: gcc -c  -Wall -O3 -fms-extensions -mms-bitfields  -fno-exceptions -fomit-frame-pointer -march=i386 -mcpu=i686     -D__GW32__ -D_LARGEFILE_SOURCE=1 -D_LARGEFILE64_SOURCE=1 -D_FILE_OFFSET_BITS=64 -D_MSC_VER    -idirafter e:/progra~1/gnuwin32/include -idirafter h:/glibc/include    conftest.c >&5
conftest.c: In function `main':
conftest.c:82: warning: unused variable `i'
configure:27014: $? = 0
configure:27018: test -z 
			 || test ! -s conftest.err
configure:27021: $? = 0
configure:27024: test -s conftest.o
configure:27027: $? = 0
configure:27038: result: yes
configure:27051: checking for intmax_t
configure:27081: gcc -c  -Wall -O3 -fms-extensions -mms-bitfields  -fno-exceptions -fomit-frame-pointer -march=i386 -mcpu=i686     -D__GW32__ -D_LARGEFILE_SOURCE=1 -D_LARGEFILE64_SOURCE=1 -D_FILE_OFFSET_BITS=64 -D_MSC_VER    -idirafter e:/progra~1/gnuwin32/include -idirafter h:/glibc/include    conftest.c >&5
conftest.c: In function `main':
conftest.c:91: warning: unused variable `x'
configure:27087: $? = 0
configure:27091: test -z 
			 || test ! -s conftest.err
configure:27094: $? = 0
configure:27097: test -s conftest.o
configure:27100: $? = 0
configure:27111: result: yes
configure:27123: checking whether printf() supports POSIX/XSI format strings
configure:27173: gcc -o conftest.exe  -Wall -O3 -fms-extensions -mms-bitfields  -fno-exceptions -fomit-frame-pointer -march=i386 -mcpu=i686     -D__GW32__ -D_LARGEFILE_SOURCE=1 -D_LARGEFILE64_SOURCE=1 -D_FILE_OFFSET_BITS=64 -D_MSC_VER    -idirafter e:/progra~1/gnuwin32/include -idirafter h:/glibc/include     -Wl,-s -Wl,--force-exe-suffix -Wl,--enable-auto-import -Wl,--enable-runtime-pseudo-reloc -Wl,--allow-multiple-definition   conftest.c  -Wl,-s  -Le:/progra~1/gnuwin32/lib -lgw32c  -liberty -lintl -liconv -lwsock32 -lole32 -luuid -lmsvcp60   >&5
configure:27176: $? = 0
configure:27178: ./conftest.exe
configure:27181: $? = 1
configure: program exited with status 1
configure: failed program was:
| /* confdefs.h.  */
| 
| #define PACKAGE_NAME ""
| #define PACKAGE_TARNAME ""
| #define PACKAGE_VERSION ""
| #define PACKAGE_STRING ""
| #define PACKAGE_BUGREPORT ""
| #define PACKAGE "gettext-runtime"
| #define VERSION "0.14.4"
| #define _GNU_SOURCE 1
| #define STDC_HEADERS 1
| #define HAVE_SYS_TYPES_H 1
| #define HAVE_SYS_STAT_H 1
| #define HAVE_STDLIB_H 1
| #define HAVE_STRING_H 1
| #define HAVE_MEMORY_H 1
| #define HAVE_STRINGS_H 1
| #define HAVE_INTTYPES_H 1
| #define HAVE_STDINT_H 1
| #define HAVE_UNISTD_H 1
| #define __EXTENSIONS__ 1
| #define HAVE_DLFCN_H 1
| #ifdef __cplusplus
| extern "C" void std::exit (int) throw (); using std::exit;
| #endif
| #define INSTALLPREFIX "c:/progra~1/Gettext"
| #define ENABLE_RELOCATABLE 1
| #define HAVE_STRING_H 1
| #define HAVE__BOOL 1
| #define HAVE_STDBOOL_H 1
| #define HAVE_ALLOCA_H 1
| #define HAVE_ALLOCA 1
| #define HAVE_STDLIB_H 1
| #define HAVE_STRING_H 1
| #define HAVE_STDLIB_H 1
| #define MALLOC_0_IS_NONNULL 1
| #define HAVE_LONG_LONG 1
| #define HAVE_LONG_DOUBLE 1
| #define HAVE_VPRINTF 1
| #define HAVE_SETLOCALE 1
| #define HAVE_STRERROR 1
| #define HAVE_ATEXIT 1
| #define HAVE_MEMMOVE 1
| #define HAVE_GETOPT_H 1
| #define HAVE_GETOPT_LONG_ONLY 1
| #define __GETOPT_PREFIX rpl_
| #define HAVE_UNISTD_H 1
| #define HAVE_SETENV 1
| #define HAVE_UNSETENV 1
| #define HAVE_STRERROR 1
| #define HAVE_ISASCII 1
| #define HAVE_STRTOUL 1
| #define HAVE_DECL_CLEARERR_UNLOCKED 0
| #define HAVE_DECL_FEOF_UNLOCKED 1
| #define HAVE_DECL_FERROR_UNLOCKED 1
| #define HAVE_DECL_FFLUSH_UNLOCKED 0
| #define HAVE_DECL_FGETS_UNLOCKED 1
| #define HAVE_DECL_FPUTC_UNLOCKED 1
| #define HAVE_DECL_FPUTS_UNLOCKED 1
| #define HAVE_DECL_FREAD_UNLOCKED 1
| #define HAVE_DECL_FWRITE_UNLOCKED 1
| #define HAVE_DECL_GETC_UNLOCKED 1
| #define HAVE_DECL_GETCHAR_UNLOCKED 1
| #define HAVE_DECL_PUTC_UNLOCKED 1
| #define HAVE_DECL_PUTCHAR_UNLOCKED 1
| #define USE_UNLOCKED_IO 1
| #define HAVE_DECL_STRERROR_R 0
| #define HAVE_STRERROR_R 1
| #define STRERROR_R_CHAR_P 1
| #define HAVE_SYS_PARAM_H 1
| #define HAVE_READLINK 1
| #define HAVE_CANONICALIZE_FILE_NAME 1
| #define HAVE_WCHAR_T 1
| #define HAVE_WINT_T 1
| #define HAVE_INTTYPES_H_WITH_UINTMAX 1
| #define HAVE_STDINT_H_WITH_UINTMAX 1
| #define HAVE_INTMAX_T 1
| /* end confdefs.h.  */
| 
| #include <stdio.h>
| #include <string.h>
| /* The string "%2 %1", with dollar characters protected from the shell's
|    dollar expansion (possibly an autoconf bug).  */
| static char format[] = { '%', '2', '$', 'd', ' ', '%', '1', '$', 'd', '\0' };
| static char buf[100];
| int main ()
| {
|   sprintf (buf, format, 33, 55);
|   return (strcmp (buf, "55 33") != 0);
| }
configure:27196: result: no
configure:27214: checking for stdlib.h
configure:27219: result: yes
configure:27214: checking for unistd.h
configure:27219: result: yes
configure:27363: checking for getpagesize
configure:27420: gcc -o conftest.exe  -Wall -O3 -fms-extensions -mms-bitfields  -fno-exceptions -fomit-frame-pointer -march=i386 -mcpu=i686     -D__GW32__ -D_LARGEFILE_SOURCE=1 -D_LARGEFILE64_SOURCE=1 -D_FILE_OFFSET_BITS=64 -D_MSC_VER    -idirafter e:/progra~1/gnuwin32/include -idirafter h:/glibc/include     -Wl,-s -Wl,--force-exe-suffix -Wl,--enable-auto-import -Wl,--enable-runtime-pseudo-reloc -Wl,--allow-multiple-definition   conftest.c  -Wl,-s  -Le:/progra~1/gnuwin32/lib -lgw32c  -liberty -lintl -liconv -lwsock32 -lole32 -luuid -lmsvcp60   >&5
configure:27426: $? = 0
configure:27430: test -z 
			 || test ! -s conftest.err
configure:27433: $? = 0
configure:27436: test -s conftest.exe
configure:27439: $? = 0
configure:27451: result: yes
configure:27461: checking for working mmap
configure:27603: gcc -o conftest.exe  -Wall -O3 -fms-extensions -mms-bitfields  -fno-exceptions -fomit-frame-pointer -march=i386 -mcpu=i686     -D__GW32__ -D_LARGEFILE_SOURCE=1 -D_LARGEFILE64_SOURCE=1 -D_FILE_OFFSET_BITS=64 -D_MSC_VER    -idirafter e:/progra~1/gnuwin32/include -idirafter h:/glibc/include     -Wl,-s -Wl,--force-exe-suffix -Wl,--enable-auto-import -Wl,--enable-runtime-pseudo-reloc -Wl,--allow-multiple-definition   conftest.c  -Wl,-s  -Le:/progra~1/gnuwin32/lib -lgw32c  -liberty -lintl -liconv -lwsock32 -lole32 -luuid -lmsvcp60   >&5
configure:27606: $? = 0
configure:27608: ./conftest.exe
configure:27611: $? = 1
configure: program exited with status 1
configure: failed program was:
| /* confdefs.h.  */
| 
| #define PACKAGE_NAME ""
| #define PACKAGE_TARNAME ""
| #define PACKAGE_VERSION ""
| #define PACKAGE_STRING ""
| #define PACKAGE_BUGREPORT ""
| #define PACKAGE "gettext-runtime"
| #define VERSION "0.14.4"
| #define _GNU_SOURCE 1
| #define STDC_HEADERS 1
| #define HAVE_SYS_TYPES_H 1
| #define HAVE_SYS_STAT_H 1
| #define HAVE_STDLIB_H 1
| #define HAVE_STRING_H 1
| #define HAVE_MEMORY_H 1
| #define HAVE_STRINGS_H 1
| #define HAVE_INTTYPES_H 1
| #define HAVE_STDINT_H 1
| #define HAVE_UNISTD_H 1
| #define __EXTENSIONS__ 1
| #define HAVE_DLFCN_H 1
| #ifdef __cplusplus
| extern "C" void std::exit (int) throw (); using std::exit;
| #endif
| #define INSTALLPREFIX "c:/progra~1/Gettext"
| #define ENABLE_RELOCATABLE 1
| #define HAVE_STRING_H 1
| #define HAVE__BOOL 1
| #define HAVE_STDBOOL_H 1
| #define HAVE_ALLOCA_H 1
| #define HAVE_ALLOCA 1
| #define HAVE_STDLIB_H 1
| #define HAVE_STRING_H 1
| #define HAVE_STDLIB_H 1
| #define MALLOC_0_IS_NONNULL 1
| #define HAVE_LONG_LONG 1
| #define HAVE_LONG_DOUBLE 1
| #define HAVE_VPRINTF 1
| #define HAVE_SETLOCALE 1
| #define HAVE_STRERROR 1
| #define HAVE_ATEXIT 1
| #define HAVE_MEMMOVE 1
| #define HAVE_GETOPT_H 1
| #define HAVE_GETOPT_LONG_ONLY 1
| #define __GETOPT_PREFIX rpl_
| #define HAVE_UNISTD_H 1
| #define HAVE_SETENV 1
| #define HAVE_UNSETENV 1
| #define HAVE_STRERROR 1
| #define HAVE_ISASCII 1
| #define HAVE_STRTOUL 1
| #define HAVE_DECL_CLEARERR_UNLOCKED 0
| #define HAVE_DECL_FEOF_UNLOCKED 1
| #define HAVE_DECL_FERROR_UNLOCKED 1
| #define HAVE_DECL_FFLUSH_UNLOCKED 0
| #define HAVE_DECL_FGETS_UNLOCKED 1
| #define HAVE_DECL_FPUTC_UNLOCKED 1
| #define HAVE_DECL_FPUTS_UNLOCKED 1
| #define HAVE_DECL_FREAD_UNLOCKED 1
| #define HAVE_DECL_FWRITE_UNLOCKED 1
| #define HAVE_DECL_GETC_UNLOCKED 1
| #define HAVE_DECL_GETCHAR_UNLOCKED 1
| #define HAVE_DECL_PUTC_UNLOCKED 1
| #define HAVE_DECL_PUTCHAR_UNLOCKED 1
| #define USE_UNLOCKED_IO 1
| #define HAVE_DECL_STRERROR_R 0
| #define HAVE_STRERROR_R 1
| #define STRERROR_R_CHAR_P 1
| #define HAVE_SYS_PARAM_H 1
| #define HAVE_READLINK 1
| #define HAVE_CANONICALIZE_FILE_NAME 1
| #define HAVE_WCHAR_T 1
| #define HAVE_WINT_T 1
| #define HAVE_INTTYPES_H_WITH_UINTMAX 1
| #define HAVE_STDINT_H_WITH_UINTMAX 1
| #define HAVE_INTMAX_T 1
| #define HAVE_STDLIB_H 1
| #define HAVE_UNISTD_H 1
| #define HAVE_GETPAGESIZE 1
| /* end confdefs.h.  */
| #include <stdio.h>
| #if HAVE_SYS_TYPES_H
| # include <sys/types.h>
| #endif
| #if HAVE_SYS_STAT_H
| # include <sys/stat.h>
| #endif
| #if STDC_HEADERS
| # include <stdlib.h>
| # include <stddef.h>
| #else
| # if HAVE_STDLIB_H
| #  include <stdlib.h>
| # endif
| #endif
| #if HAVE_STRING_H
| # if !STDC_HEADERS && HAVE_MEMORY_H
| #  include <memory.h>
| # endif
| # include <string.h>
| #endif
| #if HAVE_STRINGS_H
| # include <strings.h>
| #endif
| #if HAVE_INTTYPES_H
| # include <inttypes.h>
| #else
| # if HAVE_STDINT_H
| #  include <stdint.h>
| # endif
| #endif
| #if HAVE_UNISTD_H
| # include <unistd.h>
| #endif
| /* malloc might have been renamed as rpl_malloc. */
| #undef malloc
| 
| /* Thanks to Mike Haertel and Jim Avera for this test.
|    Here is a matrix of mmap possibilities:
| 	mmap private not fixed
| 	mmap private fixed at somewhere currently unmapped
| 	mmap private fixed at somewhere already mapped
| 	mmap shared not fixed
| 	mmap shared fixed at somewhere currently unmapped
| 	mmap shared fixed at somewhere already mapped
|    For private mappings, we should verify that changes cannot be read()
|    back from the file, nor mmap's back from the file at a different
|    address.  (There have been systems where private was not correctly
|    implemented like the infamous i386 svr4.0, and systems where the
|    VM page cache was not coherent with the file system buffer cache
|    like early versions of FreeBSD and possibly contemporary NetBSD.)
|    For shared mappings, we should conversely verify that changes get
|    propagated back to all the places they're supposed to be.
| 
|    Grep wants private fixed already mapped.
|    The main things grep needs to know about mmap are:
|    * does it exist and is it safe to write into the mmap'd area
|    * how to use it (BSD variants)  */
| 
| #include <fcntl.h>
| #include <sys/mman.h>
| 
| #if !STDC_HEADERS && !HAVE_STDLIB_H
| char *malloc ();
| #endif
| 
| /* This mess was copied from the GNU getpagesize.h.  */
| #if !HAVE_GETPAGESIZE
| /* Assume that all systems that can run configure have sys/param.h.  */
| # if !HAVE_SYS_PARAM_H
| #  define HAVE_SYS_PARAM_H 1
| # endif
| 
| # ifdef _SC_PAGESIZE
| #  define getpagesize() sysconf(_SC_PAGESIZE)
| # else /* no _SC_PAGESIZE */
| #  if HAVE_SYS_PARAM_H
| #   include <sys/param.h>
| #   ifdef EXEC_PAGESIZE
| #    define getpagesize() EXEC_PAGESIZE
| #   else /* no EXEC_PAGESIZE */
| #    ifdef NBPG
| #     define getpagesize() NBPG * CLSIZE
| #     ifndef CLSIZE
| #      define CLSIZE 1
| #     endif /* no CLSIZE */
| #    else /* no NBPG */
| #     ifdef NBPC
| #      define getpagesize() NBPC
| #     else /* no NBPC */
| #      ifdef PAGESIZE
| #       define getpagesize() PAGESIZE
| #      endif /* PAGESIZE */
| #     endif /* no NBPC */
| #    endif /* no NBPG */
| #   endif /* no EXEC_PAGESIZE */
| #  else /* no HAVE_SYS_PARAM_H */
| #   define getpagesize() 8192	/* punt totally */
| #  endif /* no HAVE_SYS_PARAM_H */
| # endif /* no _SC_PAGESIZE */
| 
| #endif /* no HAVE_GETPAGESIZE */
| 
| int
| main ()
| {
|   char *data, *data2, *data3;
|   int i, pagesize;
|   int fd;
| 
|   pagesize = getpagesize ();
| 
|   /* First, make a file with some known garbage in it. */
|   data = (char *) malloc (pagesize);
|   if (!data)
|     exit (1);
|   for (i = 0; i < pagesize; ++i)
|     *(data + i) = rand ();
|   umask (0);
|   fd = creat ("conftest.mmap", 0600);
|   if (fd < 0)
|     exit (1);
|   if (write (fd, data, pagesize) != pagesize)
|     exit (1);
|   close (fd);
| 
|   /* Next, try to mmap the file at a fixed address which already has
|      something else allocated at it.  If we can, also make sure that
|      we see the same garbage.  */
|   fd = open ("conftest.mmap", O_RDWR);
|   if (fd < 0)
|     exit (1);
|   data2 = (char *) malloc (2 * pagesize);
|   if (!data2)
|     exit (1);
|   data2 += (pagesize - ((long) data2 & (pagesize - 1))) & (pagesize - 1);
|   if (data2 != mmap (data2, pagesize, PROT_READ | PROT_WRITE,
| 		     MAP_PRIVATE | MAP_FIXED, fd, 0L))
|     exit (1);
|   for (i = 0; i < pagesize; ++i)
|     if (*(data + i) != *(data2 + i))
|       exit (1);
| 
|   /* Finally, make sure that changes to the mapped area do not
|      percolate back to the file as seen by read().  (This is a bug on
|      some variants of i386 svr4.0.)  */
|   for (i = 0; i < pagesize; ++i)
|     *(data2 + i) = *(data2 + i) + 1;
|   data3 = (char *) malloc (pagesize);
|   if (!data3)
|     exit (1);
|   if (read (fd, data3, pagesize) != pagesize)
|     exit (1);
|   for (i = 0; i < pagesize; ++i)
|     if (*(data + i) != *(data3 + i))
|       exit (1);
|   close (fd);
|   exit (0);
| }
configure:27625: result: no
configure:27637: checking whether we are using the GNU C Library 2.1 or newer
configure:27668: result: yes
configure:27676: checking whether integer division by zero raises SIGFPE
configure:27738: gcc -o conftest.exe  -Wall -O3 -fms-extensions -mms-bitfields  -fno-exceptions -fomit-frame-pointer -march=i386 -mcpu=i686     -D__GW32__ -D_LARGEFILE_SOURCE=1 -D_LARGEFILE64_SOURCE=1 -D_FILE_OFFSET_BITS=64 -D_MSC_VER    -idirafter e:/progra~1/gnuwin32/include -idirafter h:/glibc/include     -Wl,-s -Wl,--force-exe-suffix -Wl,--enable-auto-import -Wl,--enable-runtime-pseudo-reloc -Wl,--allow-multiple-definition   conftest.c  -Wl,-s  -Le:/progra~1/gnuwin32/lib -lgw32c  -liberty -lintl -liconv -lwsock32 -lole32 -luuid -lmsvcp60   >&5
conftest.c:100: warning: built-in function `nan' declared as non-function
configure:27741: $? = 0
configure:27743: ./conftest.exe
configure:27746: $? = 0
configure:27761: result: yes
configure:27774: checking for unsigned long long
configure:27796: gcc -o conftest.exe  -Wall -O3 -fms-extensions -mms-bitfields  -fno-exceptions -fomit-frame-pointer -march=i386 -mcpu=i686     -D__GW32__ -D_LARGEFILE_SOURCE=1 -D_LARGEFILE64_SOURCE=1 -D_FILE_OFFSET_BITS=64 -D_MSC_VER    -idirafter e:/progra~1/gnuwin32/include -idirafter h:/glibc/include     -Wl,-s -Wl,--force-exe-suffix -Wl,--enable-auto-import -Wl,--enable-runtime-pseudo-reloc -Wl,--allow-multiple-definition   conftest.c  -Wl,-s  -Le:/progra~1/gnuwin32/lib -lgw32c  -liberty -lintl -liconv -lwsock32 -lole32 -luuid -lmsvcp60   >&5
configure:27802: $? = 0
configure:27806: test -z 
			 || test ! -s conftest.err
configure:27809: $? = 0
configure:27812: test -s conftest.exe
configure:27815: $? = 0
configure:27827: result: yes
configure:27859: checking for inttypes.h
configure:27882: gcc -c  -Wall -O3 -fms-extensions -mms-bitfields  -fno-exceptions -fomit-frame-pointer -march=i386 -mcpu=i686     -D__GW32__ -D_LARGEFILE_SOURCE=1 -D_LARGEFILE64_SOURCE=1 -D_FILE_OFFSET_BITS=64 -D_MSC_VER    -idirafter e:/progra~1/gnuwin32/include -idirafter h:/glibc/include    conftest.c >&5
configure:27888: $? = 0
configure:27892: test -z 
			 || test ! -s conftest.err
configure:27895: $? = 0
configure:27898: test -s conftest.o
configure:27901: $? = 0
configure:27913: result: yes
configure:27926: checking whether the inttypes.h PRIxNN macros are broken
configure:27952: gcc -c  -Wall -O3 -fms-extensions -mms-bitfields  -fno-exceptions -fomit-frame-pointer -march=i386 -mcpu=i686     -D__GW32__ -D_LARGEFILE_SOURCE=1 -D_LARGEFILE64_SOURCE=1 -D_FILE_OFFSET_BITS=64 -D_MSC_VER    -idirafter e:/progra~1/gnuwin32/include -idirafter h:/glibc/include    conftest.c >&5
configure:27958: $? = 0
configure:27962: test -z 
			 || test ! -s conftest.err
configure:27965: $? = 0
configure:27968: test -s conftest.o
configure:27971: $? = 0
configure:27983: result: no
configure:28000: checking for stdint.h
configure:28005: result: yes
configure:28145: checking for SIZE_MAX
configure:29214: result: yes
configure:29232: checking for stdint.h
configure:29237: result: yes
configure:29379: checking for CFPreferencesCopyAppValue
configure:29404: gcc -o conftest.exe  -Wall -O3 -fms-extensions -mms-bitfields  -fno-exceptions -fomit-frame-pointer -march=i386 -mcpu=i686     -D__GW32__ -D_LARGEFILE_SOURCE=1 -D_LARGEFILE64_SOURCE=1 -D_FILE_OFFSET_BITS=64 -D_MSC_VER    -idirafter e:/progra~1/gnuwin32/include -idirafter h:/glibc/include    -I/System/Library/Frameworks/CoreFoundation.framework/Headers  -Wl,-s -Wl,--force-exe-suffix -Wl,--enable-auto-import -Wl,--enable-runtime-pseudo-reloc -Wl,--allow-multiple-definition   conftest.c  -Wl,-s  -Le:/progra~1/gnuwin32/lib -lgw32c  -liberty -lintl -liconv -lwsock32 -lole32 -luuid -lmsvcp60   -framework CoreFoundation >&5
cc1.exe: error: unrecognized option `-framework'
gcc.exe: CoreFoundation: No such file or directory
configure:29410: $? = 1
configure: failed program was:
| /* confdefs.h.  */
| 
| #define PACKAGE_NAME ""
| #define PACKAGE_TARNAME ""
| #define PACKAGE_VERSION ""
| #define PACKAGE_STRING ""
| #define PACKAGE_BUGREPORT ""
| #define PACKAGE "gettext-runtime"
| #define VERSION "0.14.4"
| #define _GNU_SOURCE 1
| #define STDC_HEADERS 1
| #define HAVE_SYS_TYPES_H 1
| #define HAVE_SYS_STAT_H 1
| #define HAVE_STDLIB_H 1
| #define HAVE_STRING_H 1
| #define HAVE_MEMORY_H 1
| #define HAVE_STRINGS_H 1
| #define HAVE_INTTYPES_H 1
| #define HAVE_STDINT_H 1
| #define HAVE_UNISTD_H 1
| #define __EXTENSIONS__ 1
| #define HAVE_DLFCN_H 1
| #ifdef __cplusplus
| extern "C" void std::exit (int) throw (); using std::exit;
| #endif
| #define INSTALLPREFIX "c:/progra~1/Gettext"
| #define ENABLE_RELOCATABLE 1
| #define HAVE_STRING_H 1
| #define HAVE__BOOL 1
| #define HAVE_STDBOOL_H 1
| #define HAVE_ALLOCA_H 1
| #define HAVE_ALLOCA 1
| #define HAVE_STDLIB_H 1
| #define HAVE_STRING_H 1
| #define HAVE_STDLIB_H 1
| #define MALLOC_0_IS_NONNULL 1
| #define HAVE_LONG_LONG 1
| #define HAVE_LONG_DOUBLE 1
| #define HAVE_VPRINTF 1
| #define HAVE_SETLOCALE 1
| #define HAVE_STRERROR 1
| #define HAVE_ATEXIT 1
| #define HAVE_MEMMOVE 1
| #define HAVE_GETOPT_H 1
| #define HAVE_GETOPT_LONG_ONLY 1
| #define __GETOPT_PREFIX rpl_
| #define HAVE_UNISTD_H 1
| #define HAVE_SETENV 1
| #define HAVE_UNSETENV 1
| #define HAVE_STRERROR 1
| #define HAVE_ISASCII 1
| #define HAVE_STRTOUL 1
| #define HAVE_DECL_CLEARERR_UNLOCKED 0
| #define HAVE_DECL_FEOF_UNLOCKED 1
| #define HAVE_DECL_FERROR_UNLOCKED 1
| #define HAVE_DECL_FFLUSH_UNLOCKED 0
| #define HAVE_DECL_FGETS_UNLOCKED 1
| #define HAVE_DECL_FPUTC_UNLOCKED 1
| #define HAVE_DECL_FPUTS_UNLOCKED 1
| #define HAVE_DECL_FREAD_UNLOCKED 1
| #define HAVE_DECL_FWRITE_UNLOCKED 1
| #define HAVE_DECL_GETC_UNLOCKED 1
| #define HAVE_DECL_GETCHAR_UNLOCKED 1
| #define HAVE_DECL_PUTC_UNLOCKED 1
| #define HAVE_DECL_PUTCHAR_UNLOCKED 1
| #define USE_UNLOCKED_IO 1
| #define HAVE_DECL_STRERROR_R 0
| #define HAVE_STRERROR_R 1
| #define STRERROR_R_CHAR_P 1
| #define HAVE_SYS_PARAM_H 1
| #define HAVE_READLINK 1
| #define HAVE_CANONICALIZE_FILE_NAME 1
| #define HAVE_WCHAR_T 1
| #define HAVE_WINT_T 1
| #define HAVE_INTTYPES_H_WITH_UINTMAX 1
| #define HAVE_STDINT_H_WITH_UINTMAX 1
| #define HAVE_INTMAX_T 1
| #define HAVE_STDLIB_H 1
| #define HAVE_UNISTD_H 1
| #define HAVE_GETPAGESIZE 1
| #define INTDIV0_RAISES_SIGFPE 1
| #define HAVE_UNSIGNED_LONG_LONG 1
| #define HAVE_UINTMAX_T 1
| #define HAVE_INTTYPES_H 1
| #define HAVE_STDINT_H 1
| #define HAVE_STDINT_H 1
| /* end confdefs.h.  */
| #include <CFPreferences.h>
| int
| main ()
| {
| CFPreferencesCopyAppValue(NULL, NULL)
|   ;
|   return 0;
| }
configure:29437: result: no
configure:29446: checking for CFLocaleCopyCurrent
configure:29471: gcc -o conftest.exe  -Wall -O3 -fms-extensions -mms-bitfields  -fno-exceptions -fomit-frame-pointer -march=i386 -mcpu=i686     -D__GW32__ -D_LARGEFILE_SOURCE=1 -D_LARGEFILE64_SOURCE=1 -D_FILE_OFFSET_BITS=64 -D_MSC_VER    -idirafter e:/progra~1/gnuwin32/include -idirafter h:/glibc/include    -I/System/Library/Frameworks/CoreFoundation.framework/Headers  -Wl,-s -Wl,--force-exe-suffix -Wl,--enable-auto-import -Wl,--enable-runtime-pseudo-reloc -Wl,--allow-multiple-definition   conftest.c  -Wl,-s  -Le:/progra~1/gnuwin32/lib -lgw32c  -liberty -lintl -liconv -lwsock32 -lole32 -luuid -lmsvcp60   -framework CoreFoundation >&5
cc1.exe: error: unrecognized option `-framework'
gcc.exe: CoreFoundation: No such file or directory
configure:29477: $? = 1
configure: failed program was:
| /* confdefs.h.  */
| 
| #define PACKAGE_NAME ""
| #define PACKAGE_TARNAME ""
| #define PACKAGE_VERSION ""
| #define PACKAGE_STRING ""
| #define PACKAGE_BUGREPORT ""
| #define PACKAGE "gettext-runtime"
| #define VERSION "0.14.4"
| #define _GNU_SOURCE 1
| #define STDC_HEADERS 1
| #define HAVE_SYS_TYPES_H 1
| #define HAVE_SYS_STAT_H 1
| #define HAVE_STDLIB_H 1
| #define HAVE_STRING_H 1
| #define HAVE_MEMORY_H 1
| #define HAVE_STRINGS_H 1
| #define HAVE_INTTYPES_H 1
| #define HAVE_STDINT_H 1
| #define HAVE_UNISTD_H 1
| #define __EXTENSIONS__ 1
| #define HAVE_DLFCN_H 1
| #ifdef __cplusplus
| extern "C" void std::exit (int) throw (); using std::exit;
| #endif
| #define INSTALLPREFIX "c:/progra~1/Gettext"
| #define ENABLE_RELOCATABLE 1
| #define HAVE_STRING_H 1
| #define HAVE__BOOL 1
| #define HAVE_STDBOOL_H 1
| #define HAVE_ALLOCA_H 1
| #define HAVE_ALLOCA 1
| #define HAVE_STDLIB_H 1
| #define HAVE_STRING_H 1
| #define HAVE_STDLIB_H 1
| #define MALLOC_0_IS_NONNULL 1
| #define HAVE_LONG_LONG 1
| #define HAVE_LONG_DOUBLE 1
| #define HAVE_VPRINTF 1
| #define HAVE_SETLOCALE 1
| #define HAVE_STRERROR 1
| #define HAVE_ATEXIT 1
| #define HAVE_MEMMOVE 1
| #define HAVE_GETOPT_H 1
| #define HAVE_GETOPT_LONG_ONLY 1
| #define __GETOPT_PREFIX rpl_
| #define HAVE_UNISTD_H 1
| #define HAVE_SETENV 1
| #define HAVE_UNSETENV 1
| #define HAVE_STRERROR 1
| #define HAVE_ISASCII 1
| #define HAVE_STRTOUL 1
| #define HAVE_DECL_CLEARERR_UNLOCKED 0
| #define HAVE_DECL_FEOF_UNLOCKED 1
| #define HAVE_DECL_FERROR_UNLOCKED 1
| #define HAVE_DECL_FFLUSH_UNLOCKED 0
| #define HAVE_DECL_FGETS_UNLOCKED 1
| #define HAVE_DECL_FPUTC_UNLOCKED 1
| #define HAVE_DECL_FPUTS_UNLOCKED 1
| #define HAVE_DECL_FREAD_UNLOCKED 1
| #define HAVE_DECL_FWRITE_UNLOCKED 1
| #define HAVE_DECL_GETC_UNLOCKED 1
| #define HAVE_DECL_GETCHAR_UNLOCKED 1
| #define HAVE_DECL_PUTC_UNLOCKED 1
| #define HAVE_DECL_PUTCHAR_UNLOCKED 1
| #define USE_UNLOCKED_IO 1
| #define HAVE_DECL_STRERROR_R 0
| #define HAVE_STRERROR_R 1
| #define STRERROR_R_CHAR_P 1
| #define HAVE_SYS_PARAM_H 1
| #define HAVE_READLINK 1
| #define HAVE_CANONICALIZE_FILE_NAME 1
| #define HAVE_WCHAR_T 1
| #define HAVE_WINT_T 1
| #define HAVE_INTTYPES_H_WITH_UINTMAX 1
| #define HAVE_STDINT_H_WITH_UINTMAX 1
| #define HAVE_INTMAX_T 1
| #define HAVE_STDLIB_H 1
| #define HAVE_UNISTD_H 1
| #define HAVE_GETPAGESIZE 1
| #define INTDIV0_RAISES_SIGFPE 1
| #define HAVE_UNSIGNED_LONG_LONG 1
| #define HAVE_UINTMAX_T 1
| #define HAVE_INTTYPES_H 1
| #define HAVE_STDINT_H 1
| #define HAVE_STDINT_H 1
| /* end confdefs.h.  */
| #include <CFLocale.h>
| int
| main ()
| {
| CFLocaleCopyCurrent();
|   ;
|   return 0;
| }
configure:29504: result: no
configure:29537: checking for shared library run path origin
configure:29550: result: done
configure:29956: checking for ptrdiff_t
configure:29980: gcc -c  -Wall -O3 -fms-extensions -mms-bitfields  -fno-exceptions -fomit-frame-pointer -march=i386 -mcpu=i686     -D__GW32__ -D_LARGEFILE_SOURCE=1 -D_LARGEFILE64_SOURCE=1 -D_FILE_OFFSET_BITS=64 -D_MSC_VER    -idirafter e:/progra~1/gnuwin32/include -idirafter h:/glibc/include    conftest.c >&5
configure:29986: $? = 0
configure:29990: test -z 
			 || test ! -s conftest.err
configure:29993: $? = 0
configure:29996: test -s conftest.o
configure:29999: $? = 0
configure:30010: result: yes
configure:30047: checking argz.h usability
configure:30059: gcc -c  -Wall -O3 -fms-extensions -mms-bitfields  -fno-exceptions -fomit-frame-pointer -march=i386 -mcpu=i686     -D__GW32__ -D_LARGEFILE_SOURCE=1 -D_LARGEFILE64_SOURCE=1 -D_FILE_OFFSET_BITS=64 -D_MSC_VER    -idirafter e:/progra~1/gnuwin32/include -idirafter h:/glibc/include    conftest.c >&5
configure:30065: $? = 0
configure:30069: test -z 
			 || test ! -s conftest.err
configure:30072: $? = 0
configure:30075: test -s conftest.o
configure:30078: $? = 0
configure:30088: result: yes
configure:30092: checking argz.h presence
configure:30102: gcc -E   -D__GW32__ -D_LARGEFILE_SOURCE=1 -D_LARGEFILE64_SOURCE=1 -D_FILE_OFFSET_BITS=64 -D_MSC_VER    -idirafter e:/progra~1/gnuwin32/include -idirafter h:/glibc/include    conftest.c
configure:30108: $? = 0
configure:30128: result: yes
configure:30163: checking for argz.h
configure:30170: result: yes
configure:30047: checking limits.h usability
configure:30059: gcc -c  -Wall -O3 -fms-extensions -mms-bitfields  -fno-exceptions -fomit-frame-pointer -march=i386 -mcpu=i686     -D__GW32__ -D_LARGEFILE_SOURCE=1 -D_LARGEFILE64_SOURCE=1 -D_FILE_OFFSET_BITS=64 -D_MSC_VER    -idirafter e:/progra~1/gnuwin32/include -idirafter h:/glibc/include    conftest.c >&5
configure:30065: $? = 0
configure:30069: test -z 
			 || test ! -s conftest.err
configure:30072: $? = 0
configure:30075: test -s conftest.o
configure:30078: $? = 0
configure:30088: result: yes
configure:30092: checking limits.h presence
configure:30102: gcc -E   -D__GW32__ -D_LARGEFILE_SOURCE=1 -D_LARGEFILE64_SOURCE=1 -D_FILE_OFFSET_BITS=64 -D_MSC_VER    -idirafter e:/progra~1/gnuwin32/include -idirafter h:/glibc/include    conftest.c
configure:30108: $? = 0
configure:30128: result: yes
configure:30163: checking for limits.h
configure:30170: result: yes
configure:30047: checking locale.h usability
configure:30059: gcc -c  -Wall -O3 -fms-extensions -mms-bitfields  -fno-exceptions -fomit-frame-pointer -march=i386 -mcpu=i686     -D__GW32__ -D_LARGEFILE_SOURCE=1 -D_LARGEFILE64_SOURCE=1 -D_FILE_OFFSET_BITS=64 -D_MSC_VER    -idirafter e:/progra~1/gnuwin32/include -idirafter h:/glibc/include    conftest.c >&5
configure:30065: $? = 0
configure:30069: test -z 
			 || test ! -s conftest.err
configure:30072: $? = 0
configure:30075: test -s conftest.o
configure:30078: $? = 0
configure:30088: result: yes
configure:30092: checking locale.h presence
configure:30102: gcc -E   -D__GW32__ -D_LARGEFILE_SOURCE=1 -D_LARGEFILE64_SOURCE=1 -D_FILE_OFFSET_BITS=64 -D_MSC_VER    -idirafter e:/progra~1/gnuwin32/include -idirafter h:/glibc/include    conftest.c
configure:30108: $? = 0
configure:30128: result: yes
configure:30163: checking for locale.h
configure:30170: result: yes
configure:30047: checking nl_types.h usability
configure:30059: gcc -c  -Wall -O3 -fms-extensions -mms-bitfields  -fno-exceptions -fomit-frame-pointer -march=i386 -mcpu=i686     -D__GW32__ -D_LARGEFILE_SOURCE=1 -D_LARGEFILE64_SOURCE=1 -D_FILE_OFFSET_BITS=64 -D_MSC_VER    -idirafter e:/progra~1/gnuwin32/include -idirafter h:/glibc/include    conftest.c >&5
configure:30065: $? = 0
configure:30069: test -z 
			 || test ! -s conftest.err
configure:30072: $? = 0
configure:30075: test -s conftest.o
configure:30078: $? = 0
configure:30088: result: yes
configure:30092: checking nl_types.h presence
configure:30102: gcc -E   -D__GW32__ -D_LARGEFILE_SOURCE=1 -D_LARGEFILE64_SOURCE=1 -D_FILE_OFFSET_BITS=64 -D_MSC_VER    -idirafter e:/progra~1/gnuwin32/include -idirafter h:/glibc/include    conftest.c
configure:30108: $? = 0
configure:30128: result: yes
configure:30163: checking for nl_types.h
configure:30170: result: yes
configure:30047: checking malloc.h usability
configure:30059: gcc -c  -Wall -O3 -fms-extensions -mms-bitfields  -fno-exceptions -fomit-frame-pointer -march=i386 -mcpu=i686     -D__GW32__ -D_LARGEFILE_SOURCE=1 -D_LARGEFILE64_SOURCE=1 -D_FILE_OFFSET_BITS=64 -D_MSC_VER    -idirafter e:/progra~1/gnuwin32/include -idirafter h:/glibc/include    conftest.c >&5
configure:30065: $? = 0
configure:30069: test -z 
			 || test ! -s conftest.err
configure:30072: $? = 0
configure:30075: test -s conftest.o
configure:30078: $? = 0
configure:30088: result: yes
configure:30092: checking malloc.h presence
configure:30102: gcc -E   -D__GW32__ -D_LARGEFILE_SOURCE=1 -D_LARGEFILE64_SOURCE=1 -D_FILE_OFFSET_BITS=64 -D_MSC_VER    -idirafter e:/progra~1/gnuwin32/include -idirafter h:/glibc/include    conftest.c
configure:30108: $? = 0
configure:30128: result: yes
configure:30163: checking for malloc.h
configure:30170: result: yes
configure:30047: checking stddef.h usability
configure:30059: gcc -c  -Wall -O3 -fms-extensions -mms-bitfields  -fno-exceptions -fomit-frame-pointer -march=i386 -mcpu=i686     -D__GW32__ -D_LARGEFILE_SOURCE=1 -D_LARGEFILE64_SOURCE=1 -D_FILE_OFFSET_BITS=64 -D_MSC_VER    -idirafter e:/progra~1/gnuwin32/include -idirafter h:/glibc/include    conftest.c >&5
configure:30065: $? = 0
configure:30069: test -z 
			 || test ! -s conftest.err
configure:30072: $? = 0
configure:30075: test -s conftest.o
configure:30078: $? = 0
configure:30088: result: yes
configure:30092: checking stddef.h presence
configure:30102: gcc -E   -D__GW32__ -D_LARGEFILE_SOURCE=1 -D_LARGEFILE64_SOURCE=1 -D_FILE_OFFSET_BITS=64 -D_MSC_VER    -idirafter e:/progra~1/gnuwin32/include -idirafter h:/glibc/include    conftest.c
configure:30108: $? = 0
configure:30128: result: yes
configure:30163: checking for stddef.h
configure:30170: result: yes
configure:30038: checking for stdlib.h
configure:30043: result: yes
configure:30038: checking for string.h
configure:30043: result: yes
configure:30038: checking for unistd.h
configure:30043: result: yes
configure:30038: checking for sys/param.h
configure:30043: result: yes
configure:30212: checking for asprintf
configure:30269: gcc -o conftest.exe  -Wall -O3 -fms-extensions -mms-bitfields  -fno-exceptions -fomit-frame-pointer -march=i386 -mcpu=i686     -D__GW32__ -D_LARGEFILE_SOURCE=1 -D_LARGEFILE64_SOURCE=1 -D_FILE_OFFSET_BITS=64 -D_MSC_VER    -idirafter e:/progra~1/gnuwin32/include -idirafter h:/glibc/include     -Wl,-s -Wl,--force-exe-suffix -Wl,--enable-auto-import -Wl,--enable-runtime-pseudo-reloc -Wl,--allow-multiple-definition   conftest.c  -Wl,-s  -Le:/progra~1/gnuwin32/lib -lgw32c  -liberty -lintl -liconv -lwsock32 -lole32 -luuid -lmsvcp60   >&5
configure:30275: $? = 0
configure:30279: test -z 
			 || test ! -s conftest.err
configure:30282: $? = 0
configure:30285: test -s conftest.exe
configure:30288: $? = 0
configure:30300: result: yes
configure:30212: checking for fwprintf
configure:30269: gcc -o conftest.exe  -Wall -O3 -fms-extensions -mms-bitfields  -fno-exceptions -fomit-frame-pointer -march=i386 -mcpu=i686     -D__GW32__ -D_LARGEFILE_SOURCE=1 -D_LARGEFILE64_SOURCE=1 -D_FILE_OFFSET_BITS=64 -D_MSC_VER    -idirafter e:/progra~1/gnuwin32/include -idirafter h:/glibc/include     -Wl,-s -Wl,--force-exe-suffix -Wl,--enable-auto-import -Wl,--enable-runtime-pseudo-reloc -Wl,--allow-multiple-definition   conftest.c  -Wl,-s  -Le:/progra~1/gnuwin32/lib -lgw32c  -liberty -lintl -liconv -lwsock32 -lole32 -luuid -lmsvcp60   >&5
configure:30275: $? = 0
configure:30279: test -z 
			 || test ! -s conftest.err
configure:30282: $? = 0
configure:30285: test -s conftest.exe
configure:30288: $? = 0
configure:30300: result: yes
configure:30212: checking for getcwd
configure:30269: gcc -o conftest.exe  -Wall -O3 -fms-extensions -mms-bitfields  -fno-exceptions -fomit-frame-pointer -march=i386 -mcpu=i686     -D__GW32__ -D_LARGEFILE_SOURCE=1 -D_LARGEFILE64_SOURCE=1 -D_FILE_OFFSET_BITS=64 -D_MSC_VER    -idirafter e:/progra~1/gnuwin32/include -idirafter h:/glibc/include     -Wl,-s -Wl,--force-exe-suffix -Wl,--enable-auto-import -Wl,--enable-runtime-pseudo-reloc -Wl,--allow-multiple-definition   conftest.c  -Wl,-s  -Le:/progra~1/gnuwin32/lib -lgw32c  -liberty -lintl -liconv -lwsock32 -lole32 -luuid -lmsvcp60   >&5
configure:30275: $? = 0
configure:30279: test -z 
			 || test ! -s conftest.err
configure:30282: $? = 0
configure:30285: test -s conftest.exe
configure:30288: $? = 0
configure:30300: result: yes
configure:30212: checking for getegid
configure:30269: gcc -o conftest.exe  -Wall -O3 -fms-extensions -mms-bitfields  -fno-exceptions -fomit-frame-pointer -march=i386 -mcpu=i686     -D__GW32__ -D_LARGEFILE_SOURCE=1 -D_LARGEFILE64_SOURCE=1 -D_FILE_OFFSET_BITS=64 -D_MSC_VER    -idirafter e:/progra~1/gnuwin32/include -idirafter h:/glibc/include     -Wl,-s -Wl,--force-exe-suffix -Wl,--enable-auto-import -Wl,--enable-runtime-pseudo-reloc -Wl,--allow-multiple-definition   conftest.c  -Wl,-s  -Le:/progra~1/gnuwin32/lib -lgw32c  -liberty -lintl -liconv -lwsock32 -lole32 -luuid -lmsvcp60   >&5
configure:30275: $? = 0
configure:30279: test -z 
			 || test ! -s conftest.err
configure:30282: $? = 0
configure:30285: test -s conftest.exe
configure:30288: $? = 0
configure:30300: result: yes
configure:30212: checking for geteuid
configure:30269: gcc -o conftest.exe  -Wall -O3 -fms-extensions -mms-bitfields  -fno-exceptions -fomit-frame-pointer -march=i386 -mcpu=i686     -D__GW32__ -D_LARGEFILE_SOURCE=1 -D_LARGEFILE64_SOURCE=1 -D_FILE_OFFSET_BITS=64 -D_MSC_VER    -idirafter e:/progra~1/gnuwin32/include -idirafter h:/glibc/include     -Wl,-s -Wl,--force-exe-suffix -Wl,--enable-auto-import -Wl,--enable-runtime-pseudo-reloc -Wl,--allow-multiple-definition   conftest.c  -Wl,-s  -Le:/progra~1/gnuwin32/lib -lgw32c  -liberty -lintl -liconv -lwsock32 -lole32 -luuid -lmsvcp60   >&5
configure:30275: $? = 0
configure:30279: test -z 
			 || test ! -s conftest.err
configure:30282: $? = 0
configure:30285: test -s conftest.exe
configure:30288: $? = 0
configure:30300: result: yes
configure:30212: checking for getgid
configure:30269: gcc -o conftest.exe  -Wall -O3 -fms-extensions -mms-bitfields  -fno-exceptions -fomit-frame-pointer -march=i386 -mcpu=i686     -D__GW32__ -D_LARGEFILE_SOURCE=1 -D_LARGEFILE64_SOURCE=1 -D_FILE_OFFSET_BITS=64 -D_MSC_VER    -idirafter e:/progra~1/gnuwin32/include -idirafter h:/glibc/include     -Wl,-s -Wl,--force-exe-suffix -Wl,--enable-auto-import -Wl,--enable-runtime-pseudo-reloc -Wl,--allow-multiple-definition   conftest.c  -Wl,-s  -Le:/progra~1/gnuwin32/lib -lgw32c  -liberty -lintl -liconv -lwsock32 -lole32 -luuid -lmsvcp60   >&5
configure:30275: $? = 0
configure:30279: test -z 
			 || test ! -s conftest.err
configure:30282: $? = 0
configure:30285: test -s conftest.exe
configure:30288: $? = 0
configure:30300: result: yes
configure:30212: checking for getuid
configure:30269: gcc -o conftest.exe  -Wall -O3 -fms-extensions -mms-bitfields  -fno-exceptions -fomit-frame-pointer -march=i386 -mcpu=i686     -D__GW32__ -D_LARGEFILE_SOURCE=1 -D_LARGEFILE64_SOURCE=1 -D_FILE_OFFSET_BITS=64 -D_MSC_VER    -idirafter e:/progra~1/gnuwin32/include -idirafter h:/glibc/include     -Wl,-s -Wl,--force-exe-suffix -Wl,--enable-auto-import -Wl,--enable-runtime-pseudo-reloc -Wl,--allow-multiple-definition   conftest.c  -Wl,-s  -Le:/progra~1/gnuwin32/lib -lgw32c  -liberty -lintl -liconv -lwsock32 -lole32 -luuid -lmsvcp60   >&5
configure:30275: $? = 0
configure:30279: test -z 
			 || test ! -s conftest.err
configure:30282: $? = 0
configure:30285: test -s conftest.exe
configure:30288: $? = 0
configure:30300: result: yes
configure:30212: checking for mempcpy
configure:30269: gcc -o conftest.exe  -Wall -O3 -fms-extensions -mms-bitfields  -fno-exceptions -fomit-frame-pointer -march=i386 -mcpu=i686     -D__GW32__ -D_LARGEFILE_SOURCE=1 -D_LARGEFILE64_SOURCE=1 -D_FILE_OFFSET_BITS=64 -D_MSC_VER    -idirafter e:/progra~1/gnuwin32/include -idirafter h:/glibc/include     -Wl,-s -Wl,--force-exe-suffix -Wl,--enable-auto-import -Wl,--enable-runtime-pseudo-reloc -Wl,--allow-multiple-definition   conftest.c  -Wl,-s  -Le:/progra~1/gnuwin32/lib -lgw32c  -liberty -lintl -liconv -lwsock32 -lole32 -luuid -lmsvcp60   >&5
configure:30275: $? = 0
configure:30279: test -z 
			 || test ! -s conftest.err
configure:30282: $? = 0
configure:30285: test -s conftest.exe
configure:30288: $? = 0
configure:30300: result: yes
configure:30212: checking for munmap
configure:30269: gcc -o conftest.exe  -Wall -O3 -fms-extensions -mms-bitfields  -fno-exceptions -fomit-frame-pointer -march=i386 -mcpu=i686     -D__GW32__ -D_LARGEFILE_SOURCE=1 -D_LARGEFILE64_SOURCE=1 -D_FILE_OFFSET_BITS=64 -D_MSC_VER    -idirafter e:/progra~1/gnuwin32/include -idirafter h:/glibc/include     -Wl,-s -Wl,--force-exe-suffix -Wl,--enable-auto-import -Wl,--enable-runtime-pseudo-reloc -Wl,--allow-multiple-definition   conftest.c  -Wl,-s  -Le:/progra~1/gnuwin32/lib -lgw32c  -liberty -lintl -liconv -lwsock32 -lole32 -luuid -lmsvcp60   >&5
configure:30275: $? = 0
configure:30279: test -z 
			 || test ! -s conftest.err
configure:30282: $? = 0
configure:30285: test -s conftest.exe
configure:30288: $? = 0
configure:30300: result: yes
configure:30212: checking for putenv
configure:30269: gcc -o conftest.exe  -Wall -O3 -fms-extensions -mms-bitfields  -fno-exceptions -fomit-frame-pointer -march=i386 -mcpu=i686     -D__GW32__ -D_LARGEFILE_SOURCE=1 -D_LARGEFILE64_SOURCE=1 -D_FILE_OFFSET_BITS=64 -D_MSC_VER    -idirafter e:/progra~1/gnuwin32/include -idirafter h:/glibc/include     -Wl,-s -Wl,--force-exe-suffix -Wl,--enable-auto-import -Wl,--enable-runtime-pseudo-reloc -Wl,--allow-multiple-definition   conftest.c  -Wl,-s  -Le:/progra~1/gnuwin32/lib -lgw32c  -liberty -lintl -liconv -lwsock32 -lole32 -luuid -lmsvcp60   >&5
configure:30275: $? = 0
configure:30279: test -z 
			 || test ! -s conftest.err
configure:30282: $? = 0
configure:30285: test -s conftest.exe
configure:30288: $? = 0
configure:30300: result: yes
configure:30212: checking for setenv
configure:30300: result: yes
configure:30212: checking for setlocale
configure:30300: result: yes
configure:30212: checking for snprintf
configure:30269: gcc -o conftest.exe  -Wall -O3 -fms-extensions -mms-bitfields  -fno-exceptions -fomit-frame-pointer -march=i386 -mcpu=i686     -D__GW32__ -D_LARGEFILE_SOURCE=1 -D_LARGEFILE64_SOURCE=1 -D_FILE_OFFSET_BITS=64 -D_MSC_VER    -idirafter e:/progra~1/gnuwin32/include -idirafter h:/glibc/include     -Wl,-s -Wl,--force-exe-suffix -Wl,--enable-auto-import -Wl,--enable-runtime-pseudo-reloc -Wl,--allow-multiple-definition   conftest.c  -Wl,-s  -Le:/progra~1/gnuwin32/lib -lgw32c  -liberty -lintl -liconv -lwsock32 -lole32 -luuid -lmsvcp60   >&5
conftest.c:134: warning: conflicting types for built-in function `snprintf'
configure:30275: $? = 0
configure:30279: test -z 
			 || test ! -s conftest.err
configure:30282: $? = 0
configure:30285: test -s conftest.exe
configure:30288: $? = 0
configure:30300: result: yes
configure:30212: checking for stpcpy
configure:30269: gcc -o conftest.exe  -Wall -O3 -fms-extensions -mms-bitfields  -fno-exceptions -fomit-frame-pointer -march=i386 -mcpu=i686     -D__GW32__ -D_LARGEFILE_SOURCE=1 -D_LARGEFILE64_SOURCE=1 -D_FILE_OFFSET_BITS=64 -D_MSC_VER    -idirafter e:/progra~1/gnuwin32/include -idirafter h:/glibc/include     -Wl,-s -Wl,--force-exe-suffix -Wl,--enable-auto-import -Wl,--enable-runtime-pseudo-reloc -Wl,--allow-multiple-definition   conftest.c  -Wl,-s  -Le:/progra~1/gnuwin32/lib -lgw32c  -liberty -lintl -liconv -lwsock32 -lole32 -luuid -lmsvcp60   >&5
configure:30275: $? = 0
configure:30279: test -z 
			 || test ! -s conftest.err
configure:30282: $? = 0
configure:30285: test -s conftest.exe
configure:30288: $? = 0
configure:30300: result: yes
configure:30212: checking for strcasecmp
configure:30269: gcc -o conftest.exe  -Wall -O3 -fms-extensions -mms-bitfields  -fno-exceptions -fomit-frame-pointer -march=i386 -mcpu=i686     -D__GW32__ -D_LARGEFILE_SOURCE=1 -D_LARGEFILE64_SOURCE=1 -D_FILE_OFFSET_BITS=64 -D_MSC_VER    -idirafter e:/progra~1/gnuwin32/include -idirafter h:/glibc/include     -Wl,-s -Wl,--force-exe-suffix -Wl,--enable-auto-import -Wl,--enable-runtime-pseudo-reloc -Wl,--allow-multiple-definition   conftest.c  -Wl,-s  -Le:/progra~1/gnuwin32/lib -lgw32c  -liberty -lintl -liconv -lwsock32 -lole32 -luuid -lmsvcp60   >&5
configure:30275: $? = 0
configure:30279: test -z 
			 || test ! -s conftest.err
configure:30282: $? = 0
configure:30285: test -s conftest.exe
configure:30288: $? = 0
configure:30300: result: yes
configure:30212: checking for strdup
configure:30269: gcc -o conftest.exe  -Wall -O3 -fms-extensions -mms-bitfields  -fno-exceptions -fomit-frame-pointer -march=i386 -mcpu=i686     -D__GW32__ -D_LARGEFILE_SOURCE=1 -D_LARGEFILE64_SOURCE=1 -D_FILE_OFFSET_BITS=64 -D_MSC_VER    -idirafter e:/progra~1/gnuwin32/include -idirafter h:/glibc/include     -Wl,-s -Wl,--force-exe-suffix -Wl,--enable-auto-import -Wl,--enable-runtime-pseudo-reloc -Wl,--allow-multiple-definition   conftest.c  -Wl,-s  -Le:/progra~1/gnuwin32/lib -lgw32c  -liberty -lintl -liconv -lwsock32 -lole32 -luuid -lmsvcp60   >&5
configure:30275: $? = 0
configure:30279: test -z 
			 || test ! -s conftest.err
configure:30282: $? = 0
configure:30285: test -s conftest.exe
configure:30288: $? = 0
configure:30300: result: yes
configure:30212: checking for strtoul
configure:30300: result: yes
configure:30212: checking for tsearch
configure:30269: gcc -o conftest.exe  -Wall -O3 -fms-extensions -mms-bitfields  -fno-exceptions -fomit-frame-pointer -march=i386 -mcpu=i686     -D__GW32__ -D_LARGEFILE_SOURCE=1 -D_LARGEFILE64_SOURCE=1 -D_FILE_OFFSET_BITS=64 -D_MSC_VER    -idirafter e:/progra~1/gnuwin32/include -idirafter h:/glibc/include     -Wl,-s -Wl,--force-exe-suffix -Wl,--enable-auto-import -Wl,--enable-runtime-pseudo-reloc -Wl,--allow-multiple-definition   conftest.c  -Wl,-s  -Le:/progra~1/gnuwin32/lib -lgw32c  -liberty -lintl -liconv -lwsock32 -lole32 -luuid -lmsvcp60   >&5
configure:30275: $? = 0
configure:30279: test -z 
			 || test ! -s conftest.err
configure:30282: $? = 0
configure:30285: test -s conftest.exe
configure:30288: $? = 0
configure:30300: result: yes
configure:30212: checking for wcslen
configure:30269: gcc -o conftest.exe  -Wall -O3 -fms-extensions -mms-bitfields  -fno-exceptions -fomit-frame-pointer -march=i386 -mcpu=i686     -D__GW32__ -D_LARGEFILE_SOURCE=1 -D_LARGEFILE64_SOURCE=1 -D_FILE_OFFSET_BITS=64 -D_MSC_VER    -idirafter e:/progra~1/gnuwin32/include -idirafter h:/glibc/include     -Wl,-s -Wl,--force-exe-suffix -Wl,--enable-auto-import -Wl,--enable-runtime-pseudo-reloc -Wl,--allow-multiple-definition   conftest.c  -Wl,-s  -Le:/progra~1/gnuwin32/lib -lgw32c  -liberty -lintl -liconv -lwsock32 -lole32 -luuid -lmsvcp60   >&5
configure:30275: $? = 0
configure:30279: test -z 
			 || test ! -s conftest.err
configure:30282: $? = 0
configure:30285: test -s conftest.exe
configure:30288: $? = 0
configure:30300: result: yes
configure:30212: checking for __argz_count
configure:30269: gcc -o conftest.exe  -Wall -O3 -fms-extensions -mms-bitfields  -fno-exceptions -fomit-frame-pointer -march=i386 -mcpu=i686     -D__GW32__ -D_LARGEFILE_SOURCE=1 -D_LARGEFILE64_SOURCE=1 -D_FILE_OFFSET_BITS=64 -D_MSC_VER    -idirafter e:/progra~1/gnuwin32/include -idirafter h:/glibc/include     -Wl,-s -Wl,--force-exe-suffix -Wl,--enable-auto-import -Wl,--enable-runtime-pseudo-reloc -Wl,--allow-multiple-definition   conftest.c  -Wl,-s  -Le:/progra~1/gnuwin32/lib -lgw32c  -liberty -lintl -liconv -lwsock32 -lole32 -luuid -lmsvcp60   >&5
configure:30275: $? = 0
configure:30279: test -z 
			 || test ! -s conftest.err
configure:30282: $? = 0
configure:30285: test -s conftest.exe
configure:30288: $? = 0
configure:30300: result: yes
configure:30212: checking for __argz_stringify
configure:30269: gcc -o conftest.exe  -Wall -O3 -fms-extensions -mms-bitfields  -fno-exceptions -fomit-frame-pointer -march=i386 -mcpu=i686     -D__GW32__ -D_LARGEFILE_SOURCE=1 -D_LARGEFILE64_SOURCE=1 -D_FILE_OFFSET_BITS=64 -D_MSC_VER    -idirafter e:/progra~1/gnuwin32/include -idirafter h:/glibc/include     -Wl,-s -Wl,--force-exe-suffix -Wl,--enable-auto-import -Wl,--enable-runtime-pseudo-reloc -Wl,--allow-multiple-definition   conftest.c  -Wl,-s  -Le:/progra~1/gnuwin32/lib -lgw32c  -liberty -lintl -liconv -lwsock32 -lole32 -luuid -lmsvcp60   >&5
configure:30275: $? = 0
configure:30279: test -z 
			 || test ! -s conftest.err
configure:30282: $? = 0
configure:30285: test -s conftest.exe
configure:30288: $? = 0
configure:30300: result: yes
configure:30212: checking for __argz_next
configure:30269: gcc -o conftest.exe  -Wall -O3 -fms-extensions -mms-bitfields  -fno-exceptions -fomit-frame-pointer -march=i386 -mcpu=i686     -D__GW32__ -D_LARGEFILE_SOURCE=1 -D_LARGEFILE64_SOURCE=1 -D_FILE_OFFSET_BITS=64 -D_MSC_VER    -idirafter e:/progra~1/gnuwin32/include -idirafter h:/glibc/include     -Wl,-s -Wl,--force-exe-suffix -Wl,--enable-auto-import -Wl,--enable-runtime-pseudo-reloc -Wl,--allow-multiple-definition   conftest.c  -Wl,-s  -Le:/progra~1/gnuwin32/lib -lgw32c  -liberty -lintl -liconv -lwsock32 -lole32 -luuid -lmsvcp60   >&5
configure:30275: $? = 0
configure:30279: test -z 
			 || test ! -s conftest.err
configure:30282: $? = 0
configure:30285: test -s conftest.exe
configure:30288: $? = 0
configure:30300: result: yes
configure:30212: checking for __fsetlocking
configure:30269: gcc -o conftest.exe  -Wall -O3 -fms-extensions -mms-bitfields  -fno-exceptions -fomit-frame-pointer -march=i386 -mcpu=i686     -D__GW32__ -D_LARGEFILE_SOURCE=1 -D_LARGEFILE64_SOURCE=1 -D_FILE_OFFSET_BITS=64 -D_MSC_VER    -idirafter e:/progra~1/gnuwin32/include -idirafter h:/glibc/include     -Wl,-s -Wl,--force-exe-suffix -Wl,--enable-auto-import -Wl,--enable-runtime-pseudo-reloc -Wl,--allow-multiple-definition   conftest.c  -Wl,-s  -Le:/progra~1/gnuwin32/lib -lgw32c  -liberty -lintl -liconv -lwsock32 -lole32 -luuid -lmsvcp60   >&5
configure:30275: $? = 0
configure:30279: test -z 
			 || test ! -s conftest.err
configure:30282: $? = 0
configure:30285: test -s conftest.exe
configure:30288: $? = 0
configure:30300: result: yes
configure:30312: checking whether _snprintf is declared
configure:30337: gcc -c  -Wall -O3 -fms-extensions -mms-bitfields  -fno-exceptions -fomit-frame-pointer -march=i386 -mcpu=i686     -D__GW32__ -D_LARGEFILE_SOURCE=1 -D_LARGEFILE64_SOURCE=1 -D_FILE_OFFSET_BITS=64 -D_MSC_VER    -idirafter e:/progra~1/gnuwin32/include -idirafter h:/glibc/include    conftest.c >&5
conftest.c: In function `main':
conftest.c:127: warning: unused variable `p'
configure:30343: $? = 0
configure:30347: test -z 
			 || test ! -s conftest.err
configure:30350: $? = 0
configure:30353: test -s conftest.o
configure:30356: $? = 0
configure:30367: result: yes
configure:30381: checking whether _snwprintf is declared
configure:30406: gcc -c  -Wall -O3 -fms-extensions -mms-bitfields  -fno-exceptions -fomit-frame-pointer -march=i386 -mcpu=i686     -D__GW32__ -D_LARGEFILE_SOURCE=1 -D_LARGEFILE64_SOURCE=1 -D_FILE_OFFSET_BITS=64 -D_MSC_VER    -idirafter e:/progra~1/gnuwin32/include -idirafter h:/glibc/include    conftest.c >&5
conftest.c: In function `main':
conftest.c:128: warning: unused variable `p'
configure:30412: $? = 0
configure:30416: test -z 
			 || test ! -s conftest.err
configure:30419: $? = 0
configure:30422: test -s conftest.o
configure:30425: $? = 0
configure:30436: result: yes
configure:30451: checking whether feof_unlocked is declared
configure:30506: result: yes
configure:30520: checking whether fgets_unlocked is declared
configure:30575: result: yes
configure:30589: checking whether getc_unlocked is declared
configure:30644: result: yes
configure:30712: checking for iconv
configure:30739: gcc -o conftest.exe  -Wall -O3 -fms-extensions -mms-bitfields  -fno-exceptions -fomit-frame-pointer -march=i386 -mcpu=i686     -D__GW32__ -D_LARGEFILE_SOURCE=1 -D_LARGEFILE64_SOURCE=1 -D_FILE_OFFSET_BITS=64 -D_MSC_VER    -idirafter e:/progra~1/gnuwin32/include -idirafter h:/glibc/include     -Wl,-s -Wl,--force-exe-suffix -Wl,--enable-auto-import -Wl,--enable-runtime-pseudo-reloc -Wl,--allow-multiple-definition   conftest.c  -Wl,-s  -Le:/progra~1/gnuwin32/lib -lgw32c  -liberty -lintl -liconv -lwsock32 -lole32 -luuid -lmsvcp60   >&5
configure:30745: $? = 0
configure:30749: test -z 
			 || test ! -s conftest.err
configure:30752: $? = 0
configure:30755: test -s conftest.exe
configure:30758: $? = 0
configure:30824: result: yes
configure:30847: checking for iconv declaration
configure:30881: gcc -c  -Wall -O3 -fms-extensions -mms-bitfields  -fno-exceptions -fomit-frame-pointer -march=i386 -mcpu=i686     -D__GW32__ -D_LARGEFILE_SOURCE=1 -D_LARGEFILE64_SOURCE=1 -D_FILE_OFFSET_BITS=64 -D_MSC_VER    -idirafter e:/progra~1/gnuwin32/include -idirafter h:/glibc/include    conftest.c >&5
conftest.c:135: error: conflicting types for `libiconv'
e:/progra~1/gnuwin32/include/iconv.h:92: error: previous declaration of `libiconv'
configure:30887: $? = 1
configure: failed program was:
| /* confdefs.h.  */
| 
| #define PACKAGE_NAME ""
| #define PACKAGE_TARNAME ""
| #define PACKAGE_VERSION ""
| #define PACKAGE_STRING ""
| #define PACKAGE_BUGREPORT ""
| #define PACKAGE "gettext-runtime"
| #define VERSION "0.14.4"
| #define _GNU_SOURCE 1
| #define STDC_HEADERS 1
| #define HAVE_SYS_TYPES_H 1
| #define HAVE_SYS_STAT_H 1
| #define HAVE_STDLIB_H 1
| #define HAVE_STRING_H 1
| #define HAVE_MEMORY_H 1
| #define HAVE_STRINGS_H 1
| #define HAVE_INTTYPES_H 1
| #define HAVE_STDINT_H 1
| #define HAVE_UNISTD_H 1
| #define __EXTENSIONS__ 1
| #define HAVE_DLFCN_H 1
| #ifdef __cplusplus
| extern "C" void std::exit (int) throw (); using std::exit;
| #endif
| #define INSTALLPREFIX "c:/progra~1/Gettext"
| #define ENABLE_RELOCATABLE 1
| #define HAVE_STRING_H 1
| #define HAVE__BOOL 1
| #define HAVE_STDBOOL_H 1
| #define HAVE_ALLOCA_H 1
| #define HAVE_ALLOCA 1
| #define HAVE_STDLIB_H 1
| #define HAVE_STRING_H 1
| #define HAVE_STDLIB_H 1
| #define MALLOC_0_IS_NONNULL 1
| #define HAVE_LONG_LONG 1
| #define HAVE_LONG_DOUBLE 1
| #define HAVE_VPRINTF 1
| #define HAVE_SETLOCALE 1
| #define HAVE_STRERROR 1
| #define HAVE_ATEXIT 1
| #define HAVE_MEMMOVE 1
| #define HAVE_GETOPT_H 1
| #define HAVE_GETOPT_LONG_ONLY 1
| #define __GETOPT_PREFIX rpl_
| #define HAVE_UNISTD_H 1
| #define HAVE_SETENV 1
| #define HAVE_UNSETENV 1
| #define HAVE_STRERROR 1
| #define HAVE_ISASCII 1
| #define HAVE_STRTOUL 1
| #define HAVE_DECL_CLEARERR_UNLOCKED 0
| #define HAVE_DECL_FEOF_UNLOCKED 1
| #define HAVE_DECL_FERROR_UNLOCKED 1
| #define HAVE_DECL_FFLUSH_UNLOCKED 0
| #define HAVE_DECL_FGETS_UNLOCKED 1
| #define HAVE_DECL_FPUTC_UNLOCKED 1
| #define HAVE_DECL_FPUTS_UNLOCKED 1
| #define HAVE_DECL_FREAD_UNLOCKED 1
| #define HAVE_DECL_FWRITE_UNLOCKED 1
| #define HAVE_DECL_GETC_UNLOCKED 1
| #define HAVE_DECL_GETCHAR_UNLOCKED 1
| #define HAVE_DECL_PUTC_UNLOCKED 1
| #define HAVE_DECL_PUTCHAR_UNLOCKED 1
| #define USE_UNLOCKED_IO 1
| #define HAVE_DECL_STRERROR_R 0
| #define HAVE_STRERROR_R 1
| #define STRERROR_R_CHAR_P 1
| #define HAVE_SYS_PARAM_H 1
| #define HAVE_READLINK 1
| #define HAVE_CANONICALIZE_FILE_NAME 1
| #define HAVE_WCHAR_T 1
| #define HAVE_WINT_T 1
| #define HAVE_INTTYPES_H_WITH_UINTMAX 1
| #define HAVE_STDINT_H_WITH_UINTMAX 1
| #define HAVE_INTMAX_T 1
| #define HAVE_STDLIB_H 1
| #define HAVE_UNISTD_H 1
| #define HAVE_GETPAGESIZE 1
| #define INTDIV0_RAISES_SIGFPE 1
| #define HAVE_UNSIGNED_LONG_LONG 1
| #define HAVE_UINTMAX_T 1
| #define HAVE_INTTYPES_H 1
| #define HAVE_STDINT_H 1
| #define HAVE_STDINT_H 1
| #define HAVE_ARGZ_H 1
| #define HAVE_LIMITS_H 1
| #define HAVE_LOCALE_H 1
| #define HAVE_NL_TYPES_H 1
| #define HAVE_MALLOC_H 1
| #define HAVE_STDDEF_H 1
| #define HAVE_STDLIB_H 1
| #define HAVE_STRING_H 1
| #define HAVE_UNISTD_H 1
| #define HAVE_SYS_PARAM_H 1
| #define HAVE_ASPRINTF 1
| #define HAVE_FWPRINTF 1
| #define HAVE_GETCWD 1
| #define HAVE_GETEGID 1
| #define HAVE_GETEUID 1
| #define HAVE_GETGID 1
| #define HAVE_GETUID 1
| #define HAVE_MEMPCPY 1
| #define HAVE_MUNMAP 1
| #define HAVE_PUTENV 1
| #define HAVE_SETENV 1
| #define HAVE_SETLOCALE 1
| #define HAVE_SNPRINTF 1
| #define HAVE_STPCPY 1
| #define HAVE_STRCASECMP 1
| #define HAVE_STRDUP 1
| #define HAVE_STRTOUL 1
| #define HAVE_TSEARCH 1
| #define HAVE_WCSLEN 1
| #define HAVE___ARGZ_COUNT 1
| #define HAVE___ARGZ_STRINGIFY 1
| #define HAVE___ARGZ_NEXT 1
| #define HAVE___FSETLOCKING 1
| #define HAVE_DECL__SNPRINTF 1
| #define HAVE_DECL__SNWPRINTF 1
| #define HAVE_DECL_FEOF_UNLOCKED 1
| #define HAVE_DECL_FGETS_UNLOCKED 1
| #define HAVE_DECL_GETC_UNLOCKED 1
| #define HAVE_ICONV 1
| /* end confdefs.h.  */
| 
| #include <stdlib.h>
| #include <iconv.h>
| extern
| #ifdef __cplusplus
| "C"
| #endif
| #if defined(__STDC__) || defined(__cplusplus)
| size_t iconv (iconv_t cd, char * *inbuf, size_t *inbytesleft, char * *outbuf, size_t *outbytesleft);
| #else
| size_t iconv();
| #endif
| 
| int
| main ()
| {
| 
|   ;
|   return 0;
| }
configure:30915: result: 
         extern size_t iconv (iconv_t cd, const char * *inbuf, size_t *inbytesleft, char * *outbuf, size_t *outbytesleft);
configure:30926: checking for nl_langinfo and CODESET
configure:30947: gcc -o conftest.exe  -Wall -O3 -fms-extensions -mms-bitfields  -fno-exceptions -fomit-frame-pointer -march=i386 -mcpu=i686     -D__GW32__ -D_LARGEFILE_SOURCE=1 -D_LARGEFILE64_SOURCE=1 -D_FILE_OFFSET_BITS=64 -D_MSC_VER    -idirafter e:/progra~1/gnuwin32/include -idirafter h:/glibc/include     -Wl,-s -Wl,--force-exe-suffix -Wl,--enable-auto-import -Wl,--enable-runtime-pseudo-reloc -Wl,--allow-multiple-definition   conftest.c  -Wl,-s  -Le:/progra~1/gnuwin32/lib -lgw32c  -liberty -lintl -liconv -lwsock32 -lole32 -luuid -lmsvcp60   >&5
conftest.c: In function `main':
conftest.c:132: warning: unused variable `cs'
configure:30953: $? = 0
configure:30957: test -z 
			 || test ! -s conftest.err
configure:30960: $? = 0
configure:30963: test -s conftest.exe
configure:30966: $? = 0
configure:30979: result: yes
configure:30991: checking for LC_MESSAGES
configure:31012: gcc -o conftest.exe  -Wall -O3 -fms-extensions -mms-bitfields  -fno-exceptions -fomit-frame-pointer -march=i386 -mcpu=i686     -D__GW32__ -D_LARGEFILE_SOURCE=1 -D_LARGEFILE64_SOURCE=1 -D_FILE_OFFSET_BITS=64 -D_MSC_VER    -idirafter e:/progra~1/gnuwin32/include -idirafter h:/glibc/include     -Wl,-s -Wl,--force-exe-suffix -Wl,--enable-auto-import -Wl,--enable-runtime-pseudo-reloc -Wl,--allow-multiple-definition   conftest.c  -Wl,-s  -Le:/progra~1/gnuwin32/lib -lgw32c  -liberty -lintl -liconv -lwsock32 -lole32 -luuid -lmsvcp60   >&5
configure:31018: $? = 0
configure:31022: test -z 
			 || test ! -s conftest.err
configure:31025: $? = 0
configure:31028: test -s conftest.exe
configure:31031: $? = 0
configure:31043: result: yes
configure:31063: checking for bison
configure:31079: found /usr/bin/bison
configure:31089: result: bison
configure:31102: checking version of bison
configure:31111: result: 1.875, ok
configure:31133: checking for CFPreferencesCopyAppValue
configure:31191: result: no
configure:31200: checking for CFLocaleCopyCurrent
configure:31258: result: no
configure:31275: checking whether NLS is requested
configure:31284: result: yes
configure:31300: checking whether included gettext is requested
configure:31310: result: no
configure:31321: checking for GNU gettext in libc
configure:31345: gcc -o conftest.exe  -Wall -O3 -fms-extensions -mms-bitfields  -fno-exceptions -fomit-frame-pointer -march=i386 -mcpu=i686     -D__GW32__ -D_LARGEFILE_SOURCE=1 -D_LARGEFILE64_SOURCE=1 -D_FILE_OFFSET_BITS=64 -D_MSC_VER    -idirafter e:/progra~1/gnuwin32/include -idirafter h:/glibc/include     -Wl,-s -Wl,--force-exe-suffix -Wl,--enable-auto-import -Wl,--enable-runtime-pseudo-reloc -Wl,--allow-multiple-definition   conftest.c  -Wl,-s  -Le:/progra~1/gnuwin32/lib -lgw32c  -liberty -lintl -liconv -lwsock32 -lole32 -luuid -lmsvcp60   >&5
m:\temp/cc4ecaaa.o(.text+0x77):conftest.c: undefined reference to `_nl_domain_bindings'
configure:31351: $? = 1
configure: failed program was:
| /* confdefs.h.  */
| 
| #define PACKAGE_NAME ""
| #define PACKAGE_TARNAME ""
| #define PACKAGE_VERSION ""
| #define PACKAGE_STRING ""
| #define PACKAGE_BUGREPORT ""
| #define PACKAGE "gettext-runtime"
| #define VERSION "0.14.4"
| #define _GNU_SOURCE 1
| #define STDC_HEADERS 1
| #define HAVE_SYS_TYPES_H 1
| #define HAVE_SYS_STAT_H 1
| #define HAVE_STDLIB_H 1
| #define HAVE_STRING_H 1
| #define HAVE_MEMORY_H 1
| #define HAVE_STRINGS_H 1
| #define HAVE_INTTYPES_H 1
| #define HAVE_STDINT_H 1
| #define HAVE_UNISTD_H 1
| #define __EXTENSIONS__ 1
| #define HAVE_DLFCN_H 1
| #ifdef __cplusplus
| extern "C" void std::exit (int) throw (); using std::exit;
| #endif
| #define INSTALLPREFIX "c:/progra~1/Gettext"
| #define ENABLE_RELOCATABLE 1
| #define HAVE_STRING_H 1
| #define HAVE__BOOL 1
| #define HAVE_STDBOOL_H 1
| #define HAVE_ALLOCA_H 1
| #define HAVE_ALLOCA 1
| #define HAVE_STDLIB_H 1
| #define HAVE_STRING_H 1
| #define HAVE_STDLIB_H 1
| #define MALLOC_0_IS_NONNULL 1
| #define HAVE_LONG_LONG 1
| #define HAVE_LONG_DOUBLE 1
| #define HAVE_VPRINTF 1
| #define HAVE_SETLOCALE 1
| #define HAVE_STRERROR 1
| #define HAVE_ATEXIT 1
| #define HAVE_MEMMOVE 1
| #define HAVE_GETOPT_H 1
| #define HAVE_GETOPT_LONG_ONLY 1
| #define __GETOPT_PREFIX rpl_
| #define HAVE_UNISTD_H 1
| #define HAVE_SETENV 1
| #define HAVE_UNSETENV 1
| #define HAVE_STRERROR 1
| #define HAVE_ISASCII 1
| #define HAVE_STRTOUL 1
| #define HAVE_DECL_CLEARERR_UNLOCKED 0
| #define HAVE_DECL_FEOF_UNLOCKED 1
| #define HAVE_DECL_FERROR_UNLOCKED 1
| #define HAVE_DECL_FFLUSH_UNLOCKED 0
| #define HAVE_DECL_FGETS_UNLOCKED 1
| #define HAVE_DECL_FPUTC_UNLOCKED 1
| #define HAVE_DECL_FPUTS_UNLOCKED 1
| #define HAVE_DECL_FREAD_UNLOCKED 1
| #define HAVE_DECL_FWRITE_UNLOCKED 1
| #define HAVE_DECL_GETC_UNLOCKED 1
| #define HAVE_DECL_GETCHAR_UNLOCKED 1
| #define HAVE_DECL_PUTC_UNLOCKED 1
| #define HAVE_DECL_PUTCHAR_UNLOCKED 1
| #define USE_UNLOCKED_IO 1
| #define HAVE_DECL_STRERROR_R 0
| #define HAVE_STRERROR_R 1
| #define STRERROR_R_CHAR_P 1
| #define HAVE_SYS_PARAM_H 1
| #define HAVE_READLINK 1
| #define HAVE_CANONICALIZE_FILE_NAME 1
| #define HAVE_WCHAR_T 1
| #define HAVE_WINT_T 1
| #define HAVE_INTTYPES_H_WITH_UINTMAX 1
| #define HAVE_STDINT_H_WITH_UINTMAX 1
| #define HAVE_INTMAX_T 1
| #define HAVE_STDLIB_H 1
| #define HAVE_UNISTD_H 1
| #define HAVE_GETPAGESIZE 1
| #define INTDIV0_RAISES_SIGFPE 1
| #define HAVE_UNSIGNED_LONG_LONG 1
| #define HAVE_UINTMAX_T 1
| #define HAVE_INTTYPES_H 1
| #define HAVE_STDINT_H 1
| #define HAVE_STDINT_H 1
| #define HAVE_ARGZ_H 1
| #define HAVE_LIMITS_H 1
| #define HAVE_LOCALE_H 1
| #define HAVE_NL_TYPES_H 1
| #define HAVE_MALLOC_H 1
| #define HAVE_STDDEF_H 1
| #define HAVE_STDLIB_H 1
| #define HAVE_STRING_H 1
| #define HAVE_UNISTD_H 1
| #define HAVE_SYS_PARAM_H 1
| #define HAVE_ASPRINTF 1
| #define HAVE_FWPRINTF 1
| #define HAVE_GETCWD 1
| #define HAVE_GETEGID 1
| #define HAVE_GETEUID 1
| #define HAVE_GETGID 1
| #define HAVE_GETUID 1
| #define HAVE_MEMPCPY 1
| #define HAVE_MUNMAP 1
| #define HAVE_PUTENV 1
| #define HAVE_SETENV 1
| #define HAVE_SETLOCALE 1
| #define HAVE_SNPRINTF 1
| #define HAVE_STPCPY 1
| #define HAVE_STRCASECMP 1
| #define HAVE_STRDUP 1
| #define HAVE_STRTOUL 1
| #define HAVE_TSEARCH 1
| #define HAVE_WCSLEN 1
| #define HAVE___ARGZ_COUNT 1
| #define HAVE___ARGZ_STRINGIFY 1
| #define HAVE___ARGZ_NEXT 1
| #define HAVE___FSETLOCKING 1
| #define HAVE_DECL__SNPRINTF 1
| #define HAVE_DECL__SNWPRINTF 1
| #define HAVE_DECL_FEOF_UNLOCKED 1
| #define HAVE_DECL_FGETS_UNLOCKED 1
| #define HAVE_DECL_GETC_UNLOCKED 1
| #define HAVE_ICONV 1
| #define ICONV_CONST const
| #define HAVE_LANGINFO_CODESET 1
| #define HAVE_LC_MESSAGES 1
| /* end confdefs.h.  */
| #include <libintl.h>
| extern int _nl_msg_cat_cntr;
| extern int *_nl_domain_bindings;
| int
| main ()
| {
| bindtextdomain ("", "");
| return * gettext ("") + * ngettext ("", "", 0) + _nl_msg_cat_cntr + *_nl_domain_bindings
|   ;
|   return 0;
| }
configure:31376: result: no
configure:31759: checking for GNU gettext in libintl
configure:31791: gcc -o conftest.exe  -Wall -O3 -fms-extensions -mms-bitfields  -fno-exceptions -fomit-frame-pointer -march=i386 -mcpu=i686     -D__GW32__ -D_LARGEFILE_SOURCE=1 -D_LARGEFILE64_SOURCE=1 -D_FILE_OFFSET_BITS=64 -D_MSC_VER    -idirafter e:/progra~1/gnuwin32/include -idirafter h:/glibc/include      -Wl,-s -Wl,--force-exe-suffix -Wl,--enable-auto-import -Wl,--enable-runtime-pseudo-reloc -Wl,--allow-multiple-definition   conftest.c  -Wl,-s  -Le:/progra~1/gnuwin32/lib -lgw32c  -liberty -lintl -liconv -lwsock32 -lole32 -luuid -lmsvcp60   -lintl >&5
configure:31797: $? = 0
configure:31801: test -z 
			 || test ! -s conftest.err
configure:31804: $? = 0
configure:31807: test -s conftest.exe
configure:31810: $? = 0
configure:31882: result: yes
configure:31938: checking whether to use NLS
configure:31940: result: yes
configure:31943: checking where the gettext function comes from
configure:31954: result: included intl directory
configure:32051: checking for perl
configure:32069: found /usr/bin/perl
configure:32082: result: /usr/bin/perl
configure:32098: checking for g++
configure:32124: result: g++
configure:32136: checking whether the C++ compiler (g++   -Wall -O3 -fms-extensions -mms-bitfields  -fno-exceptions -fomit-frame-pointer -march=i386 -mcpu=i686    -fconserve-space -fno-rtti    -Wl,-s -Wl,--force-exe-suffix -Wl,--enable-auto-import -Wl,--enable-runtime-pseudo-reloc -Wl,--allow-multiple-definition  ) works
configure:32147: g++ -o conftest.exe   -Wall -O3 -fms-extensions -mms-bitfields  -fno-exceptions -fomit-frame-pointer -march=i386 -mcpu=i686    -fconserve-space -fno-rtti     -D__GW32__ -D_LARGEFILE_SOURCE=1 -D_LARGEFILE64_SOURCE=1 -D_FILE_OFFSET_BITS=64 -D_MSC_VER    -idirafter e:/progra~1/gnuwin32/include -idirafter h:/glibc/include     -Wl,-s -Wl,--force-exe-suffix -Wl,--enable-auto-import -Wl,--enable-runtime-pseudo-reloc -Wl,--allow-multiple-definition   conftest.cc  -Wl,-s  -Le:/progra~1/gnuwin32/lib -lgw32c  -liberty -liconv -lwsock32 -lole32 -luuid -lmsvcp60   >&5
configure:32150: $? = 0
configure:32168: result: yes
configure:32173: checking whether the C++ compiler supports namespaces
configure:32187: g++ -o conftest.exe   -Wall -O3 -fms-extensions -mms-bitfields  -fno-exceptions -fomit-frame-pointer -march=i386 -mcpu=i686    -fconserve-space -fno-rtti     -D__GW32__ -D_LARGEFILE_SOURCE=1 -D_LARGEFILE64_SOURCE=1 -D_FILE_OFFSET_BITS=64 -D_MSC_VER    -idirafter e:/progra~1/gnuwin32/include -idirafter h:/glibc/include     -Wl,-s -Wl,--force-exe-suffix -Wl,--enable-auto-import -Wl,--enable-runtime-pseudo-reloc -Wl,--allow-multiple-definition   conftest.cc  -Wl,-s  -Le:/progra~1/gnuwin32/lib -lgw32c  -liberty -liconv -lwsock32 -lole32 -luuid -lmsvcp60   >&5
configure:32190: $? = 0
configure:32203: result: yes
configure:32395: creating ./config.status

## ---------------------- ##
## Running config.status. ##
## ---------------------- ##

This file was extended by config.status, which was
generated by GNU Autoconf 2.59.  Invocation command line was

  CONFIG_FILES    = 
  CONFIG_HEADERS  = 
  CONFIG_LINKS    = 
  CONFIG_COMMANDS = 
  $ ./config.status 

on gamma

config.status:803: creating Makefile
config.status:803: creating doc/Makefile
config.status:803: creating intl/Makefile
config.status:803: creating intl-java/Makefile
config.status:803: creating intl-csharp/Makefile
config.status:803: creating lib/Makefile
config.status:803: creating lib/javacomp.sh
config.status:803: creating lib/csharpcomp.sh
config.status:803: creating src/Makefile
config.status:803: creating src/gettext.sh
config.status:803: creating po/Makefile.in
config.status:803: creating man/Makefile
config.status:803: creating man/x-to-1
config.status:803: creating m4/Makefile
config.status:916: creating config.h
config.status:1468: executing depfiles commands
config.status:1468: executing default-1 commands
configure:33968: configuring in libasprintf
configure:34085: running /bin/sh '../../../gettext-0.14.4-src/gettext-runtime/libasprintf/configure' --prefix=c:/progra~1/Gettext  '--prefix=c:/progra~1/Gettext' '--srcdir=../gettext-0.14.4-src' '--disable-static' '--enable-shared' '--enable-relocatable' '--disable-libasprintf' '--cache-file=/dev/null' '--srcdir=../../gettext-0.14.4-src/gettext-runtime' --cache-file=/dev/null --srcdir=../../../gettext-0.14.4-src/gettext-runtime/libasprintf

## ---------------- ##
## Cache variables. ##
## ---------------- ##

ac_cv_build=i386-pc-mingw32
ac_cv_build_alias=i386-pc-mingw32
ac_cv_c_compiler_gnu=yes
ac_cv_c_const=yes
ac_cv_c_inline=inline
ac_cv_cxx_compiler_gnu=yes
ac_cv_env_CC_set=
ac_cv_env_CC_value=
ac_cv_env_CFLAGS_set=
ac_cv_env_CFLAGS_value=
ac_cv_env_CPPFLAGS_set=
ac_cv_env_CPPFLAGS_value=
ac_cv_env_CPP_set=
ac_cv_env_CPP_value=
ac_cv_env_CXXCPP_set=
ac_cv_env_CXXCPP_value=
ac_cv_env_CXXFLAGS_set=
ac_cv_env_CXXFLAGS_value=
ac_cv_env_CXX_set=
ac_cv_env_CXX_value=
ac_cv_env_F77_set=
ac_cv_env_F77_value=
ac_cv_env_FFLAGS_set=
ac_cv_env_FFLAGS_value=
ac_cv_env_LDFLAGS_set=
ac_cv_env_LDFLAGS_value=
ac_cv_env_build_alias_set=
ac_cv_env_build_alias_value=
ac_cv_env_host_alias_set=
ac_cv_env_host_alias_value=
ac_cv_env_target_alias_set=
ac_cv_env_target_alias_value=
ac_cv_exeext=.exe
ac_cv_f77_compiler_gnu=yes
ac_cv_func___argz_count=yes
ac_cv_func___argz_next=yes
ac_cv_func___argz_stringify=yes
ac_cv_func___fsetlocking=yes
ac_cv_func__doprnt=no
ac_cv_func_alloca_works=yes
ac_cv_func_asprintf=yes
ac_cv_func_atexit=yes
ac_cv_func_canonicalize_file_name=yes
ac_cv_func_connect=yes
ac_cv_func_fchdir=no
ac_cv_func_fork=no
ac_cv_func_ftruncate=yes
ac_cv_func_fwprintf=yes
ac_cv_func_getcwd=yes
ac_cv_func_getegid=yes
ac_cv_func_geteuid=yes
ac_cv_func_getgid=yes
ac_cv_func_gethostbyaddr=yes
ac_cv_func_gethostbyname=yes
ac_cv_func_gethostname=yes
ac_cv_func_getopt_long_only=yes
ac_cv_func_getpagesize=yes
ac_cv_func_getuid=yes
ac_cv_func_inet_ntoa=yes
ac_cv_func_isascii=yes
ac_cv_func_malloc_0_nonnull=yes
ac_cv_func_memmove=yes
ac_cv_func_mempcpy=yes
ac_cv_func_mkstemp=yes
ac_cv_func_mmap_fixed_mapped=no
ac_cv_func_munmap=yes
ac_cv_func_putenv=yes
ac_cv_func_readlink=yes
ac_cv_func_select=no
ac_cv_func_setenv=yes
ac_cv_func_setlocale=yes
ac_cv_func_snprintf=yes
ac_cv_func_stpcpy=yes
ac_cv_func_strcasecmp=yes
ac_cv_func_strdup=yes
ac_cv_func_strerror=yes
ac_cv_func_strerror_r=yes
ac_cv_func_strerror_r_char_p=yes
ac_cv_func_strtoul=yes
ac_cv_func_tsearch=yes
ac_cv_func_unsetenv=yes
ac_cv_func_vfork=no
ac_cv_func_vprintf=yes
ac_cv_func_wcslen=yes
ac_cv_func_working_mktime=yes
ac_cv_gnu_library_2=yes
ac_cv_gnu_library_2_1=yes
ac_cv_have_decl__snprintf=yes
ac_cv_have_decl__snwprintf=yes
ac_cv_have_decl_clearerr_unlocked=no
ac_cv_have_decl_feof_unlocked=yes
ac_cv_have_decl_ferror_unlocked=yes
ac_cv_have_decl_fflush_unlocked=no
ac_cv_have_decl_fgets_unlocked=yes
ac_cv_have_decl_fputc_unlocked=yes
ac_cv_have_decl_fputs_unlocked=yes
ac_cv_have_decl_fread_unlocked=yes
ac_cv_have_decl_fwrite_unlocked=yes
ac_cv_have_decl_getc_unlocked=yes
ac_cv_have_decl_getchar_unlocked=yes
ac_cv_have_decl_optreset=yes
ac_cv_have_decl_putc_unlocked=yes
ac_cv_have_decl_putchar_unlocked=yes
ac_cv_have_decl_strerror_r=no
ac_cv_header_argz_h=yes
ac_cv_header_dlfcn_h=yes
ac_cv_header_getopt_h=yes
ac_cv_header_inttypes_h=yes
ac_cv_header_limits_h=yes
ac_cv_header_locale_h=yes
ac_cv_header_malloc_h=yes
ac_cv_header_memory_h=yes
ac_cv_header_minix_config_h=no
ac_cv_header_nl_types_h=yes
ac_cv_header_stdbool_h=yes
ac_cv_header_stdc=yes
ac_cv_header_stddef_h=yes
ac_cv_header_stdint_h=yes
ac_cv_header_stdlib_h=yes
ac_cv_header_string_h=yes
ac_cv_header_strings_h=yes
ac_cv_header_sys_param_h=yes
ac_cv_header_sys_stat_h=yes
ac_cv_header_sys_types_h=yes
ac_cv_header_unistd_h=yes
ac_cv_host=i386-pc-mingw32
ac_cv_host_alias=i386-pc-mingw32
ac_cv_lib_error_at_line=yes
ac_cv_objext=o
ac_cv_path_GMSGFMT=/usr/bin/msgfmt
ac_cv_path_MSGFMT=/usr/bin/msgfmt
ac_cv_path_MSGMERGE=/usr/bin/msgmerge
ac_cv_path_PERL=/usr/bin/perl
ac_cv_path_XGETTEXT=:
ac_cv_prog_AWK=gawk
ac_cv_prog_CPP='gcc -E'
ac_cv_prog_CXX=g++
ac_cv_prog_CXXCPP='g++ -E'
ac_cv_prog_INTLBISON=bison
ac_cv_prog_LN_S='cp -fp'
ac_cv_prog_YACC='bison -y'
ac_cv_prog_ac_ct_AR=ar
ac_cv_prog_ac_ct_AS=as
ac_cv_prog_ac_ct_CC=gcc
ac_cv_prog_ac_ct_DLLTOOL=dlltool
ac_cv_prog_ac_ct_F77=g77
ac_cv_prog_ac_ct_OBJDUMP=objdump
ac_cv_prog_ac_ct_RANLIB=ranlib
ac_cv_prog_ac_ct_STRIP=strip
ac_cv_prog_cc_g=yes
ac_cv_prog_cc_stdc=
ac_cv_prog_cxx_cross=no
ac_cv_prog_cxx_g=yes
ac_cv_prog_cxx_works=yes
ac_cv_prog_egrep='grep -E'
ac_cv_prog_f77_g=yes
ac_cv_prog_make_make_set=yes
ac_cv_search_strerror='none required'
ac_cv_sys_file_offset_bits=64
ac_cv_sys_large_files=1
ac_cv_sys_largefile_source=1
ac_cv_type__Bool=yes
ac_cv_type_long_long=yes
ac_cv_type_off_t=yes
ac_cv_type_ptrdiff_t=yes
ac_cv_type_size_t=yes
ac_cv_type_unsigned_long_long=yes
ac_cv_var_tzname=yes
ac_cv_working_alloca_h=yes
acl_cv_hardcode_direct=no
acl_cv_hardcode_libdir_flag_spec='${wl}-rpath ${wl}$libdir'
acl_cv_hardcode_libdir_separator=
acl_cv_hardcode_minus_L=no
acl_cv_libext=a
acl_cv_libpath=PATH
acl_cv_path_LD=ld
acl_cv_prog_gnu_ld=yes
acl_cv_rpath=done
acl_cv_shlibext=dll
acl_cv_shlibpath_var=PATH
acl_cv_wl=-Wl,
am_cv_CC_dependencies_compiler_type=none
am_cv_CXX_dependencies_compiler_type=none
am_cv_func_iconv=yes
am_cv_langinfo_codeset=yes
am_cv_lib_iconv=no
am_cv_proto_iconv='extern size_t iconv (iconv_t cd, const char * *inbuf, size_t *inbytesleft, char * *outbuf, size_t *outbytesleft);'
am_cv_proto_iconv_arg1=const
bh_cv_c_signed=yes
cl_cv_prog_LN='cp -fp'
cl_cv_prog_LN_S='cp -fp'
gl_cv_func_getcwd_null=yes
gl_cv_func_malloc_0_nonnull=1
gl_cv_header_inttypes_h=yes
gl_cv_header_stdint_h=yes
gt_cv_c_intmax_t=yes
gt_cv_c_long_double=yes
gt_cv_c_wchar_t=yes
gt_cv_c_wint_t=yes
gt_cv_func_CFLocaleCopyCurrent=no
gt_cv_func_CFPreferencesCopyAppValue=no
gt_cv_func_gnugettext2_libc=no
gt_cv_func_gnugettext2_libintl=yes
gt_cv_func_printf_posix=no
gt_cv_func_unsetenv_ret=int
gt_cv_header_inttypes_h=yes
gt_cv_int_divbyzero_sigfpe=yes
gt_cv_inttypes_pri_broken=no
gt_cv_prog_cxx_namespaces=yes
gt_cv_ssize_t=yes
gt_cv_val_LC_MESSAGES=yes
lt_cv_deplibs_check_method='file_magic file format pei*-i386(.*architecture: i386)?'
lt_cv_file_magic_cmd='$OBJDUMP -f'
lt_cv_file_magic_test_file=
lt_cv_ld_reload_flag=-r
lt_cv_objdir=.libs
lt_cv_path_LD=ld
lt_cv_path_LDCXX=ld
lt_cv_path_NM=nm
lt_cv_path_SED=/usr/bin/sed
lt_cv_prog_compiler_c_o=yes
lt_cv_prog_compiler_c_o_CXX=yes
lt_cv_prog_compiler_c_o_F77=yes
lt_cv_prog_compiler_rtti_exceptions=no
lt_cv_prog_gnu_ld=yes
lt_cv_prog_gnu_ldcxx=yes
lt_cv_sys_global_symbol_pipe='sed -n -e '\''s/^.*[ 	]\([ABCDGIRSTW][ABCDGIRSTW]*\)[ 	][ 	]*_\([_A-Za-z][_A-Za-z0-9]*\)\{0,1\}$/\1 _\2 \2/p'\'''
lt_cv_sys_global_symbol_to_c_name_address='sed -n -e '\''s/^: \([^ ]*\) $/  {\"\1\", (lt_ptr) 0},/p'\'' -e '\''s/^[BCDEGRST] \([^ ]*\) \([^ ]*\)$/  {"\2", (lt_ptr) \&\2},/p'\'''
lt_cv_sys_global_symbol_to_cdecl='sed -n -e '\''s/^. .* \(.*\)$/extern int \1;/p'\'''
lt_cv_sys_max_cmd_len=8192
lt_lt_cv_prog_compiler_c_o='"yes"'
lt_lt_cv_prog_compiler_c_o_CXX='"yes"'
lt_lt_cv_prog_compiler_c_o_F77='"yes"'
lt_lt_cv_sys_global_symbol_pipe='"sed -n -e '\''s/^.*[ 	]\\([ABCDGIRSTW][ABCDGIRSTW]*\\)[ 	][ 	]*_\\([_A-Za-z][_A-Za-z0-9]*\\)\\{0,1\\}\$/\\1 _\\2 \\2/p'\''"'
lt_lt_cv_sys_global_symbol_to_c_name_address='"sed -n -e '\''s/^: \\([^ ]*\\) \$/  {\\\"\\1\\\", (lt_ptr) 0},/p'\'' -e '\''s/^[BCDEGRST] \\([^ ]*\\) \\([^ ]*\\)\$/  {\"\\2\", (lt_ptr) \\&\\2},/p'\''"'
lt_lt_cv_sys_global_symbol_to_cdecl='"sed -n -e '\''s/^. .* \\(.*\\)\$/extern int \\1;/p'\''"'
nls_cv_force_use_gnu_gettext=no
nls_cv_header_intl=
nls_cv_header_libgt=
nls_cv_use_gnu_gettext=yes

## ----------------- ##
## Output variables. ##
## ----------------- ##

ACLOCAL='${SHELL} /cygdrive/k/Devel/gettext/0.14.4/gettext-0.14.4-src/build-aux/missing --run aclocal-1.9'
ALLOCA=''
ALLOCA_H='alloca.h'
AMDEPBACKSLASH='\'
AMDEP_FALSE='#'
AMDEP_TRUE=''
AMTAR='${SHELL} /cygdrive/k/Devel/gettext/0.14.4/gettext-0.14.4-src/build-aux/missing --run tar'
AR='ar'
AS='as'
AUTOCONF='${SHELL} /cygdrive/k/Devel/gettext/0.14.4/gettext-0.14.4-src/build-aux/missing --run autoconf'
AUTOHEADER='${SHELL} /cygdrive/k/Devel/gettext/0.14.4/gettext-0.14.4-src/build-aux/missing --run autoheader'
AUTOMAKE='${SHELL} /cygdrive/k/Devel/gettext/0.14.4/gettext-0.14.4-src/build-aux/missing --run automake-1.9'
AWK='gawk'
BUILDCSHARP='no'
BUILDJAVA='no'
BUILD_INCLUDED_LIBINTL='yes'
CATOBJEXT='.gmo'
CC='gcc'
CCDEPMODE='depmode=none'
CFLAGS=' -Wall -O3 -fms-extensions -mms-bitfields  -fno-exceptions -fomit-frame-pointer -march=i386 -mcpu=i686  '
CLASSPATH='E:\Program Files\Sleepycat Software\Berkeley DB 4.3.28\jar\dbexamples.jar;E:\Program Files\Sleepycat Software\Berkeley DB 4.3.28\jar\db.jar;E:\Program Files\Sleepycat Software\Berkeley DB 4.3.28\jar\debug\dbexamples.jar;E:\Program Files\Sleepycat Software\Berkeley DB 4.3.28\jar\debug\db.jar'
CLASSPATH_SEPARATOR=';'
CPP='gcc -E'
CPPFLAGS='  -D__GW32__ -D_LARGEFILE_SOURCE=1 -D_LARGEFILE64_SOURCE=1 -D_FILE_OFFSET_BITS=64 -D_MSC_VER    -idirafter e:/progra~1/gnuwin32/include -idirafter h:/glibc/include   '
CROSS_COMPILING='no'
CSHARP_CHOICE='any'
CXX='g++'
CXXCPP='g++ -E'
CXXDEPMODE='depmode=none'
CXXFLAGS='  -Wall -O3 -fms-extensions -mms-bitfields  -fno-exceptions -fomit-frame-pointer -march=i386 -mcpu=i686    -fconserve-space -fno-rtti  '
CYGPATH_W='cygpath -w'
DATADIRNAME='share'
DEFS='-DHAVE_CONFIG_H'
DEPDIR='.deps'
DLLTOOL='dlltool'
ECHO='echo'
ECHO_C=''
ECHO_N='-n'
ECHO_T=''
EGREP='grep -E'
EXEEXT='.exe'
F77='g77'
FFLAGS='-g -O2'
GENCAT='gencat'
GETOPT_H='getopt.h'
GLIBC21='yes'
GLIBC2='yes'
GMSGFMT='/usr/bin/msgfmt'
HAVE_ASPRINTF='1'
HAVE_CSC=''
HAVE_CSCC=''
HAVE_CSCC_IN_PATH=''
HAVE_CSC_IN_PATH=''
HAVE_GCJ_C=''
HAVE_GCJ_IN_PATH=''
HAVE_JAVAC=''
HAVE_JAVAC_IN_PATH=''
HAVE_JIKES=''
HAVE_JIKES_IN_PATH=''
HAVE_MCS=''
HAVE_MCS_IN_PATH=''
HAVE_POSIX_PRINTF='0'
HAVE_SNPRINTF='1'
HAVE_WPRINTF='0'
HAVE__BOOL='1'
INSTALL_DATA='/bin/install.exe -cp'
INSTALL_PROGRAM='$(top_builddir)/../../gettext-0.14.4-src/gettext-runtime/../build-aux/install-reloc'
INSTALL_SCRIPT='${INSTALL}'
INSTALL_STRIP_PROGRAM='${SHELL} $(install_sh) -c -s'
INSTOBJEXT='.mo'
INTLBISON='bison'
INTLLIBS='${top_builddir}/intl/libintl.la '
INTLOBJS='$(GETTOBJS)'
INTL_LIBTOOL_SUFFIX_PREFIX='l'
INTL_MACOSX_LIBS=''
JAR=''
JAVAC=''
LDFLAGS=' -Wl,-s -Wl,--force-exe-suffix -Wl,--enable-auto-import -Wl,--enable-runtime-pseudo-reloc -Wl,--allow-multiple-definition  '
LIBICONV=''
LIBINTL='${top_builddir}/intl/libintl.la '
LIBOBJS=' relocatable$U.o getopt$U.o getopt1$U.o'
LIBS=' -Wl,-s  -Le:/progra~1/gnuwin32/lib -lgw32c  -liberty -liconv -lwsock32 -lole32 -luuid -lmsvcp60  '
LIBTOOL='$(SHELL) $(top_builddir)/libtool'
LN_S='ln -s'
LTLIBICONV=''
LTLIBINTL='${top_builddir}/intl/libintl.la '
LTLIBOBJS=' relocatable$U.lo getopt$U.lo getopt1$U.lo'
MAKEINFO='${SHELL} /cygdrive/k/Devel/gettext/0.14.4/gettext-0.14.4-src/build-aux/missing --run makeinfo'
MKINSTALLDIRS='$(top_builddir)/../../gettext-0.14.4-src/gettext-runtime/../build-aux/mkinstalldirs'
MSGFMT='/usr/bin/msgfmt'
MSGMERGE='/usr/bin/msgmerge'
OBJDUMP='objdump'
OBJEXT='o'
PACKAGE='gettext-runtime'
PACKAGE_BUGREPORT=''
PACKAGE_NAME=''
PACKAGE_STRING=''
PACKAGE_TARNAME=''
PACKAGE_VERSION=''
PATH_SEPARATOR=':'
PERL='/usr/bin/perl'
POSUB='po'
RANLIB='ranlib'
RELOCATABLE='yes'
RELOCATABLE_VIA_LD_FALSE=''
RELOCATABLE_VIA_LD_TRUE='#'
SET_MAKE=''
SET_RELOCATABLE='INSTALL_PROGRAM_ENV = RELOC_LIBRARY_PATH_VAR="PATH" RELOC_LIBRARY_PATH_VALUE="$(RELOCATABLE_LIBRARY_PATH)" RELOC_PREFIX="$(prefix)" RELOC_COMPILE_COMMAND="$(CC) $(CPPFLAGS) $(CFLAGS) $(LDFLAGS)" RELOC_SRCDIR="$(RELOCATABLE_SRC_DIR)" RELOC_BUILDDIR="$(RELOCATABLE_BUILD_DIR)" RELOC_CONFIG_H_DIR="$(RELOCATABLE_CONFIG_H_DIR)" RELOC_INSTALL_PROG="/bin/install.exe -cp"'
SHELL='/bin/sh'
STDBOOL_H=''
STRIP='strip'
SUBDIR_libasprintf=''
USE_INCLUDED_LIBINTL='yes'
USE_NLS='yes'
VERSION='0.14.4'
XGETTEXT=':'
YACC='bison -y'
ac_ct_AR='ar'
ac_ct_AS='as'
ac_ct_CC='gcc'
ac_ct_CXX=''
ac_ct_DLLTOOL='dlltool'
ac_ct_F77='g77'
ac_ct_OBJDUMP='objdump'
ac_ct_RANLIB='ranlib'
ac_ct_STRIP='strip'
am__fastdepCC_FALSE=''
am__fastdepCC_TRUE='#'
am__fastdepCXX_FALSE=''
am__fastdepCXX_TRUE='#'
am__include='include'
am__leading_dot='.'
am__quote=''
am__tar='${AMTAR} chof - "$$tardir"'
am__untar='${AMTAR} xf -'
bindir='${exec_prefix}/bin'
build='i386-pc-mingw32'
build_alias='i386-pc-mingw32'
build_cpu='i386'
build_os='mingw32'
build_vendor='pc'
datadir='${prefix}/share'
docdir='${datadir}/doc/gettext'
exec_prefix='${prefix}'
host='i386-pc-mingw32'
host_alias='i386-pc-mingw32'
host_cpu='i386'
host_os='mingw32'
host_vendor='pc'
includedir='${prefix}/include'
infodir='${prefix}/info'
install_sh='/cygdrive/k/Devel/gettext/0.14.4/gettext-0.14.4-src/build-aux/install-sh'
libdir='${exec_prefix}/lib'
libexecdir='${exec_prefix}/libexec'
localstatedir='${prefix}/var'
mandir='${datadir}/man'
mkdir_p='mkdir -p --'
oldincludedir='/usr/include'
prefix='c:/progra~1/Gettext'
program_transform_name='s,$$,,;s,^,,;s/i386-pc-mingw32//'
sbindir='${exec_prefix}/sbin'
sharedstatedir='${prefix}/com'
subdirs=' libasprintf'
sysconfdir='${prefix}/etc'
target_alias='i386-pc-mingw32'

## ----------- ##
## confdefs.h. ##
## ----------- ##

#define ENABLE_NLS 1
#define ENABLE_RELOCATABLE 1
#define HAVE_ALLOCA 1
#define HAVE_ALLOCA_H 1
#define HAVE_ARGZ_H 1
#define HAVE_ASPRINTF 1
#define HAVE_ATEXIT 1
#define HAVE_CANONICALIZE_FILE_NAME 1
#define HAVE_DECL_CLEARERR_UNLOCKED 0
#define HAVE_DECL_FEOF_UNLOCKED 1
#define HAVE_DECL_FEOF_UNLOCKED 1
#define HAVE_DECL_FERROR_UNLOCKED 1
#define HAVE_DECL_FFLUSH_UNLOCKED 0
#define HAVE_DECL_FGETS_UNLOCKED 1
#define HAVE_DECL_FGETS_UNLOCKED 1
#define HAVE_DECL_FPUTC_UNLOCKED 1
#define HAVE_DECL_FPUTS_UNLOCKED 1
#define HAVE_DECL_FREAD_UNLOCKED 1
#define HAVE_DECL_FWRITE_UNLOCKED 1
#define HAVE_DECL_GETCHAR_UNLOCKED 1
#define HAVE_DECL_GETC_UNLOCKED 1
#define HAVE_DECL_GETC_UNLOCKED 1
#define HAVE_DECL_PUTCHAR_UNLOCKED 1
#define HAVE_DECL_PUTC_UNLOCKED 1
#define HAVE_DECL_STRERROR_R 0
#define HAVE_DECL__SNPRINTF 1
#define HAVE_DECL__SNWPRINTF 1
#define HAVE_DLFCN_H 1
#define HAVE_FWPRINTF 1
#define HAVE_GETCWD 1
#define HAVE_GETEGID 1
#define HAVE_GETEUID 1
#define HAVE_GETGID 1
#define HAVE_GETOPT_H 1
#define HAVE_GETOPT_LONG_ONLY 1
#define HAVE_GETPAGESIZE 1
#define HAVE_GETUID 1
#define HAVE_ICONV 1
#define HAVE_INTMAX_T 1
#define HAVE_INTTYPES_H 1
#define HAVE_INTTYPES_H 1
#define HAVE_INTTYPES_H_WITH_UINTMAX 1
#define HAVE_ISASCII 1
#define HAVE_LANGINFO_CODESET 1
#define HAVE_LC_MESSAGES 1
#define HAVE_LIMITS_H 1
#define HAVE_LOCALE_H 1
#define HAVE_LONG_DOUBLE 1
#define HAVE_LONG_LONG 1
#define HAVE_MALLOC_H 1
#define HAVE_MEMMOVE 1
#define HAVE_MEMORY_H 1
#define HAVE_MEMPCPY 1
#define HAVE_MUNMAP 1
#define HAVE_NL_TYPES_H 1
#define HAVE_PUTENV 1
#define HAVE_READLINK 1
#define HAVE_SETENV 1
#define HAVE_SETENV 1
#define HAVE_SETLOCALE 1
#define HAVE_SETLOCALE 1
#define HAVE_SNPRINTF 1
#define HAVE_STDBOOL_H 1
#define HAVE_STDDEF_H 1
#define HAVE_STDINT_H 1
#define HAVE_STDINT_H 1
#define HAVE_STDINT_H 1
#define HAVE_STDINT_H_WITH_UINTMAX 1
#define HAVE_STDLIB_H 1
#define HAVE_STDLIB_H 1
#define HAVE_STDLIB_H 1
#define HAVE_STDLIB_H 1
#define HAVE_STDLIB_H 1
#define HAVE_STPCPY 1
#define HAVE_STRCASECMP 1
#define HAVE_STRDUP 1
#define HAVE_STRERROR 1
#define HAVE_STRERROR 1
#define HAVE_STRERROR_R 1
#define HAVE_STRINGS_H 1
#define HAVE_STRING_H 1
#define HAVE_STRING_H 1
#define HAVE_STRING_H 1
#define HAVE_STRING_H 1
#define HAVE_STRTOUL 1
#define HAVE_STRTOUL 1
#define HAVE_SYS_PARAM_H 1
#define HAVE_SYS_PARAM_H 1
#define HAVE_SYS_STAT_H 1
#define HAVE_SYS_TYPES_H 1
#define HAVE_TSEARCH 1
#define HAVE_UINTMAX_T 1
#define HAVE_UNISTD_H 1
#define HAVE_UNISTD_H 1
#define HAVE_UNISTD_H 1
#define HAVE_UNISTD_H 1
#define HAVE_UNSETENV 1
#define HAVE_UNSIGNED_LONG_LONG 1
#define HAVE_VPRINTF 1
#define HAVE_WCHAR_T 1
#define HAVE_WCSLEN 1
#define HAVE_WINT_T 1
#define HAVE__BOOL 1
#define HAVE___ARGZ_COUNT 1
#define HAVE___ARGZ_NEXT 1
#define HAVE___ARGZ_STRINGIFY 1
#define HAVE___FSETLOCKING 1
#define ICONV_CONST const
#define INSTALLPREFIX "c:/progra~1/Gettext"
#define INTDIV0_RAISES_SIGFPE 1
#define MALLOC_0_IS_NONNULL 1
#define PACKAGE "gettext-runtime"
#define PACKAGE_BUGREPORT ""
#define PACKAGE_NAME ""
#define PACKAGE_STRING ""
#define PACKAGE_TARNAME ""
#define PACKAGE_VERSION ""
#define STDC_HEADERS 1
#define STRERROR_R_CHAR_P 1
#define USE_UNLOCKED_IO 1
#define VERSION "0.14.4"
#define _GNU_SOURCE 1
#define __EXTENSIONS__ 1
#define __GETOPT_PREFIX rpl_
#endif
#ifdef __cplusplus
extern "C" void std::exit (int) throw (); using std::exit;

configure: exit 0

## ---------------------- ##
## Running config.status. ##
## ---------------------- ##

This file was extended by config.status, which was
generated by GNU Autoconf 2.59.  Invocation command line was

  CONFIG_FILES    = 
  CONFIG_HEADERS  = 
  CONFIG_LINKS    = 
  CONFIG_COMMANDS = 
  $ ./config.status 

on gamma

config.status:803: creating Makefile
config.status:803: creating doc/Makefile
config.status:803: creating intl/Makefile
config.status:803: creating intl-java/Makefile
config.status:803: creating intl-csharp/Makefile
config.status:803: creating lib/Makefile
config.status:803: creating lib/javacomp.sh
config.status:803: creating lib/csharpcomp.sh
config.status:803: creating src/Makefile
config.status:803: creating src/gettext.sh
config.status:803: creating po/Makefile.in
config.status:803: creating man/Makefile
config.status:803: creating man/x-to-1
config.status:803: creating m4/Makefile
config.status:916: creating config.h
config.status:1468: executing depfiles commands
config.status:1468: executing default-1 commands

## ---------------------- ##
## Running config.status. ##
## ---------------------- ##

This file was extended by config.status, which was
generated by GNU Autoconf 2.59.  Invocation command line was

  CONFIG_FILES    = 
  CONFIG_HEADERS  = 
  CONFIG_LINKS    = 
  CONFIG_COMMANDS = 
  $ ./config.status 

on gamma

config.status:803: creating Makefile
config.status:803: creating doc/Makefile
config.status:803: creating intl/Makefile
config.status:803: creating intl-java/Makefile
config.status:803: creating intl-csharp/Makefile
config.status:803: creating lib/Makefile
config.status:803: creating lib/javacomp.sh
config.status:803: creating lib/csharpcomp.sh
config.status:803: creating src/Makefile
config.status:803: creating src/gettext.sh
config.status:803: creating po/Makefile.in
config.status:803: creating man/Makefile
config.status:803: creating man/x-to-1
config.status:803: creating m4/Makefile
config.status:916: creating config.h
config.status:1288: config.h is unchanged
config.status:1468: executing depfiles commands
config.status:1468: executing default-1 commands

## ---------------------- ##
## Running config.status. ##
## ---------------------- ##

This file was extended by config.status, which was
generated by GNU Autoconf 2.59.  Invocation command line was

  CONFIG_FILES    = 
  CONFIG_HEADERS  = 
  CONFIG_LINKS    = 
  CONFIG_COMMANDS = 
  $ ./config.status 

on gamma

config.status:803: creating Makefile
config.status:803: creating doc/Makefile
config.status:803: creating intl/Makefile
config.status:803: creating intl-java/Makefile
config.status:803: creating intl-csharp/Makefile
config.status:803: creating lib/Makefile
config.status:803: creating lib/javacomp.sh
config.status:803: creating lib/csharpcomp.sh
config.status:803: creating src/Makefile
config.status:803: creating src/gettext.sh
config.status:803: creating po/Makefile.in
config.status:803: creating man/Makefile
config.status:803: creating man/x-to-1
config.status:803: creating m4/Makefile
config.status:916: creating config.h
config.status:1288: config.h is unchanged
config.status:1468: executing depfiles commands
config.status:1468: executing default-1 commands

## ---------------------- ##
## Running config.status. ##
## ---------------------- ##

This file was extended by config.status, which was
generated by GNU Autoconf 2.59.  Invocation command line was

  CONFIG_FILES    = 
  CONFIG_HEADERS  = 
  CONFIG_LINKS    = 
  CONFIG_COMMANDS = 
  $ ./config.status lib/Makefile

on gamma

config.status:803: creating lib/Makefile

## ---------------------- ##
## Running config.status. ##
## ---------------------- ##

This file was extended by config.status, which was
generated by GNU Autoconf 2.59.  Invocation command line was

  CONFIG_FILES    = 
  CONFIG_HEADERS  = 
  CONFIG_LINKS    = 
  CONFIG_COMMANDS = 
  $ ./config.status src/Makefile

on gamma

config.status:803: creating src/Makefile

## ---------------------- ##
## Running config.status. ##
## ---------------------- ##

This file was extended by config.status, which was
generated by GNU Autoconf 2.59.  Invocation command line was

  CONFIG_FILES    = 
  CONFIG_HEADERS  = 
  CONFIG_LINKS    = 
  CONFIG_COMMANDS = 
  $ ./config.status src/Makefile

on gamma

config.status:803: creating src/Makefile

## ---------------------- ##
## Running config.status. ##
## ---------------------- ##

This file was extended by config.status, which was
generated by GNU Autoconf 2.59.  Invocation command line was

  CONFIG_FILES    = 
  CONFIG_HEADERS  = 
  CONFIG_LINKS    = 
  CONFIG_COMMANDS = 
  $ ./config.status src/Makefile

on gamma

config.status:803: creating src/Makefile

## ---------------------- ##
## Running config.status. ##
## ---------------------- ##

This file was extended by config.status, which was
generated by GNU Autoconf 2.59.  Invocation command line was

  CONFIG_FILES    = 
  CONFIG_HEADERS  = 
  CONFIG_LINKS    = 
  CONFIG_COMMANDS = 
  $ ./config.status src/Makefile

on gamma

config.status:803: creating src/Makefile

## ---------------------- ##
## Running config.status. ##
## ---------------------- ##

This file was extended by config.status, which was
generated by GNU Autoconf 2.59.  Invocation command line was

  CONFIG_FILES    = 
  CONFIG_HEADERS  = 
  CONFIG_LINKS    = 
  CONFIG_COMMANDS = 
  $ ./config.status src/Makefile

on gamma

config.status:803: creating src/Makefile

## ---------------------- ##
## Running config.status. ##
## ---------------------- ##

This file was extended by config.status, which was
generated by GNU Autoconf 2.59.  Invocation command line was

  CONFIG_FILES    = 
  CONFIG_HEADERS  = 
  CONFIG_LINKS    = 
  CONFIG_COMMANDS = 
  $ ./config.status 

on gamma

config.status:803: creating Makefile
config.status:803: creating doc/Makefile
config.status:803: creating intl/Makefile
config.status:803: creating intl-java/Makefile
config.status:803: creating intl-csharp/Makefile
config.status:803: creating lib/Makefile
config.status:803: creating lib/javacomp.sh
config.status:803: creating lib/csharpcomp.sh
config.status:803: creating src/Makefile
config.status:803: creating src/gettext.sh
config.status:803: creating po/Makefile.in
config.status:803: creating man/Makefile
config.status:803: creating man/x-to-1
config.status:803: creating m4/Makefile
config.status:916: creating config.h
config.status:1288: config.h is unchanged
config.status:1468: executing depfiles commands
config.status:1468: executing default-1 commands

## ---------------------- ##
## Running config.status. ##
## ---------------------- ##

This file was extended by config.status, which was
generated by GNU Autoconf 2.59.  Invocation command line was

  CONFIG_FILES    = 
  CONFIG_HEADERS  = 
  CONFIG_LINKS    = 
  CONFIG_COMMANDS = 
  $ ./config.status src/Makefile

on gamma

config.status:803: creating src/Makefile
